{
  "algorithm": "safe_ppo",
  "seed": 0,
  "epochs": 150,
  "epoch_returns": [
    -178.75869366526604,
    -179.44596580862998,
    -182.18146968483924,
    -180.46447175741196,
    -175.72168676257132,
    -175.62250612676144,
    -173.5661800056696,
    -174.69993035793306,
    -176.48675939142703,
    -174.29050022065638,
    -169.39211119115353,
    -174.37626865804197,
    -174.21569142639638,
    -177.1588758945465,
    -177.0896978676319,
    -177.02273301780224,
    -173.87574377655983,
    -175.53353244364263,
    -176.38810562491417,
    -175.15757104754448,
    -166.3177624017,
    -166.484122723341,
    -161.53171450793744,
    -169.88029200732709,
    -171.77513268887998,
    -161.36265869438648,
    -160.16932115256787,
    -158.49419537782668,
    -160.34600715339184,
    -155.63015739619732,
    -154.67099986076354,
    -160.1596555262804,
    -155.18482348024844,
    -167.5428428053856,
    -148.5336176455021,
    -148.5979466408491,
    -150.9857974678278,
    -140.4449926942587,
    -114.85001958608628,
    -125.52620811760426,
    -110.3999337643385,
    -89.47902119727362,
    -47.50059652328491,
    -103.49075269699097,
    -70.41625682061368,
    -57.43395865815027,
    -28.767198660156943,
    -50.53456273533049,
    -41.65617001056671,
    -32.58661697398532,
    -23.208582309159365,
    -6.500713877055956,
    -2.074487927285108,
    2.743884732325872,
    -2.76694046932718,
    -6.841206379558729,
    12.488068406780561,
    1.7741452527046204,
    10.742886128524939,
    15.149982635974885,
    7.115943498909473,
    14.072482225795587,
    8.937314696609974,
    18.946825444698334,
    32.54562654318633,
    30.87278058912073,
    23.56870746391791,
    32.59226369857788,
    32.2788736139025,
    34.97683676768993,
    31.44598536831992,
    34.95091008036225,
    33.591818143214496,
    30.81051046318478,
    38.418055631717046,
    30.80541449359485,
    39.45501828988393,
    35.476658062140146,
    33.922116881814496,
    35.631968037835485,
    36.05813377326535,
    34.11767112181104,
    44.53963668418653,
    39.95320695439975,
    39.49812947114309,
    44.890701833793095,
    37.90839449564616,
    45.4397889827237,
    45.240117071306,
    44.41076264598153,
    47.63459747689111,
    41.18508514203131,
    44.20642796790961,
    42.850072380374456,
    44.66792267911575,
    49.87289106218439,
    46.70836674835947,
    50.92185572452016,
    47.50166741738448,
    49.825713493757775,
    41.08635269291699,
    43.46577890770776,
    47.24122282862663,
    48.18416681482985,
    44.19436680569368,
    45.882459201131546,
    47.110550585720276,
    47.88718446364274,
    50.17971620434209,
    49.08550761358158,
    50.99343594461679,
    47.56738991672928,
    41.18020784132408,
    39.658735715981685,
    39.28839214146137,
    41.41441187087227,
    43.6685996055603,
    43.80562898516655,
    43.89237220254209,
    46.550815870887355,
    47.10570795441929,
    46.89454190151112,
    49.23229851325353,
    48.74124770133923,
    48.701016335189344,
    53.57346519082785,
    41.399098575115204,
    41.21468074532116,
    44.92013541630336,
    44.04164014203208,
    45.63742562466197,
    43.166299649410774,
    46.54249222697438,
    48.30471924188975,
    50.10558132330576,
    51.75096844404172,
    48.06764064843838,
    49.79582044035196,
    50.585674447171826,
    46.4998108347257,
    48.181423108319976,
    48.809111806907154,
    48.747783926817085,
    51.09794389743071,
    49.217662407801704,
    48.46194007267823,
    52.05764496937776,
    50.44403618413049,
    50.288348619639876,
    49.406135467382576
  ],
  "epoch_costs": [
    0.0,
    0.0,
    0.0,
    0.0,
    0.0,
    0.0,
    0.0,
    0.0,
    0.0,
    0.0,
    0.0,
    0.0,
    0.0,
    0.0,
    0.0,
    0.0,
    0.0,
    0.0,
    0.0,
    0.0,
    0.0,
    0.0,
    0.0,
    0.0,
    0.0,
    0.0,
    0.0,
    0.0,
    0.014918707311153412,
    0.0,
    0.0,
    0.0,
    0.0,
    0.0,
    0.07464798167347908,
    0.09215909913182259,
    0.24087747782468796,
    1.4168843388557435,
    3.085066294670105,
    2.7670450404286386,
    4.407475658506155,
    2.060691477287383,
    7.4103835835343315,
    8.953755012899638,
    5.071049126711759,
    10.170764002062025,
    10.261010434817184,
    19.088431727318536,
    19.50819491559551,
    14.109488088298928,
    15.847085994075645,
    24.940432844602544,
    30.34493523971601,
    25.697475594157975,
    25.66712421308393,
    20.747618497713752,
    26.69178328042229,
    22.762019901871682,
    26.788108677292865,
    23.65377340555191,
    32.13059934104482,
    33.23688045578698,
    28.184345515444875,
    33.714168208837506,
    30.732455191236955,
    24.40333354845643,
    29.588147203679437,
    27.72141963828887,
    31.914066649441207,
    30.091530636980615,
    37.10828134311097,
    38.9805073539416,
    35.39691348161016,
    33.87616334634799,
    36.17338098386924,
    39.23270185557859,
    30.30833085924387,
    27.24318336000045,
    37.13725656116831,
    38.01603713374713,
    29.930850005438252,
    40.0087130028626,
    25.548933016982946,
    34.49967789500952,
    39.145752994219464,
    23.962339796338764,
    36.67414960116148,
    28.710153249628615,
    28.591482177376747,
    33.20748076339563,
    21.950269933257783,
    29.312777045182884,
    29.39504481129574,
    24.77694783228285,
    27.407566773540832,
    17.94075186746685,
    23.224738968743218,
    19.75637111854222,
    19.428969498421694,
    23.221528446094858,
    33.13167739612982,
    24.229826688340733,
    27.271573311265776,
    20.28638405413241,
    30.81298798103543,
    28.503758345331466,
    24.049941795981592,
    19.735933705761624,
    16.63643766665145,
    18.068667659485662,
    10.977702675387263,
    16.118064615372067,
    35.059130212574296,
    35.75167854626974,
    37.64068782888353,
    29.882068673039186,
    27.26865548321179,
    21.573946913911236,
    17.39783606098758,
    15.710059533385854,
    15.639860153590378,
    17.318966610608875,
    12.978146486557447,
    13.24016289298351,
    11.554684011638164,
    10.220151878520847,
    37.14187877997756,
    28.74369606594829,
    24.361318525671958,
    25.041399881669452,
    19.0702971994049,
    21.560213442063993,
    19.973337553240157,
    15.086052538575354,
    13.11783771789991,
    10.038801682301056,
    13.561888880836658,
    10.171397642046212,
    23.05505172250902,
    24.312842959331142,
    15.947741292215682,
    12.604957459788574,
    10.150018087946451,
    12.621930999251513,
    10.721127603298578,
    15.652194190669704,
    13.56121881153339,
    15.635342372430337,
    8.715696763992309,
    10.709879768582491
  ],