{
  "algorithm": "safe_ppo",
  "seed": 2,
  "epochs": 150,
  "epoch_returns": [
    -182.09104309380055,
    -175.3905889004469,
    -177.78103332221508,
    -182.91564144194126,
    -174.66826626360415,
    -173.63671619296073,
    -172.41422798633576,
    -168.21705767214297,
    -163.8852425247431,
    -160.51101704537868,
    -161.28573141992092,
    -162.60949911177158,
    -161.76764937937259,
    -166.44487417638302,
    -162.0841739922762,
    -156.08560016155243,
    -154.83456565737725,
    -152.63176240324975,
    -151.34966887533665,
    -153.74602256119252,
    -155.385299500823,
    -155.8338148266077,
    -154.1036154806614,
    -153.35979329347612,
    -151.02197758853436,
    -153.78304022550583,
    -149.87033478617667,
    -152.6819907516241,
    -147.8114713817835,
    -150.35221188962458,
    -147.501549834013,
    -147.8437544107437,
    -150.25563112795354,
    -152.04720921218396,
    -147.26524497270583,
    -150.46499708592893,
    -148.14980319142342,
    -150.6515150755644,
    -146.93395262360573,
    -147.02006287574767,
    -148.58434627950191,
    -146.6539131462574,
    -148.31986807584764,
    -147.38267669975758,
    -147.40682869255542,
    -146.5374951004982,
    -146.9511218190193,
    -147.50767591297625,
    -146.86373473405837,
    -143.85636574029922,
    -145.37812583744525,
    -143.2196720391512,
    -137.63187764585018,
    -132.19595046937465,
    -127.92954337596893,
    -127.32260598242283,
    -129.40395661890506,
    -125.64352438747883,
    -125.60676946043968,
    -118.79399026632309,
    -122.02966363132,
    -112.9986426860094,
    -110.65658115744591,
    -105.20613844096661,
    -102.52727985978126,
    -97.3920128017664,
    -96.67009429037572,
    -90.07912246882915,
    -85.67892988324165,
    -78.85589564144611,
    -48.59288875758648,
    -4.610293243612562,
    -12.557883398873466,
    -27.97808864003136,
    -6.788741534406489,
    -19.921249176774705,
    9.88447242975235,
    5.21648987585848,
    -2.972413311833921,
    8.39996267358462,
    23.211399294435978,
    22.634900221824648,
    22.349785258372624,
    18.431159991285075,
    25.025041843454044,
    20.877402045726775,
    14.062988430261612,
    23.214942049980163,
    30.609408305241512,
    30.82622449044828,
    35.690318513799596,
    22.370238712200752,
    37.41063638244356,
    38.4113291906459,
    40.359269978671236,
    41.86427169851959,
    45.41723861838832,
    46.11119479817503,
    42.05459521623219,
    47.43278684218725,
    47.5867917212573,
    47.65920574963093,
    48.09429516111101,
    47.081512654821076,
    51.12447522345342,
    49.534752598175636,
    49.86862729530077,
    48.504735721124185,
    47.941681957244874,
    48.517887908059194,
    49.29959630805093,
    51.350948246625755,
    50.155214351084496,
    42.94858430325985,
    44.68418289348483,
    47.01219779072386,
    50.437406957149506,
    50.770635938958115,
    46.822257000046804,
    43.92006969451904,
    47.16880334229083,
    44.72919299322016,
    46.88484008247788,
    50.62154673745758,
    48.24602262393849,
    48.95260213707623,
    48.19130315121851,
    49.32469577514208,
    48.74740683268278,
    36.819195566574734,
    39.40662347525358,
    41.06896322593093,
    43.4786231143134,
    46.031230721208786,
    43.36460763878293,
    44.05831015620913,
    46.679277623311066,
    45.96889629730811,
    47.32381346134039,
    50.35113567266709,
    42.22242836040609,
    45.881711254517235,
    42.57426837171827,
    46.169751810060966,
    47.175863640873054,
    50.662490028142926,
    48.995312452316284,
    45.90316690947559,
    46.634324180452445,
    49.36220048482601
  ],
  "epoch_costs": [
    0.0,
    0.0,
    0.0,
    0.0,
    0.0,
    0.0,
    0.0,
    0.0,
    0.0,
    0.0,
    0.0,
    0.0,
    0.0,
    0.0,
    0.0,
    0.0,
    0.0,
    0.0,
    0.0,
    0.0,
    0.0,
    0.0,
    0.0,
    0.0,
    0.0,
    0.0,
    0.0,
    0.0,
    0.0,
    0.0,
    0.0,
    0.0,
    0.0,
    0.0,
    0.0,
    0.0,
    0.0,
    0.0,
    0.0,
    0.0,
    0.0,
    0.0,
    0.0,
    0.0,
    0.0,
    0.0,
    0.0,
    0.0,
    0.0,
    0.015373528003692627,
    0.0,
    0.8674909122288227,
    0.7440692245960235,
    2.5851183377206324,
    4.094050747156143,
    3.3247702695429324,
    3.6902846336364745,
    3.72658029794693,
    4.560958079993725,
    5.670630107820034,
    5.516921380162239,
    7.4627296954393385,
    9.737465750426054,
    21.479506950080395,
    23.911527298390865,
    24.22126399502158,
    27.22938152477145,
    28.035990051180125,
    27.658271034061908,
    30.358981139957905,
    31.684106916189194,
    31.585124287576903,
    34.02655362870012,
    35.613898084277196,
    38.03676622564142,
    36.115991283740314,
    30.744130121036008,
    34.61576460911469,
    36.54530454718548,
    36.940030527611576,
    36.260910461346306,
    35.35173571765423,
    41.40855075170597,
    44.69187453453956,
    40.85715299844742,
    44.39458169877529,
    43.013793824240565,
    45.95006417632103,
    42.43782014285143,
    36.91806815619822,
    38.41374053833661,
    40.27877097748793,
    34.58820865782244,
    32.17664306664041,
    26.81231236868891,
    20.62687790999189,
    22.182609358068667,
    24.141415013986474,
    23.588421657681465,
    27.170239713607412,
    25.934245279341035,
    21.826295335673624,
    23.728680640033314,
    24.137343189368647,
    15.032249933010654,
    13.715371789458471,
    17.24999158930134,
    17.46361135026893,
    23.326468480910574,
    17.963789475125235,
    16.867011947003572,
    12.55117567227437,
    18.369625512510538,
    39.35967032518238,
    33.86152600962669,
    31.91180994971232,
    15.800581266221247,
    15.30435769416784,
    15.22104008536081,
    27.488458998288426,
    21.079479751554697,
    29.916676562060328,
    22.752523851555747,
    15.94203322498422,
    19.852549088967812,
    18.55370957600443,
    15.543729325658397,
    13.091698763080132,
    13.446996849316816,
    49.70663467794657,
    39.05894842231646,
    41.273547884076834,
    29.7113596533026,
    22.733846535285313,
    23.539983573887085,
    25.60999291709491,
    15.602057803135652,
    14.854248403738707,
    13.73596992630225,
    13.891916773640192,
    31.070256001370794,
    24.443760376837517,
    26.090955377476558,
    22.48785973803417,
    15.27988885421502,
    13.677934896945953,
    15.70277295777431,
    19.72852786972716,
    14.9962805101746,
    11.74343152802724
  ],