{
  "algorithm": "safe_ppo",
  "seed": 0,
  "epochs": 150,
  "epoch_returns": [
    -178.75869366526604,
    -179.2764982521534,
    -181.22974860668182,
    -180.87549093961715,
    -175.1459898173809,
    -175.9538479089737,
    -171.78187082707882,
    -176.3963228404522,
    -176.74990184903146,
    -171.45226787030697,
    -168.25555867552757,
    -173.73148008584977,
    -166.12314661741257,
    -164.34355607032776,
    -162.57971641123294,
    -159.01975795328616,
    -158.1186509460211,
    -156.25192705988883,
    -156.45096399486064,
    -153.68923387527465,
    -148.94932437837124,
    -151.8295369297266,
    -146.7781294286251,
    -152.12450742125512,
    -149.96578563451766,
    -145.1693619161844,
    -147.86039428412914,
    -149.05474018752574,
    -149.23735934495926,
    -148.24863274991512,
    -149.6561338096857,
    -148.58030765354633,
    -146.47174230217934,
    -147.6698441505432,
    -146.23392251729965,
    -145.42570436894894,
    -147.78246117830275,
    -145.71225384175779,
    -147.30453079044818,
    -145.83266135156154,
    -147.47889980971814,
    -144.94316868185996,
    -142.72537207603455,
    -125.65482948720455,
    -121.70719560086727,
    -124.73636392056942,
    -126.45222053229809,
    -115.9114503055811,
    -70.01290124952793,
    -94.40833907723427,
    -108.50253620743752,
    -78.88016757965087,
    -60.94973246455193,
    -28.636681947112084,
    -63.18055419623852,
    -35.692159190773964,
    -3.670131734439305,
    -32.075401161398204,
    -29.122007588545483,
    -34.689167754216626,
    -5.9965628955675205,
    3.628887518592503,
    9.735595811968265,
    8.111379576226076,
    -3.9783096494882004,
    4.109006959459056,
    31.22763290313574,
    34.750054344534874,
    29.48043637584757,
    23.799243013858796,
    31.737687748891336,
    26.028308974372017,
    28.041827349751085,
    30.88793201137472,
    37.638013514979136,
    27.788503086566926,
    42.33558126034275,
    34.92442537418434,
    39.60165504018466,
    39.51609548528989,
    42.85468929633498,
    36.27450864068393,
    42.85860594548285,
    38.44356479446093,
    43.71153239292257,
    46.531557000735226,
    43.071923760697246,
    48.02416794810976,
    42.370491257219605,
    46.904911623682295,
    45.10273974257357,
    48.74488159247807,
    48.87752249917469,
    45.39521119424275,
    47.00777586301168,
    49.06535584862168,
    47.559822991490364,
    49.58115989440366,
    45.719172330463635,
    50.8441570809013,
    49.73988402856363,
    48.0224592798465,
    46.61930088826588,
    47.541354205873276,
    46.5779555340608,
    44.94777009767645,
    44.95044841596059,
    46.124726218335766,
    48.79433490728077,
    49.71369506217338,
    49.4583202851446,
    42.74157852810972,
    46.17917855688044,
    44.62303468750583,
    44.10484830992562,
    47.56715075593246,
    46.41491901552355,
    46.51333573863313,
    44.188854082993096,
    44.64199093646474,
    46.92278414964676,
    48.8862882805498,
    46.86227575186137,
    49.306567601467435,
    48.60613423433059,
    49.64243689714334,
    50.20779752884156,
    49.44283489333956,
    47.67290854140332,
    47.394334904245426,
    45.923427931360294,
    44.93876957248997,
    42.444712325930595,
    45.2163926701288,
    47.68054476380348,
    50.41226759701967,
    46.22487535759022,
    50.22249472439289,
    48.089547466009094,
    51.616085558365555,
    48.529447130466764,
    46.2635239330498,
    45.72813162932525,
    46.16668944529125,
    46.05911205874549,
    44.03458591302236,
    46.301124669410086,
    48.72600755019066,
    48.12340389341116,
    48.82787566035986
  ],
  "epoch_costs": [
    0.0,
    0.0,
    0.0,
    0.0,
    0.0,
    0.0,
    0.0,
    0.0,
    0.0,
    0.0,
    0.0,
    0.0,
    0.0,
    0.0,
    0.0,
    0.0,
    0.0,
    0.0,
    0.0,
    0.0,
    0.0,
    0.0,
    0.0,
    0.0,
    0.0,
    0.0,
    0.0,
    0.0,
    0.0,
    0.0,
    0.0,
    0.0,
    0.0,
    0.0,
    0.0,
    0.0,
    0.0,
    0.0,
    0.0,
    0.0,
    0.0,
    0.0,
    0.0,
    0.01726211979985237,
    0.40643408969044686,
    0.3133212588727474,
    0.5260175123810769,
    0.9911093287169933,
    5.200025295466185,
    4.914861711859703,
    3.9157588943839072,
    3.3015222251415253,
    6.260037236660719,
    10.175556985288859,
    15.862252885103226,
    16.59997078627348,
    18.52549356789816,
    20.260802494628088,
    21.97905427572273,
    25.717089218849484,
    23.115884464072145,
    29.352871683628663,
    35.16317498165628,
    34.56587611883879,
    28.31589262964933,
    37.598256008132644,
    32.4626047490881,
    29.011395523058518,
    25.348209052726073,
    38.34560038149357,
    35.8732456697358,
    35.10675103576095,
    34.9004083491034,
    35.571089087812986,
    28.864356889806945,
    47.8679803532362,
    23.78386519416686,
    39.16622960886785,
    31.885731616119543,
    30.59164684911569,
    28.12548864306882,
    41.95079714573663,
    33.93629678245634,
    38.18840873291095,
    30.21175803813864,
    27.19562739046181,
    33.760486538521945,
    25.96311742748533,
    33.45578190142458,
    27.54020539820194,
    28.592451586442834,
    25.47251087980611,
    21.261415356719816,
    25.64934099018574,
    21.385585796915823,
    17.280824053529148,
    24.71696386610468,
    19.28794360043187,
    29.813517073059785,
    18.816446369415836,
    21.83461786564943,
    22.30543908315736,
    25.69173068659646,
    25.24801993038919,
    24.094658909572495,
    31.310740895131055,
    27.327966675588062,
    30.190689306925325,
    19.37115860495128,
    19.900886928310264,
    17.388367076845544,
    28.045382158721196,
    23.231251938520252,
    23.74003237320317,
    25.089354428223203,
    19.023953203700092,
    19.17313288877139,
    22.686467573046684,
    30.157081473299435,
    23.27566623687744,
    17.17462957846491,
    17.004267625510693,
    20.65583490197723,
    17.978936141650927,
    18.904189656560238,
    15.613299467242681,
    14.847667604302748,
    16.821832158847858,
    17.82098160723322,
    20.281446598268843,
    22.300745742546546,
    20.831454503777866,
    23.20314742086662,
    21.86151815306496,
    15.2993346715444,
    10.913761276379228,
    17.026528612171347,
    12.94633097462356,
    11.467118004193672,
    11.838909479670036,
    15.924754323143707,
    20.535675854699033,
    19.98915188376968,
    26.14650837097849,
    24.118864725861286,
    23.75796986867984,
    20.655752148579907,
    15.729590149262012,
    10.994029682129622,
    9.730126716941594
  ],