{
  "algorithm": "ppo",
  "seed": 1,
  "epochs": 150,
  "epoch_returns": [
    -181.69765654802322,
    -178.43317985534668,
    -177.25427048504352,
    -172.92015228271484,
    -176.02767003178596,
    -168.9069863975048,
    -176.59142874777316,
    -173.79751450121404,
    -172.350265994668,
    -169.09889348745347,
    -170.4703807026148,
    -169.06860095858573,
    -170.9664731502533,
    -170.23193361461162,
    -169.12800565361977,
    -171.67630398273468,
    -170.1717066526413,
    -167.22321196496486,
    -168.42763999700546,
    -162.96822446584702,
    -166.52684679329394,
    -172.8053422510624,
    -171.33221034109593,
    -175.48833338618277,
    -169.91718340218068,
    -174.22714332044126,
    -173.15809304118156,
    -177.06164546608926,
    -171.85805802941323,
    -172.87888796031476,
    -171.56237102746962,
    -175.12897663414478,
    -174.12990362346173,
    -167.87551976144314,
    -172.18732347786425,
    -171.91532504856588,
    -175.90743627250194,
    -168.7394859611988,
    -167.3600821852684,
    -169.34269751906396,
    -170.61957910954953,
    -161.7496241390705,
    -172.3046285867691,
    -168.16721325218677,
    -165.6998374938965,
    -163.97129161655903,
    -166.29501074552536,
    -169.18492361307145,
    -163.5343030244112,
    -159.30293335616588,
    -159.75425120592118,
    -162.41104014217854,
    -161.71001821458339,
    -162.27676600515844,
    -153.63707002401352,
    -157.97066673636436,
    -154.07902327477933,
    -142.49231567680835,
    -144.16527746915818,
    -145.86343007981776,
    -145.06463824510575,
    -144.599265190959,
    -136.1444637209177,
    -127.31512678861618,
    -140.64541177749635,
    -143.47057444155217,
    -128.40288764536382,
    -136.251305565238,
    -132.451653110981,
    -127.42855333685876,
    -123.48375907838344,
    -126.98907354176045,
    -123.8554873496294,
    -125.2190026730299,
    -123.84343092739581,
    -95.27647680342197,
    -92.41638113856315,
    -82.20895815491676,
    -92.4568271189928,
    -74.94699938595295,
    -69.44528977572918,
    -92.420769739151,
    -53.21371721653711,
    8.665965432706086,
    17.875851256847383,
    7.853658396264781,
    10.402956503132978,
    11.055374598503112,
    25.60407202332108,
    17.73101713336431,
    23.554273401315395,
    31.001353653413908,
    37.47869764730848,
    34.92309677159345,
    32.682238718559,
    32.37628970344861,
    35.62264774585592,
    29.9320659185278,
    39.2131752371788,
    35.54205331302458,
    44.38421572699691,
    44.64853461041595,
    39.309584583005595,
    43.82456200789003,
    42.143604600068294,
    46.790259285553084,
    43.599975889219955,
    45.277103359049015,
    46.74844733708434,
    42.707523439611705,
    46.624932524136135,
    47.25668406983217,
    49.94196254171823,
    44.81722364988592,
    44.49839456213845,
    42.144060402257104,
    44.45090264413092,
    46.26683613232204,
    43.61905651262828,
    47.366376073736895,
    48.25943690691239,
    46.959247303975594,
    47.701884608010985,
    49.84753914098991,
    49.743827747671226,
    49.49324454649074,
    45.63767135483878,
    42.86225201913289,
    47.01577791571617,
    47.37626141937155,
    49.086979444089685,
    46.79205483842541,
    46.33281880133861,
    50.366448590159415,
    47.87189606395928,
    50.007731925218536,
    52.313963516456326,
    47.286543023586276,
    42.29128595915708,
    44.53656189805932,
    41.62809066386784,
    44.49449966243795,
    45.57193490366141,
    48.08962551599894,
    49.54528446380909,
    51.49523598253727,
    47.38350038936264,
    49.38038243391575,
    49.20786058444243,
    49.36128395795822
  ],
  "epoch_costs": [
    0.0,
    0.0,
    0.0,
    0.0,
    0.0,
    0.0,
    0.0,
    0.0,
    0.0,
    0.0,
    0.0,
    0.0,
    0.0,
    0.0,
    0.0,
    0.0,
    0.0,
    0.0,
    0.0,
    0.0,
    0.0,
    0.0,
    0.0,
    0.0,
    0.0,
    0.0,
    0.0,
    0.0,
    0.0,
    0.0,
    0.0,
    0.0,
    0.0,
    0.0,
    0.0,
    0.0,
    0.0,
    0.0,
    0.0,
    0.0,
    0.0,
    0.0,
    0.0,
    0.0,
    0.0,
    0.0,
    0.0,
    0.0,
    0.0,
    0.0,
    0.0,
    0.0,
    0.0,
    0.0,
    0.0,
    0.0,
    0.0,
    1.158256684243679,
    0.6932557307183741,
    0.34943844825029363,
    0.47666873633861523,
    0.2373553544282912,
    1.72970829680562,
    3.3411768391728396,
    1.9667563974857327,
    0.5231271229684352,
    3.221970088034868,
    0.7506223507225511,
    2.1248659297823904,
    3.352138648927211,
    3.3724306859076014,
    3.172241150587797,
    4.089637982845305,
    3.6166964516043665,
    5.836784784495831,
    6.489099471271038,
    6.983322859555481,
    7.091067945212126,
    9.137551006674766,
    8.020231894403697,
    7.485463634878395,
    11.046345958858728,
    11.434176070349556,
    16.876742102529693,
    18.42036069393158,
    30.571678225760873,
    29.47877080179751,
    28.191902015209198,
    18.795960649847984,
    25.7334221595755,
    29.737312727822708,
    23.08755556334342,
    23.588748732517505,
    35.15466595910214,
    25.337093764338,
    24.217007854084173,
    32.38211190546381,
    31.742784334153963,
    30.544276281710594,
    25.075464451024608,
    26.530943472277034,
    20.970396076187942,
    34.29053123103034,
    24.54546871036291,
    21.580967208652787,
    14.697345801301905,
    23.890951611101627,
    24.402222622976158,
    18.228499472141266,
    18.530908897093365,
    23.455614273888724,
    19.97117634365956,
    15.001234307100898,
    20.42811446305778,
    18.075495662374628,
    17.425481457369667,
    20.284438714798952,
    24.887082052230834,
    24.341017170889035,
    16.429355057446582,
    13.229382705229979,
    17.24493100031002,
    20.436523791503262,
    18.4359008842393,
    14.954692646076804,
    18.2550467792395,
    23.876511413710457,
    25.140686299971172,
    24.44762840384946,
    15.431918854384046,
    16.63469442882036,
    20.419735866623956,
    19.512618018163217,
    12.214855593815447,
    18.874977515355962,
    13.382294281553,
    7.42259832453437,
    22.27161103274141,
    29.14744298160076,
    16.59990766644478,
    28.44050571453922,
    19.081582790693723,
    19.813748110499645,
    11.47243821888398,
    10.377033666922497,
    7.191689935699105,
    9.47264235898068,
    11.507997007324146,
    9.883337423205376,
    7.451431769132614
  ],