{
  "algorithm": "ppo",
  "seed": 2,
  "epochs": 150,
  "epoch_returns": [
    -179.19720993936062,
    -180.47528708577155,
    -181.09998094439507,
    -182.8387522816658,
    -177.19665297567843,
    -176.108569586277,
    -177.10678572952747,
    -173.94760706722735,
    -175.50087197721004,
    -177.78843914866448,
    -179.0666497349739,
    -178.79883165955545,
    -180.32099309563637,
    -181.4794388562441,
    -178.55301294326782,
    -177.16360846161842,
    -181.46165123283862,
    -178.87897312045098,
    -178.26843537390232,
    -172.60565626621246,
    -180.24849604964257,
    -174.39138784110546,
    -175.66660705208778,
    -176.52852874696254,
    -170.49222798645496,
    -166.35348441898822,
    -163.8913767129183,
    -161.01608900129796,
    -157.78409384191036,
    -155.61555372178555,
    -151.34026725292205,
    -151.12911190986634,
    -149.30837391614915,
    -151.0591775327921,
    -149.79628179371358,
    -153.5728637903929,
    -149.30621628165244,
    -152.22354314625264,
    -148.95650714039803,
    -145.92182972729205,
    -149.9126800596714,
    -145.58425837755203,
    -147.807333779335,
    -145.76966564059256,
    -146.11572546064855,
    -145.55994104146959,
    -147.32280645668507,
    -145.3806995034218,
    -147.9794706761837,
    -141.96408481895924,
    -144.10845218300818,
    -144.458821991086,
    -136.48382705152034,
    -138.94247074127196,
    -136.92833932042123,
    -129.95051836967468,
    -135.19276852607726,
    -138.24568507671356,
    -131.89178333878516,
    -132.01605627834797,
    -138.59961273372173,
    -136.46997122466564,
    -136.12589327692984,
    -131.04999868869783,
    -131.3882373571396,
    -127.88863889575005,
    -128.64615622758865,
    -125.59533230364323,
    -126.37508980333806,
    -117.86793031692505,
    -116.74690045416355,
    -118.07903715670109,
    -118.50305641293525,
    -115.52746541798115,
    -110.65117293596268,
    -115.91394047737121,
    -108.49542228579521,
    -109.97522339522838,
    -102.47585689127445,
    -102.00697224736214,
    -101.34470289349557,
    -94.54401775598527,
    -85.15199362337589,
    -81.39828534722328,
    -69.65457644760609,
    -39.80397026836872,
    6.6794581873850385,
    21.28748104883277,
    -9.889840546108427,
    23.090176647124082,
    23.02805157502492,
    5.330669037673784,
    2.8535708499991377,
    6.64448693005935,
    16.117833981911343,
    18.97219884643952,
    25.525425257782143,
    14.062747535606226,
    22.166821892062824,
    25.094637100696563,
    23.643172080516816,
    29.960672864547142,
    17.867668046951295,
    36.4489460322592,
    32.34883041892733,
    35.76011396731649,
    36.08019133763654,
    39.5593196359174,
    43.351645708084106,
    42.049006655360714,
    47.9008961558342,
    47.285460248589516,
    48.804093057618424,
    46.20316796667046,
    48.12362255983882,
    47.14425859848658,
    44.05613514780998,
    49.82860191166401,
    52.35676140377396,
    47.242224946215345,
    50.544095671490616,
    50.66399552371051,
    49.565889270682085,
    50.939309387634964,
    47.79684580338968,
    44.90447591079606,
    47.84285093481476,
    47.20598394967414,
    47.36071422199408,
    44.47971795967647,
    49.618467839864586,
    51.47478335648775,
    47.26147628635974,
    46.34652857247152,
    46.024629294872284,
    43.955194159916466,
    48.30835438096845,
    48.49485597702173,
    49.007599213184456,
    46.752994411870056,
    42.77808279461331,
    44.99463464440526,
    43.35534595315521,
    46.063320137359,
    48.20263986556958,
    47.25935832812236,
    46.72432822141892,
    45.12334356025646,
    48.40104741485495,
    45.441836913949565
  ],
  "epoch_costs": [
    0.0,
    0.0,
    0.0,
    0.0,
    0.0,
    0.0,
    0.0,
    0.0,
    0.0,
    0.0,
    0.0,
    0.0,
    0.0,
    0.0,
    0.0,
    0.0,
    0.0,
    0.0,
    0.0,
    0.0,
    0.0,
    0.0,
    0.0,
    0.0,
    0.0,
    0.0,
    0.0,
    0.0,
    0.0,
    0.0,
    0.0,
    0.0,
    0.0,
    0.0,
    0.0,
    0.0,
    0.0,
    0.0,
    0.0,
    0.0,
    0.0,
    0.0,
    0.0,
    0.0,
    0.0,
    0.0,
    0.0,
    0.0,
    0.0,
    0.008733472973108287,
    0.00810535699129103,
    0.040348661690950374,
    0.39432186558842647,
    0.5617699936032293,
    0.9176816262304781,
    1.627301255613565,
    1.408672893792391,
    0.6052316561341284,
    1.4917269580066201,
    1.8600483313202854,
    1.0038041070103645,
    0.8950947947800157,
    0.950683957338333,
    1.9405535452067848,
    1.9749444656074047,
    1.823695515841245,
    2.123309667408466,
    2.4323926627635957,
    4.121841581910848,
    6.6817624099552635,
    5.43263278529048,
    6.167776677757502,
    7.9753434278070925,
    8.880040366202593,
    11.956735519319773,
    9.880432380735874,
    11.649231803417205,
    12.721157725900412,
    18.28515376970172,
    20.48454929217696,
    16.389072128385305,
    22.90648033171892,
    22.401201826334,
    23.32275669872761,
    25.444935029745103,
    27.45608489215374,
    30.01679036088965,
    31.943661126753558,
    38.048547149414105,
    35.387593016028404,
    38.64970953514179,
    39.397896875505865,
    38.59338997628378,
    42.03885131944781,
    37.473869709918894,
    43.488113131995,
    44.66028591183325,
    42.366794995342694,
    46.63120115920901,
    44.08904851555824,
    40.46291299045086,
    36.02996217344816,
    42.795527055859566,
    40.46086761852106,
    36.00992387160659,
    37.65107862651348,
    34.73270976117679,
    37.20352385989551,
    37.374673972527184,
    26.925531164263234,
    23.829873437540872,
    18.076243818220163,
    24.65365149343715,
    18.995343074616457,
    20.97943679284718,
    21.14275187626481,
    24.747288563233965,
    22.76679101710518,
    16.43682010275753,
    17.379324324227667,
    15.738466003615605,
    16.096333001111006,
    16.767631867214252,
    13.64396024781924,
    15.865336535347474,
    21.02035833688246,
    19.284356621874345,
    18.859495044560045,
    22.38924844480223,
    25.0194475378309,
    13.812450006986277,
    9.56275282613933,
    17.433862178309543,
    16.827025767219695,
    20.968858393530052,
    25.045549942765916,
    19.996198408104277,
    12.697642559424425,
    14.128569616339146,
    13.791752704272145,
    24.030155233210987,
    18.145467193948257,
    19.581560991503096,
    18.21767166297178,
    13.999255363375713,
    11.86912647386392,
    11.949468096479391,
    13.513552653946375,
    13.197881684883646,
    11.977872018751345
  ],