{
  "algorithm": "safe_ppo",
  "seed": 2,
  "epochs": 150,
  "epoch_returns": [
    -182.09104309380055,
    -175.1713395923376,
    -178.57582335472108,
    -182.26972711980343,
    -173.81308635771273,
    -175.69743560552598,
    -177.1824378103018,
    -175.29908421337603,
    -175.56087161302565,
    -171.8806546986103,
    -171.8831378608942,
    -176.2628498017788,
    -175.9490006953478,
    -179.69444799721242,
    -179.44267781078815,
    -176.32962839901447,
    -173.22037281095982,
    -169.23620158433914,
    -165.72017859220506,
    -164.3316340237856,
    -165.07380661964416,
    -166.66751669347286,
    -169.13696255385875,
    -171.05477925539017,
    -173.87398472130297,
    -174.0188062161207,
    -169.53988618552685,
    -176.82970802783967,
    -177.34603012800216,
    -175.18757762610912,
    -173.12076408565045,
    -172.54551180005075,
    -177.92680184841157,
    -176.73515885174274,
    -170.4202683210373,
    -177.18800928592682,
    -178.3823867201805,
    -181.1061621248722,
    -175.78256721794605,
    -170.5190680861473,
    -172.23561956882477,
    -167.23373054862023,
    -168.9598681986332,
    -163.61256103515626,
    -164.0375613927841,
    -163.59220572412013,
    -162.8733824670315,
    -158.9000816732645,
    -164.17545058727265,
    -160.38663155436515,
    -167.3492849469185,
    -170.4907261133194,
    -167.83928581774234,
    -166.74250904023648,
    -161.51390433311462,
    -161.38916049301625,
    -162.57168397009372,
    -167.62982414066792,
    -166.49341602921487,
    -165.76442790031433,
    -169.36811240315438,
    -166.1159475058317,
    -170.5100476205349,
    -162.15383513867855,
    -161.44988455176355,
    -164.4317983865738,
    -164.33504573106765,
    -159.72014557123185,
    -162.22345797121525,
    -162.77684818506242,
    -166.6317459255457,
    -161.54211542010307,
    -163.83857395350933,
    -161.06330140829087,
    -158.10460614860057,
    -159.6530293017626,
    -159.01292704939843,
    -157.7710301041603,
    -148.53002132177352,
    -148.07851224839686,
    -140.1532970994711,
    -141.40850595533848,
    -129.71424442529678,
    -132.04454537928103,
    -88.81004219651223,
    -41.79390056837689,
    -60.97114237433388,
    -54.87863605401733,
    -53.92502567713911,
    -39.175585259561956,
    -24.585006496180657,
    -21.3661070232806,
    -17.751364116867382,
    -16.14202517767747,
    1.4603333622217178,
    9.645700254440307,
    20.73460802206626,
    5.753354687690734,
    14.362999360561371,
    7.249627966880798,
    11.149706509113312,
    17.156548614501954,
    14.925107040405273,
    15.087644178133745,
    15.44329573392868,
    7.774160050428831,
    28.002174450291527,
    27.926248773932457,
    29.996985336908928,
    30.179851519209997,
    34.011535393340246,
    29.937654569745064,
    32.795551495305425,
    34.32316905260086,
    34.90151082852791,
    36.91343397100766,
    36.96432134028404,
    32.81039961658675,
    37.7056985553354,
    38.36933095496276,
    38.429543387889865,
    38.57570522639059,
    40.57654377715341,
    38.18695907195409,
    40.21732790816215,
    44.1365612114177,
    40.129514309492976,
    39.603139586987034,
    39.69706143066287,
    43.15808915916611,
    42.98997922919013,
    43.46724817858023,
    46.86913411617279,
    41.536855306476355,
    44.37649014767479,
    46.40474298265245,
    44.6073299137985,
    43.02129965845276,
    45.39536909759045,
    43.65917998902938,
    47.39994216646467,
    45.25897653273174,
    48.13468994365798,
    44.035630881786346,
    46.634249438257775,
    42.415931943691135,
    46.08909539665495,
    41.233784237876534,
    45.1629454072784,
    45.71063031256199
  ],
  "epoch_costs": [
    0.0,
    0.0,
    0.0,
    0.0,
    0.0,
    0.0,
    0.0,
    0.0,
    0.0,
    0.0,
    0.0,
    0.0,
    0.0,
    0.0,
    0.0,
    0.0,
    0.0,
    0.0,
    0.0,
    0.0,
    0.0,
    0.0,
    0.0,
    0.0,
    0.0,
    0.0,
    0.0,
    0.0,
    0.0,
    0.0,
    0.0,
    0.0,
    0.0,
    0.0,
    0.0,
    0.0,
    0.0,
    0.0,
    0.0,
    0.0,
    0.0,
    0.0,
    0.0,
    0.0,
    0.0,
    0.0,
    0.0,
    0.0,
    0.0,
    0.05142040476202965,
    0.0,
    0.0,
    0.0,
    0.0,
    0.0,
    0.0,
    0.0,
    0.0,
    0.0,
    0.0,
    0.0,
    0.0,
    0.0,
    0.0,
    0.0,
    0.0,
    0.0,
    0.0,
    0.0,
    0.0,
    0.17558131366968155,
    0.0011624209582805634,
    0.0019157864153385162,
    0.043679679930210116,
    0.0,
    0.0,
    0.0,
    0.0,
    0.13646963983774185,
    1.3091313995420932,
    3.084126398712397,
    4.356914626061917,
    11.96329149082303,
    13.48874049782753,
    28.455064336955548,
    23.394155001098458,
    28.776287137752487,
    31.563689086247575,
    29.874846189536832,
    35.97431803851024,
    38.13017077549644,
    41.04372807689335,
    38.7125184542189,
    46.3617375039806,
    43.0671092197299,
    41.67461408674717,
    51.499189065626034,
    44.706487653255465,
    50.833028417229656,
    56.16778888642788,
    47.99400475978851,
    52.02506803572178,
    53.10199322044849,
    54.72126938459965,
    57.76527549624443,
    53.24523471697019,
    56.04678977418829,
    50.40610939423953,
    66.71342276380612,
    55.39800464042595,
    55.22514841545905,
    56.44867085505809,
    55.306218789569265,
    54.537182009425656,
    55.7130133170506,
    50.40042610565821,
    44.58146821106634,
    54.312954482847246,
    42.81778966402635,
    52.03592476043208,
    48.08400602191686,
    44.40882548161091,
    57.493970487652156,
    43.2927897259593,
    43.9407449951095,
    33.829664313617876,
    37.27743132141504,
    43.30469234143534,
    43.826951142866164,
    31.499758106820725,
    40.337161323789395,
    32.77876757348285,
    31.34492610692978,
    43.4187136720866,
    37.001658857307014,
    27.661809905535645,
    32.465381392222994,
    35.54982657905887,
    27.315752806348932,
    34.302922563956066,
    29.222987092392785,
    32.059810393197196,
    27.5491457697418,
    35.21309647641399,
    31.679517343640327,
    36.233930522745304,
    30.8438567923648,
    40.81221161969006,
    33.76287892022554,
    27.27086018357012
  ],