{
  "algorithm": "safe_ppo",
  "seed": 0,
  "epochs": 150,
  "epoch_returns": [
    -178.75869366526604,
    -177.41673891842365,
    -182.44795595109463,
    -181.95659913420678,
    -175.0350958734751,
    -176.85897317528725,
    -171.6117813140154,
    -177.4853691995144,
    -173.30062140822412,
    -168.609838911891,
    -164.21589056849479,
    -170.66048043370247,
    -162.28742732405664,
    -166.08941235244274,
    -163.83038240373133,
    -159.919674795866,
    -158.6762211918831,
    -157.18588542640208,
    -157.32904872894287,
    -155.46484543085097,
    -153.48137603402137,
    -154.1005839973688,
    -149.59087728857995,
    -154.67299593389035,
    -153.76047160029412,
    -150.32700673639775,
    -150.20439181029798,
    -150.98741913437843,
    -151.17733970880508,
    -150.2712878793478,
    -152.85972301363944,
    -150.72165132164955,
    -148.75842739641666,
    -149.583796864748,
    -149.1017988592386,
    -147.3613642692566,
    -148.82082465291023,
    -147.23852297067643,
    -149.70959573686122,
    -149.00359426140784,
    -149.57623314261437,
    -150.21376865208148,
    -150.51550138294698,
    -150.82755464315414,
    -148.6096283376217,
    -150.62944884598255,
    -151.4750023305416,
    -152.08494077920915,
    -152.135040345788,
    -153.22014897763728,
    -151.8602257758379,
    -152.42502232789994,
    -153.43585012853146,
    -153.69753298163414,
    -153.69890031516553,
    -157.37762222290038,
    -155.3878792196512,
    -156.07433634400368,
    -149.7087733209133,
    -153.21245705485345,
    -154.39018744528295,
    -153.81936330497265,
    -157.17641683220864,
    -159.43690632283688,
    -157.2613915681839,
    -158.8264587968588,
    -159.2551290810108,
    -158.009180444479,
    -150.9699860572815,
    -146.99950797259808,
    -149.41752177774907,
    -152.02223917245865,
    -153.2584764868021,
    -144.0906555891037,
    -146.79008717238904,
    -143.61707992851734,
    -143.13515667915345,
    -135.48198509812354,
    -142.83374295532704,
    -125.21948359012603,
    -111.49383365809918,
    -123.35101922154426,
    -112.03264420330524,
    -91.06357397735118,
    -65.04261261820793,
    -37.89073759019375,
    -30.05947691500187,
    -3.333946713379451,
    -42.22430287897587,
    -8.19132346482504,
    -11.576659351587296,
    -14.085977838798003,
    4.380123783241618,
    7.002084016799927,
    3.6307989239692686,
    11.430168366950491,
    -0.39333406361666595,
    12.762059843540191,
    13.736088993457647,
    14.62239857361867,
    19.698217825889586,
    31.560416824287838,
    29.893256249172346,
    29.75762759574822,
    38.04439262613173,
    35.440773185094194,
    36.03191848253382,
    41.99784649764338,
    39.31718264619509,
    43.30641561024117,
    45.87127522400447,
    43.88416730798781,
    48.54916449553437,
    47.235865561498535,
    44.60247837270008,
    40.686721093952656,
    44.72913959622383,
    47.41241089912022,
    44.63231067946463,
    42.07606079801917,
    44.61879041089731,
    47.78804782529672,
    46.36755761419024,
    49.05589406026734,
    48.73099994990561,
    49.0947362310008,
    48.510203646646964,
    47.66198935608069,
    48.39018006457223,
    47.81339240405295,
    46.28079727717808,
    48.83320375713142,
    50.20922421603589,
    44.89762163704092,
    45.67201752915527,
    46.18787736051223,
    47.71845935119523,
    50.632514045045184,
    49.25806739769484,
    50.06537297211195,
    49.633210361003876,
    52.021492048715935,
    49.28227426393612,
    47.46726644379752,
    47.16034800973203,
    46.91928800443808,
    43.322347002370016,
    48.656716105185055,
    48.3075652072827,
    50.17712035545936
  ],
  "epoch_costs": [
    0.0,
    0.0,
    0.0,
    0.0,
    0.0,
    0.0,
    0.0,
    0.0,
    0.0,
    0.0,
    0.0,
    0.0,
    0.0,
    0.0,
    0.0,
    0.0,
    0.0,
    0.0,
    0.0,
    0.0,
    0.0,
    0.0,
    0.0,
    0.0,
    0.0,
    0.0,
    0.0,
    0.0,
    0.0,
    0.0,
    0.0,
    0.0,
    0.0,
    0.0,
    0.0,
    0.0,
    0.0,
    0.0,
    0.0,
    0.0,
    0.0,
    0.0,
    0.0,
    0.0,
    0.0,
    0.0,
    0.0,
    0.0,
    0.0,
    0.0,
    0.0,
    0.0,
    0.0,
    0.0,
    0.0,
    0.0,
    0.0,
    0.0,
    0.0,
    0.0,
    0.0,
    0.0,
    0.0,
    0.0,
    0.0,
    0.0,
    0.0,
    0.0,
    0.0,
    0.0,
    0.0,
    0.0,
    0.0,
    0.0,
    0.0,
    0.016421470791101456,
    0.12627624049782754,
    0.21056491807103156,
    0.0,
    0.5904781326651574,
    2.1058125242590906,
    1.1485192328691483,
    4.2788351908326145,
    6.049242650717497,
    9.145846786350011,
    13.637732015550137,
    13.065884256362915,
    24.218634802670707,
    18.807219029217958,
    19.658726138018427,
    23.320908834311094,
    25.400315977633,
    23.056520588696003,
    24.691095771348994,
    23.781292741298675,
    34.10206766750502,
    39.42472482879054,
    30.069114032387734,
    25.595972867539295,
    26.66135050299076,
    36.30375101745128,
    32.358469289762006,
    29.1001861824521,
    33.259062614291906,
    25.785302201586386,
    29.112754032512505,
    35.739124780071194,
    30.662235568608008,
    36.13083832760652,
    29.345634048635308,
    23.044682547875812,
    34.87472116667777,
    19.985817972156738,
    24.67311873452531,
    32.848948648309005,
    36.01882731867954,
    31.94478298285428,
    28.875009197960882,
    33.93510089408267,
    41.81398599827662,
    32.81707617684322,
    26.222559357268942,
    27.29674550848348,
    25.104773878223366,
    27.235245793230003,
    20.957800255402137,
    23.47873149933042,
    29.178098243557745,
    25.02524035755131,
    26.64140887061755,
    31.833798276526586,
    22.529799941021043,
    22.651073103015488,
    36.13309197037509,
    34.97338916225867,
    33.02586228137507,
    26.318858942637842,
    24.00426881538855,
    25.214130689831155,
    23.221081829384755,
    22.62351384034028,
    15.751162191232046,
    21.43748478108161,
    29.399978026321957,
    28.72194358872043,
    27.54325546572606,
    30.81349918629442,
    20.493626307500037,
    23.300475805170006,
    17.35733556556396
  ],