{
  "algorithm": "safe_ppo",
  "seed": 1,
  "epochs": 150,
  "epoch_returns": [
    -181.15941573381423,
    -179.08958947956563,
    -176.07554175257684,
    -171.79032461941242,
    -174.680575761199,
    -172.5119097739458,
    -176.47134007811547,
    -174.46624250113965,
    -167.67461239397525,
    -168.67700069844722,
    -164.5822430729866,
    -169.73594981133937,
    -168.910389778018,
    -167.30902959406376,
    -164.1980138838291,
    -170.07380654215814,
    -168.1942977309227,
    -170.4785948932171,
    -169.43584203422068,
    -164.23128151893616,
    -167.41221302747726,
    -169.31429068744183,
    -164.93895110487938,
    -158.6790575057268,
    -158.95236144959927,
    -161.8492505699396,
    -155.25255471169947,
    -159.95145353376864,
    -163.34867042303085,
    -158.63754540085793,
    -161.34531518816948,
    -165.45988161861897,
    -161.786947748065,
    -156.6526140511036,
    -160.60229421257972,
    -161.3898232281208,
    -161.06248072385787,
    -156.9450528562069,
    -155.98857278227806,
    -156.6791940897703,
    -158.3363457083702,
    -156.4405965089798,
    -163.83519757688046,
    -158.89762252867223,
    -158.75979073047637,
    -160.7404667109251,
    -155.42631619274616,
    -159.95290912389754,
    -159.31089427471161,
    -158.32102955579757,
    -153.79673187434673,
    -151.41771444678307,
    -147.30996783077717,
    -156.01070751845836,
    -146.77235942184925,
    -149.8785766452551,
    -147.81152495145798,
    -148.7316731929779,
    -133.9118994295597,
    -127.59210658371448,
    -137.62880764007568,
    -110.81926267147064,
    -85.99490338861942,
    -84.72170796096324,
    -34.86609418619247,
    -48.56045066714287,
    -20.36721920967102,
    -22.926577278545924,
    -24.353442693298515,
    -28.842483989217065,
    -3.8811031119389967,
    0.2099464846693951,
    19.84257310628891,
    1.827622740165047,
    8.635426091651121,
    -15.50344540314241,
    14.431684643030167,
    18.578883544756817,
    18.272185898744144,
    29.819894808989304,
    29.231963899400498,
    25.017290470776736,
    36.487712285348344,
    36.98342997829119,
    40.84137306290288,
    43.45626731072703,
    34.421242516616296,
    37.34103578945686,
    36.64586459795634,
    41.85637759134687,
    42.198293839440204,
    39.95367258414626,
    42.32436616854234,
    42.63936310645306,
    44.90830408650286,
    44.37538519075939,
    48.19920137609754,
    46.55937386221356,
    50.955051194398834,
    46.35310024874551,
    46.91373988900866,
    44.70506852037377,
    49.853531900379394,
    47.51969399967709,
    38.30180436949576,
    39.62974959413211,
    38.57093122120826,
    36.45308620559758,
    34.63179014921188,
    40.484002368016675,
    40.349145671352744,
    38.731395883485675,
    41.563707221638076,
    45.18808219092233,
    43.53069686719349,
    47.85742599242612,
    47.90812442804638,
    47.55253056319136,
    49.06438797398617,
    53.28203967958689,
    52.93143197053518,
    45.31608086824417,
    42.38109217671787,
    41.83033578886705,
    43.18568016501034,
    44.61013858488628,
    47.3903888934537,
    46.92839415449845,
    48.43569088429213,
    50.59533669704046,
    44.27986151311133,
    46.09157867045016,
    50.67242213090261,
    46.70213668048382,
    51.04440929492315,
    47.4597893739358,
    49.5910060688069,
    51.3686592310667,
    47.27077094928639,
    47.5881221906135,
    48.450727920274474,
    49.25348187904609,
    50.778279641270636,
    48.452488735700264,
    47.804845365194176,
    49.610156711936,
    48.91649999116596,
    50.01063461523307,
    50.253532059882815,
    46.593285223371105
  ],
  "epoch_costs": [
    0.0,
    0.0,
    0.0,
    0.0,
    0.0,
    0.0,
    0.0,
    0.0,
    0.0,
    0.0,
    0.0,
    0.0,
    0.0,
    0.0,
    0.0,
    0.0,
    0.0,
    0.0,
    0.0,
    0.0,
    0.0,
    0.0,
    0.0,
    0.0,
    0.0,
    0.0,
    0.0,
    0.0,
    0.0,
    0.0,
    0.0,
    0.0,
    0.0,
    0.0,
    0.0,
    0.0,
    0.0,
    0.0,
    0.0,
    0.0,
    0.0,
    0.0,
    0.0,
    0.0,
    0.0,
    0.0,
    0.0,
    0.0,
    0.0,
    0.0,
    0.0,
    0.0,
    0.05065491423010826,
    0.007052440196275711,
    0.0,
    0.07830601036548615,
    0.014642346650362015,
    0.27148915082216263,
    0.7018123209476471,
    0.9008921474218369,
    1.1564915210008622,
    3.149149975180626,
    5.367698157578706,
    4.579282609373331,
    14.75836188736416,
    17.810607170313595,
    21.079092319716107,
    19.70388927417142,
    25.431663726541128,
    23.01358180831779,
    29.81270655854182,
    35.23750749424748,
    42.65826648225387,
    38.04179909307024,
    43.16807127247254,
    35.683062116530806,
    41.66424866206944,
    33.29298440424296,
    34.22087575495243,
    38.019633948229824,
    38.406685450562726,
    35.645069102998136,
    32.62990693375468,
    31.970246979097524,
    24.804693612840868,
    26.765278216331236,
    33.717075116161645,
    43.78601296965418,
    44.19214630573988,
    50.586788275632365,
    32.271822062405676,
    34.108566171489656,
    30.64304654842073,
    33.661578592025876,
    29.652702503344592,
    31.091712980185235,
    26.062508314847946,
    25.59757565624184,
    18.17508093859905,
    25.858135540144783,
    26.02338271694524,
    23.01556273963716,
    22.87026483938098,
    22.10735027371226,
    46.608716780620234,
    51.016471494237585,
    48.33460240642871,
    58.66321603645538,
    46.50677846223116,
    38.44206357453809,
    39.810206623747945,
    40.50844582635909,
    35.021605115948304,
    32.59074288862092,
    26.681900443349566,
    19.972752743253583,
    16.161190049036552,
    16.86639052158908,
    19.98363047289221,
    14.417922208085656,
    18.283618833010014,
    25.12551279531585,
    31.970881306073245,
    30.392694524544126,
    30.25375823106836,
    28.76335056083543,
    17.32085490579668,
    15.47519921197703,
    11.709546617045998,
    12.950010527020845,
    22.53081577643752,
    18.11758810724761,
    12.211404373630499,
    21.660935995893347,
    12.754870019279993,
    9.353909176893723,
    13.454318110487963,
    8.495590760558844,
    16.720274545856423,
    18.05824445619395,
    18.193730578631968,
    13.45275764245736,
    11.577939457073807,
    14.20944366317529,
    11.121376836529144,
    8.33883726336062,
    11.25359367187086,
    12.806575324582425,
    11.860548366841517,
    14.652675956879792
  ],