{
  "algorithm": "safe_ppo",
  "seed": 0,
  "epochs": 150,
  "epoch_returns": [
    -178.75869366526604,
    -177.41673891842365,
    -182.44795595109463,
    -181.95659913420678,
    -175.0350958734751,
    -176.85897317528725,
    -171.6117813140154,
    -177.4853691995144,
    -173.30062140822412,
    -168.609838911891,
    -164.21589056849479,
    -170.66048043370247,
    -162.28742732405664,
    -166.08941235244274,
    -163.83038240373133,
    -159.919674795866,
    -158.6762211918831,
    -157.18588542640208,
    -157.32904872894287,
    -155.46484543085097,
    -153.48137603402137,
    -154.1005839973688,
    -149.59087728857995,
    -154.67299593389035,
    -153.76047160029412,
    -150.32700673639775,
    -150.20439181029798,
    -150.98741913437843,
    -151.17733970880508,
    -150.2712878793478,
    -152.85972301363944,
    -150.72165132164955,
    -148.75842739641666,
    -149.583796864748,
    -149.1017988592386,
    -147.3613642692566,
    -148.82082465291023,
    -147.23852297067643,
    -149.70959573686122,
    -149.00359426140784,
    -149.57623314261437,
    -150.21376865208148,
    -150.51550138294698,
    -150.82755464315414,
    -148.6096283376217,
    -150.62944884598255,
    -151.4750023305416,
    -152.08494077920915,
    -152.135040345788,
    -153.22014897763728,
    -151.8602257758379,
    -152.42502232789994,
    -153.43585012853146,
    -153.69753298163414,
    -153.69890031516553,
    -157.37762222290038,
    -155.3878792196512,
    -156.07433634400368,
    -149.7087733209133,
    -153.21245705485345,
    -154.39018744528295,
    -153.81936330497265,
    -157.17641683220864,
    -159.43690632283688,
    -157.2613915681839,
    -158.8264587968588,
    -159.2551290810108,
    -158.009180444479,
    -150.9699860572815,
    -146.99950797259808,
    -149.41752177774907,
    -152.02223917245865,
    -153.2584764868021,
    -144.0906555891037,
    -146.79008717238904,
    -143.61707992851734,
    -143.20997420847416,
    -132.88697000145913,
    -139.7018542200327,
    -124.49491082131863,
    -103.05512285232544,
    -120.31459679603577,
    -88.41514091789722,
    -81.91952100992202,
    -65.61748446524143,
    -27.427308318018913,
    -17.853466168045998,
    -11.06873543560505,
    -32.33098631501198,
    -19.972854969047365,
    -4.717159867286682,
    0.26936828238623484,
    -5.029915273189545,
    5.3449090619881945,
    5.415781011184056,
    4.523667470268581,
    20.079039452075957,
    16.085280220508576,
    23.30845280647278,
    27.704828728128362,
    28.61736548634676,
    32.759902632662225,
    22.83671594583071,
    32.49936140179634,
    39.092196710648075,
    33.98614423828466,
    35.11984529495239,
    40.906350097348614,
    38.2788807359235,
    43.10068582765984,
    46.46142679452896,
    45.07622448242072,
    46.73209527390344,
    46.32966997112547,
    46.87447407245636,
    42.70390967652202,
    45.58074369260243,
    49.254266670772004,
    45.72744542174041,
    40.291105808750274,
    46.57568516731262,
    45.84055835008621,
    47.611528853575386,
    49.871981946197714,
    46.8878789305687,
    48.33152607745595,
    47.38223359073911,
    47.82774901390076,
    46.79304928746488,
    47.31154993342029,
    46.19622713668006,
    47.39876847096852,
    49.26795038084189,
    44.225761606412775,
    48.63873655100664,
    45.91697103296008,
    46.89375241994858,
    50.02107296441052,
    49.623246472132834,
    49.27213996805643,
    49.452668881094134,
    51.733752203293335,
    47.776979534162415,
    49.36314196361078,
    48.03073581489357,
    47.15224236746629,
    43.73616170341318,
    47.639056546820534,
    49.53633584041853,
    49.520400053745995
  ],
  "epoch_costs": [
    0.0,
    0.0,
    0.0,
    0.0,
    0.0,
    0.0,
    0.0,
    0.0,
    0.0,
    0.0,
    0.0,
    0.0,
    0.0,
    0.0,
    0.0,
    0.0,
    0.0,
    0.0,
    0.0,
    0.0,
    0.0,
    0.0,
    0.0,
    0.0,
    0.0,
    0.0,
    0.0,
    0.0,
    0.0,
    0.0,
    0.0,
    0.0,
    0.0,
    0.0,
    0.0,
    0.0,
    0.0,
    0.0,
    0.0,
    0.0,
    0.0,
    0.0,
    0.0,
    0.0,
    0.0,
    0.0,
    0.0,
    0.0,
    0.0,
    0.0,
    0.0,
    0.0,
    0.0,
    0.0,
    0.0,
    0.0,
    0.0,
    0.0,
    0.0,
    0.0,
    0.0,
    0.0,
    0.0,
    0.0,
    0.0,
    0.0,
    0.0,
    0.0,
    0.0,
    0.0,
    0.0,
    0.0,
    0.0,
    0.0,
    0.0,
    0.016421470791101456,
    0.12627624049782754,
    0.13012263923883438,
    0.0702119804918766,
    1.1228577189147473,
    3.463722896575928,
    1.633154894411564,
    6.365185556560755,
    5.929414104670286,
    9.852249660342931,
    15.77942633703351,
    18.18120739609003,
    21.41422432139516,
    19.158805606514214,
    17.56186390632675,
    20.65354442528703,
    28.245932809653738,
    21.990554361180827,
    18.88917166988055,
    29.83700881836315,
    32.577558273206584,
    28.934579962491988,
    30.780561107993126,
    35.902405425310135,
    26.46157065861755,
    32.08846943309674,
    34.80149453878403,
    41.434385681954716,
    25.886727289358774,
    24.96742968982266,
    38.12448752937572,
    33.952997649212676,
    32.29900505561982,
    41.70335332484081,
    27.51639790291136,
    23.857853193368232,
    26.442849267161254,
    23.154777046186584,
    25.293276047706605,
    26.846792609351024,
    36.689908479340374,
    26.48725133580821,
    25.072544808898652,
    35.72485388163477,
    42.90406216296457,
    25.39477865099907,
    29.38969316141946,
    27.351332959615522,
    21.435522005767435,
    29.12419845334121,
    26.884182727585237,
    31.461513585703713,
    29.628172327660852,
    27.095943981574642,
    27.458366624597048,
    32.21098319675241,
    30.013867359927723,
    24.821300924652153,
    35.698647791848465,
    24.681240408784813,
    29.788204332334654,
    30.03475872022765,
    23.75545735737762,
    24.82848093541045,
    22.939286635110253,
    24.855806999109888,
    18.872552261520656,
    27.694252649943035,
    24.693726181581212,
    28.71568880371145,
    28.93538913793034,
    37.72518749399619,
    29.411914993491436,
    23.017247719136446,
    23.170997756558496
  ],