{
  "algorithm": "safe_ppo",
  "seed": 0,
  "epochs": 150,
  "epoch_returns": [
    -178.75869366526604,
    -179.2764982521534,
    -181.22974860668182,
    -180.87549093961715,
    -175.1459898173809,
    -175.9538479089737,
    -171.78187082707882,
    -176.3963228404522,
    -176.74990184903146,
    -171.45226787030697,
    -168.25555867552757,
    -173.73148008584977,
    -166.12314661741257,
    -164.34355607032776,
    -162.57971641123294,
    -159.01975795328616,
    -158.1186509460211,
    -156.25192705988883,
    -156.45096399486064,
    -153.68923387527465,
    -148.94932437837124,
    -151.8295369297266,
    -146.7781294286251,
    -152.12450742125512,
    -149.96578563451766,
    -145.1693619161844,
    -147.86039428412914,
    -149.05474018752574,
    -149.23735934495926,
    -148.24863274991512,
    -149.6561338096857,
    -148.58030765354633,
    -146.47174230217934,
    -147.6698441505432,
    -146.23392251729965,
    -145.42570436894894,
    -147.78246117830275,
    -145.71225384175779,
    -147.30453079044818,
    -145.83266135156154,
    -147.47889980971814,
    -144.94316868185996,
    -142.72537207603455,
    -125.65482948720455,
    -123.53846046626568,
    -126.1179916203022,
    -126.27012529969215,
    -130.3482806324959,
    -91.4560112208128,
    -116.30737129449844,
    -123.97971760332584,
    -105.60220335423946,
    -108.82813964486122,
    -90.27441937923432,
    -106.31820926666259,
    -71.2830061674118,
    -44.789259472489356,
    -75.06953737735748,
    -60.58672698140144,
    -43.76453433334827,
    -38.8042374253273,
    2.161250010780666,
    -11.420491416345943,
    12.853923477909781,
    -24.080612461675297,
    4.140628411011263,
    12.476009044958198,
    18.929668209552766,
    29.79970082759857,
    25.836818911411143,
    29.509554335364587,
    23.430909601541664,
    34.074541485735345,
    33.2474080153874,
    38.29332514206568,
    35.83238963628637,
    37.31830691496531,
    40.14056765456353,
    39.43713623862113,
    42.18123697116971,
    39.752794819493445,
    38.746868735179305,
    40.996366834267974,
    40.94347984825863,
    45.07383893898555,
    44.76556538231671,
    44.165936037021524,
    47.22125116321776,
    43.08451298986162,
    45.74216964509752,
    46.76913932690749,
    46.924310100078586,
    47.25438574382237,
    45.384473403294884,
    46.27889748248789,
    40.63161758815541,
    45.01066097375509,
    48.671411804462736,
    40.23978314176202,
    45.52855770377552,
    45.95757656608309,
    43.87031807268367,
    43.1967162920369,
    45.34171782152073,
    47.324456834479385,
    46.17772670482334,
    46.64085099885338,
    48.2687219732847,
    48.844901966082084,
    44.90005560219288,
    45.86019346945815,
    49.01361864652389,
    48.48670119988291,
    47.518952533220634,
    48.773103177547455,
    48.930119642844566,
    46.72967591801205,
    47.543370748821054,
    49.78168645119056,
    42.90590353641245,
    44.45899108777175,
    45.375507324128534,
    45.44581604997317,
    48.87564791318698,
    48.45606048013035,
    48.05766577139879,
    52.48436690103717,
    48.133466008381966,
    50.8807282325549,
    50.26255908226356,
    47.40570594168998,
    42.063925728201866,
    46.26847377822206,
    46.61741988078968,
    48.06412647221539,
    52.15801079124212,
    45.833186814418205,
    49.845952267582355,
    43.002247313037515,
    45.17253668478557,
    45.93669781652657,
    47.24207645497824,
    46.27477875351906,
    47.73575625709585,
    49.976756531000134,
    48.07299672640287,
    52.161691073964285,
    53.00472270525419,
    48.62812104591956,
    50.85590556951669
  ],
  "epoch_costs": [
    0.0,
    0.0,
    0.0,
    0.0,
    0.0,
    0.0,
    0.0,
    0.0,
    0.0,
    0.0,
    0.0,
    0.0,
    0.0,
    0.0,
    0.0,
    0.0,
    0.0,
    0.0,
    0.0,
    0.0,
    0.0,
    0.0,
    0.0,
    0.0,
    0.0,
    0.0,
    0.0,
    0.0,
    0.0,
    0.0,
    0.0,
    0.0,
    0.0,
    0.0,
    0.0,
    0.0,
    0.0,
    0.0,
    0.0,
    0.0,
    0.0,
    0.0,
    0.0,
    0.01726211979985237,
    0.3536164008080959,
    0.12518584728240967,
    0.31139962524175646,
    0.45368509367108345,
    1.7213066771626473,
    1.8013954997062682,
    1.4713611640036106,
    2.111684385687113,
    2.94706636890769,
    3.7888295046985148,
    4.539683662354946,
    9.357804575562477,
    12.20207300707698,
    11.701638136804103,
    17.171033021062613,
    19.624796918779612,
    17.0448266658045,
    19.077441258922867,
    28.688541562042452,
    27.038776995783504,
    21.140177969228137,
    32.33469989760356,
    32.01257466233295,
    27.201392706632614,
    31.358618010878562,
    25.17055946257379,
    32.371682967852664,
    32.15348391062938,
    32.882456553833826,
    30.60894346024309,
    28.265880345801513,
    33.194923340760425,
    31.62422640522321,
    33.82526021378656,
    27.79184580185721,
    21.968012813013047,
    27.687127341185846,
    28.286366413813084,
    35.621727362275124,
    23.60262695875238,
    22.235247192212512,
    33.13038289686665,
    25.947008163613432,
    24.847790202332867,
    25.07555774663176,
    24.58321033211218,
    19.054575251163662,
    27.09061505624226,
    25.492222477708545,
    20.62166639086273,
    22.664452985756927,
    26.71682653050212,
    20.239506153238786,
    17.193616856869898,
    34.12656619772315,
    28.879386318518836,
    28.779189426984107,
    30.773421496591148,
    21.117864940315485,
    20.42427251588654,
    15.969534778281263,
    13.897641652508787,
    15.784817914037328,
    13.893209414986464,
    16.80677930607989,
    25.927380185574293,
    25.186545280118782,
    14.938871022982475,
    15.936846584865922,
    17.337286100173607,
    17.427288344031886,
    14.65807371491041,
    19.52150066559379,
    18.323964333455812,
    14.565544544122158,
    20.739636942330336,
    18.916857438312995,
    18.597159803719133,
    21.780381973832846,
    16.20369489452778,
    17.14542683449231,
    13.937251066932312,
    10.363321799330595,
    12.933971450879024,
    10.082322916159264,
    11.864657988915077,
    19.319916091657973,
    20.129886711223257,
    17.818446815013885,
    17.822273680487193,
    15.229895603415128,
    8.125014797598123,
    15.249743497906588,
    15.963537383723903,
    37.02782587939873,
    28.64761852792331,
    19.187932701932418,
    14.547396858663936,
    13.191067047417164,
    20.70581769016949,
    9.636930867657066,
    11.735649897119938,
    8.89902849495411,
    9.80640829870334,
    12.468366945401216,
    11.938055937488874
  ],