{
  "algorithm": "safe_ppo",
  "seed": 0,
  "epochs": 150,
  "epoch_returns": [
    -178.75869366526604,
    -179.2764982521534,
    -181.22974860668182,
    -180.87549093961715,
    -175.1459898173809,
    -175.9538479089737,
    -171.78187082707882,
    -176.3963228404522,
    -176.74990184903146,
    -171.45226787030697,
    -168.25555867552757,
    -173.73148008584977,
    -166.12314661741257,
    -164.34355607032776,
    -162.57971641123294,
    -159.01975795328616,
    -158.1186509460211,
    -156.25192705988883,
    -156.45096399486064,
    -153.68923387527465,
    -148.94932437837124,
    -151.8295369297266,
    -146.7781294286251,
    -152.12450742125512,
    -149.96578563451766,
    -145.1693619161844,
    -147.86039428412914,
    -149.05474018752574,
    -149.23735934495926,
    -148.24863274991512,
    -149.6561338096857,
    -148.58030765354633,
    -146.47174230217934,
    -147.6698441505432,
    -146.23392251729965,
    -145.42570436894894,
    -147.78246117830275,
    -145.71225384175779,
    -147.30453079044818,
    -145.83266135156154,
    -147.47889980971814,
    -144.94316868185996,
    -142.72537207603455,
    -125.65482948720455,
    -124.79848800897598,
    -131.99418703615666,
    -131.79757953584195,
    -135.92486330866814,
    -123.48549893796444,
    -131.70234925448895,
    -131.924234983325,
    -126.23282545804977,
    -129.96127525269986,
    -118.52601772248745,
    -120.29470660686493,
    -123.67082123756408,
    -107.59132734835148,
    -112.35779918134213,
    -91.46056604087353,
    -81.8388922393322,
    -69.45854716598987,
    -45.91859331727028,
    -58.616810116171834,
    -55.36458520591259,
    -60.044463011622426,
    -35.21023624539375,
    -130.53268805444242,
    -132.3286425590515,
    -125.94262784123421,
    -102.85586193501949,
    -86.6535218000412,
    -90.92073842585087,
    -62.918849563598634,
    -50.733741593360904,
    -38.549149578525906,
    -47.9558140039444,
    -44.26835169792175,
    -36.15529670715332,
    -28.69172976982026,
    -21.016489290055773,
    -16.291783297603782,
    -22.587161292200502,
    -36.32144489174797,
    -18.59949993568918,
    -22.792307457198266,
    -17.56996050228675,
    -24.80905797948008,
    -54.75935475392775,
    -57.32448261705312,
    -62.81402108498982,
    -53.365550796190895,
    -80.68177120089531,
    -50.69323734261773,
    -33.825047511121504,
    -51.36828006126664,
    -61.29996212323507,
    -37.66025332113107,
    -46.4921184985534,
    -46.8183821828469,
    -58.73239133845676,
    -50.69408560576646,
    -62.86335668109712,
    -31.62075486390487,
    -52.39899637753313,
    -38.66181150467499,
    -55.99906016750769,
    -81.84064100980758,
    -70.237942698456,
    -45.166966127312705,
    -52.740994930267334,
    -63.33408758753822,
    -28.93539161483447,
    -26.972315001487733,
    -68.6227005776905,
    -34.98745670785075,
    -12.6761425275069,
    -40.391692809436634,
    -35.79629406581322,
    -55.281703198497944,
    -70.57676678612118,
    -50.56375851956281,
    -41.41337002878604,
    -16.816600267887114,
    -33.13391423473755,
    -40.19011266935956,
    -87.04138454794884,
    -37.809797139271446,
    -52.370572025125675,
    -51.30751766128974,
    -46.367413500080936,
    -46.13153654336929,
    -44.827812029556796,
    -24.11098093986511,
    -55.02327094836669,
    -35.78550603172996,
    -110.46731546223164,
    -129.84512664079665,
    -121.89423789083958,
    -118.30114288330078,
    -108.35300775766373,
    -101.62162725627422,
    -99.05254024863243,
    -96.57852964997292,
    -95.6721249461174,
    -72.71829884052276,
    -42.55565265633843,
    1.2784026127595167,
    -12.763500772416592,
    -39.31368213373682,
    -19.770758007963497
  ],
  "epoch_costs": [
    0.0,
    0.0,
    0.0,
    0.0,
    0.0,
    0.0,
    0.0,
    0.0,
    0.0,
    0.0,
    0.0,
    0.0,
    0.0,
    0.0,
    0.0,
    0.0,
    0.0,
    0.0,
    0.0,
    0.0,
    0.0,
    0.0,
    0.0,
    0.0,
    0.0,
    0.0,
    0.0,
    0.0,
    0.0,
    0.0,
    0.0,
    0.0,
    0.0,
    0.0,
    0.0,
    0.0,
    0.0,
    0.0,
    0.0,
    0.0,
    0.0,
    0.0,
    0.0,
    0.01726211979985237,
    0.34785289242863654,
    0.05765892565250397,
    0.011540483683347702,
    0.0,
    0.8356050357222558,
    0.05126751959323883,
    0.29781443923711776,
    0.9422530427575111,
    0.414546561986208,
    0.4384829252958298,
    1.1407787010073662,
    0.87617911323905,
    3.496693279594183,
    4.827967569231987,
    9.296417886018753,
    9.034370549023151,
    9.386333862692117,
    10.133475087583065,
    13.075085538625718,
    13.4774285890162,
    13.348331003636122,
    9.874780766665936,
    0.23939952105283738,
    0.22395918220281602,
    1.4668853893876075,
    1.9323635220527648,
    4.334458491206169,
    4.649993099272251,
    5.593549174815417,
    9.672224608808756,
    9.400534757546016,
    6.986031745374203,
    5.9652323924005035,
    5.084518036991358,
    5.632751523029237,
    4.755846238562039,
    4.3457849872383205,
    3.152973427072815,
    3.983019077352115,
    2.206463411450386,
    2.532551665668902,
    2.2316591708610454,
    2.171471839365752,
    1.661870371211659,
    1.8142924505201252,
    0.47849653022629873,
    0.5445475017740613,
    0.5002733126282692,
    0.23393471809950742,
    0.16726444920767908,
    0.2774264324795116,
    0.2519623686869939,
    0.301802655061086,
    0.27089378108148987,
    0.18231431427209274,
    0.12342555617744272,
    0.01890835878641709,
    0.03289998996825445,
    0.03604744763477989,
    0.07330006496472792,
    0.04093285811984021,
    0.0943383201956749,
    0.06100598722696304,
    0.029559859207698276,
    0.04222508033980494,
    0.05907832898876884,
    0.013756964887891496,
    0.01653386279940605,
    0.07779046893119812,
    0.055310857437905814,
    0.05999160525591477,
    0.036704812485438124,
    0.1360131832568542,
    0.010638854776819548,
    0.04168819974769245,
    0.017621226253963652,
    0.06544327532703226,
    0.0529156268938728,
    0.025358393788337708,
    0.08532311767339706,
    0.050076960840008476,
    0.042384713888168335,
    0.027241201504417088,
    0.02082391557368365,
    0.037014382806691254,
    0.010212381248888762,
    0.04874981291916059,
    0.023416937752203507,
    0.027589410543441772,
    0.007255866446278312,
    0.017839687114412136,
    0.007779467850923538,
    0.0012964941561222076,
    0.03310369327664375,
    0.008609388023614883,
    0.03490462899208069,
    0.124339759349823,
    0.08476762101054192,
    0.010553840547800064,
    0.02771204337477684,
    0.022772327065467834,
    0.05563318052075126,
    0.03480985760688782,
    0.02765227109193802,
    0.03577282895212588,
    0.028699574371178944
  ],