{
  "algorithm": "safe_ppo",
  "seed": 2,
  "epochs": 150,
  "epoch_returns": [
    -182.09104309380055,
    -175.1713395923376,
    -178.57582335472108,
    -182.26972711980343,
    -173.81308635771273,
    -175.69743560552598,
    -177.1824378103018,
    -175.29908421337603,
    -175.56087161302565,
    -171.8806546986103,
    -171.8831378608942,
    -176.2628498017788,
    -175.9490006953478,
    -179.69444799721242,
    -179.44267781078815,
    -176.32962839901447,
    -173.22037281095982,
    -169.23620158433914,
    -165.72017859220506,
    -164.3316340237856,
    -165.07380661964416,
    -166.66751669347286,
    -169.13696255385875,
    -171.05477925539017,
    -173.87398472130297,
    -174.0188062161207,
    -169.53988618552685,
    -176.82970802783967,
    -177.34603012800216,
    -175.18757762610912,
    -173.12076408565045,
    -172.54551180005075,
    -177.92680184841157,
    -176.73515885174274,
    -170.4202683210373,
    -177.18800928592682,
    -178.3823867201805,
    -181.1061621248722,
    -175.78256721794605,
    -170.5190680861473,
    -172.23561956882477,
    -167.23373054862023,
    -168.9598681986332,
    -163.61256103515626,
    -164.0375613927841,
    -163.59220572412013,
    -162.8733824670315,
    -158.9000816732645,
    -164.17545058727265,
    -160.38663155436515,
    -167.14503753781318,
    -170.41773830354214,
    -167.65427438914776,
    -166.64381781816482,
    -161.437419205904,
    -161.45235207378863,
    -162.08714449703695,
    -166.06474248766898,
    -165.2460405021906,
    -164.418222078681,
    -169.5211099177599,
    -165.39024827182294,
    -169.94051927030085,
    -162.4348328113556,
    -161.86564732193946,
    -164.45590368509292,
    -165.14250166416167,
    -163.4027651578188,
    -166.51745429039002,
    -165.02034214138985,
    -168.75187267065047,
    -163.9611444979906,
    -160.94719999432564,
    -162.82575370967388,
    -162.35874242782592,
    -150.22754475176333,
    -147.10697891414165,
    -120.79183372557164,
    -94.51151256859302,
    -69.35951829808099,
    -59.986533233097624,
    -59.572891167231965,
    -51.70900707082315,
    -12.081815206486246,
    -24.99090936909551,
    2.8376593160629273,
    -8.354696517189344,
    -31.06842473278875,
    -3.884796326160431,
    0.07601909399032593,
    -20.87930169204871,
    -7.37182121227185,
    5.208885703086853,
    12.185456448131138,
    10.661553800106049,
    14.17145730389489,
    19.86410501047417,
    18.715685268243153,
    26.18993016225951,
    26.546893795331318,
    28.30931877664157,
    22.94798151575602,
    25.197759607008525,
    29.717856419937952,
    29.649969984378135,
    29.657514648778097,
    30.230162616129274,
    27.487778774014227,
    30.006610529763357,
    33.202549157471495,
    32.88488810021302,
    32.322024803737115,
    32.51917482486793,
    34.32788282632828,
    36.4530632611244,
    36.704753532012305,
    36.438754108644304,
    37.89150685071945,
    35.873135093984935,
    34.46026873396289,
    38.143147585789364,
    34.90372345981927,
    35.97928723692894,
    38.87418206276432,
    38.575573360919954,
    38.16303378902376,
    39.91339272961897,
    39.87010111473501,
    39.70026537403464,
    38.9374020639807,
    38.84630841575563,
    40.76558926430616,
    40.442193860357456,
    39.22851782844913,
    40.26904776506126,
    40.16376531893207,
    41.04609960317612,
    39.32451500431184,
    38.86752612936881,
    39.87523062382975,
    40.55682792586665,
    41.44171819571526,
    40.32355939572857,
    40.02971792779863,
    39.659601560144715,
    40.38898001475768,
    40.21693593624866,
    40.018598623348005,
    41.04778998187094,
    39.542180240154266
  ],
  "epoch_costs": [
    0.0,
    0.0,
    0.0,
    0.0,
    0.0,
    0.0,
    0.0,
    0.0,
    0.0,
    0.0,
    0.0,
    0.0,
    0.0,
    0.0,
    0.0,
    0.0,
    0.0,
    0.0,
    0.0,
    0.0,
    0.0,
    0.0,
    0.0,
    0.0,
    0.0,
    0.0,
    0.0,
    0.0,
    0.0,
    0.0,
    0.0,
    0.0,
    0.0,
    0.0,
    0.0,
    0.0,
    0.0,
    0.0,
    0.0,
    0.0,
    0.0,
    0.0,
    0.0,
    0.0,
    0.0,
    0.0,
    0.0,
    0.0,
    0.0,
    0.05142040476202965,
    0.0,
    0.0,
    0.0,
    0.0,
    0.0,
    0.0,
    0.0,
    0.0,
    0.0,
    0.0,
    0.0,
    0.0,
    0.0,
    0.0,
    0.0,
    0.0,
    0.0,
    0.15016518533229828,
    0.0,
    0.0,
    0.0,
    1.1356721304357051,
    1.7132739692926406,
    0.8042411841452122,
    0.7975945062935352,
    6.684367095679045,
    14.497447440773248,
    27.11507529243827,
    42.33990842327476,
    42.604759176572166,
    49.05364811491398,
    51.72538047461283,
    40.33341193199158,
    52.63305052207864,
    54.11304965161759,
    44.75007524430752,
    42.16204317534963,
    51.77562431926312,
    47.60059799313545,
    45.22791887938976,
    53.401153749475874,
    51.72798920981586,
    52.749188494682315,
    45.01576400575814,
    51.63358584046364,
    49.73992269568973,
    54.35644299619727,
    51.725380545964946,
    52.47519877393331,
    55.18412087471397,
    54.65628320936646,
    62.53196913462419,
    49.71226820296475,
    60.54013327881694,
    58.82861799054912,
    57.1859780789486,
    62.370600105987656,
    57.892535626888275,
    60.04880609522973,
    58.92450160815798,
    57.75132260497274,
    48.68797176048673,
    58.02142339412655,
    54.7543121293701,
    46.91686358182661,
    50.64967304269473,
    47.61622824111292,
    53.494185426542835,
    60.263194027132,
    48.57428172134584,
    52.79144592136144,
    52.557329559634475,
    49.51919222921133,
    49.96938144631924,
    54.85408024142186,
    43.11604282958433,
    34.446003049173775,
    45.32180684432387,
    42.73730070469901,
    42.850147910416126,
    43.21429877541959,
    38.94858238823486,
    43.10577955977483,
    46.116841007144224,
    41.47227494698018,
    46.053963219927205,
    46.20165431778878,
    47.18275488913059,
    45.38772899008566,
    49.031256159947766,
    47.787028704920125,
    49.52525854014581,
    45.61315697623837,
    44.79466085229069,
    36.59986776158665,
    37.71661449426954,
    40.79693099269361,
    37.03811773838419,
    38.64307078764294,
    53.10888640334209
  ],