{
  "algorithm": "safe_ppo",
  "seed": 1,
  "epochs": 150,
  "epoch_returns": [
    -181.15941573381423,
    -177.8768933057785,
    -176.14828402400016,
    -170.49494977593423,
    -173.0246464252472,
    -168.74291935563087,
    -174.510206463933,
    -172.24835712313651,
    -165.70842125117778,
    -168.2063690751791,
    -164.44605781435968,
    -169.78515205979346,
    -167.7339858263731,
    -167.8313504129648,
    -164.43614293932916,
    -167.56833366155624,
    -171.13951558172704,
    -171.436211758852,
    -172.06537057459354,
    -166.97842442691325,
    -165.3195325553417,
    -167.679806175828,
    -163.73619923889638,
    -156.32545432150363,
    -158.24237242043017,
    -160.69481143653394,
    -153.6364449262619,
    -157.08002748787402,
    -158.2900613874197,
    -156.52810207903386,
    -161.6821619927883,
    -165.74124305844308,
    -161.57936422228812,
    -156.02078442573549,
    -159.34918235838413,
    -159.89401654303074,
    -159.06709077954292,
    -154.44996384680272,
    -154.83712641000747,
    -154.86527550816535,
    -154.95771222412586,
    -154.34671601355075,
    -156.36587990224362,
    -156.56796817779542,
    -157.74141106903554,
    -161.55077165961265,
    -158.71000935137272,
    -163.00514650940895,
    -161.37336325645447,
    -158.7154576778412,
    -156.04036030471326,
    -154.94684201180934,
    -154.39566761255264,
    -158.13922668099403,
    -151.50225560963153,
    -152.58705629706384,
    -154.04624405503273,
    -155.92096990644933,
    -151.8380240470171,
    -149.89136623442172,
    -154.11624958217143,
    -153.80938129127026,
    -152.20747630000113,
    -157.5248720228672,
    -152.38014410734178,
    -156.6821637183428,
    -154.48014318048953,
    -152.68522202372552,
    -151.80469931066037,
    -152.10398710668088,
    -149.57176751792431,
    -152.03334863185881,
    -152.75579723715782,
    -150.1270759880543,
    -148.74041271209717,
    -153.1853623062372,
    -151.33947264254093,
    -152.19425586164,
    -148.3105782866478,
    -149.52748043239117,
    -149.6078084409237,
    -147.5735470175743,
    -146.21037751436234,
    -148.25055774152278,
    -150.37790514230727,
    -148.16867339015008,
    -147.78918032050132,
    -148.39896373450756,
    -150.12844396531582,
    -147.41078734099864,
    -146.3847742676735,
    -149.91517381370068,
    -149.64125402271748,
    -148.40601374506952,
    -147.15190441310406,
    -146.28625588715076,
    -148.06632224023343,
    -149.08890573084355,
    -148.3267915725708,
    -147.46511728167533,
    -147.1954172760248,
    -147.1582026809454,
    -145.76589039564132,
    -148.55793278515338,
    -147.9784607797861,
    -148.57422205209733,
    -144.33967963457107,
    -147.83154047131538,
    -147.20082792043686,
    -143.56916849017142,
    -145.82503887116908,
    -148.26067937612532,
    -142.98312197625637,
    -144.89891124665738,
    -146.49471011161805,
    -147.13769652843476,
    -145.58608646690845,
    -144.13456572890283,
    -148.03107941150665,
    -134.73161956071854,
    -137.19084267914295,
    -131.04469771385192,
    -122.52624488174915,
    -132.86840352416039,
    -107.4079129844904,
    -85.72908817529678,
    -99.28304853141307,
    -75.87994124293327,
    -56.39753827154637,
    -36.880318665504454,
    -64.05654086768627,
    -43.73327504694462,
    -39.99358785748482,
    4.487361763204847,
    -17.53260239958763,
    -0.8643164123807635,
    -16.168977186793374,
    -16.387265211059933,
    -15.133952515465873,
    2.8878065130927344,
    7.983458047327788,
    -2.4168117170532546,
    14.543524374961853,
    15.063658523062864,
    14.464681096076966,
    24.730471388057428,
    34.27513088186582,
    27.148466001296864,
    38.70288302103678,
    34.86599842638805
  ],
  "epoch_costs": [
    0.0,
    0.0,
    0.0,
    0.0,
    0.0,
    0.0,
    0.0,
    0.0,
    0.0,
    0.0,
    0.0,
    0.0,
    0.0,
    0.0,
    0.0,
    0.0,
    0.0,
    0.0,
    0.0,
    0.0,
    0.0,
    0.0,
    0.0,
    0.0,
    0.0,
    0.0,
    0.0,
    0.0,
    0.0,
    0.0,
    0.0,
    0.0,
    0.0,
    0.0,
    0.0,
    0.0,
    0.0,
    0.0,
    0.0,
    0.0,
    0.0,
    0.0,
    0.0,
    0.0,
    0.0,
    0.0,
    0.0,
    0.0,
    0.0,
    0.0,
    0.0,
    0.0,
    0.0,
    0.0,
    0.0,
    0.0,
    0.0,
    0.0,
    0.0,
    0.0,
    0.0,
    0.0,
    0.0,
    0.0,
    0.0,
    0.0,
    0.0,
    0.0,
    0.0,
    0.0,
    0.0,
    0.0,
    0.0,
    0.0,
    0.0,
    0.0,
    0.0,
    0.0,
    0.0,
    0.0,
    0.0,
    0.0,
    0.0,
    0.0,
    0.0,
    0.0,
    0.0,
    0.0,
    0.0,
    0.0,
    0.0,
    0.0,
    0.0,
    0.0,
    0.0,
    0.0,
    0.0,
    0.0,
    0.0,
    0.0,
    0.0,
    0.0,
    0.0,
    0.0,
    0.0,
    0.0,
    0.0,
    0.0,
    0.0,
    0.0,
    0.0,
    0.0,
    0.0,
    0.0,
    0.0,
    0.0,
    0.0,
    0.13968417644500733,
    0.0,
    0.0,
    0.012553464621305466,
    0.5579402334988117,
    0.6497546240687371,
    0.6097162328660488,
    2.379528494924307,
    4.57188460752368,
    5.161794333904981,
    7.624240781366825,
    12.887521159648895,
    15.423262632638217,
    10.797447503358125,
    13.113078370690346,
    19.890674468129873,
    23.762442603707314,
    24.262478532642128,
    27.685203395429113,
    30.541593564408167,
    25.945251724549703,
    27.928104695110093,
    36.08560164543715,
    32.30697320531244,
    26.154906720543902,
    25.561972442269326,
    31.73797546637555,
    26.21761070430279,
    27.04270169194098,
    20.875055543581645,
    21.574205343579425,
    23.765487382312617,
    31.616750751076072
  ],