{
  "algorithm": "safe_ppo",
  "seed": 1,
  "epochs": 150,
  "epoch_returns": [
    -181.15941573381423,
    -179.08958947956563,
    -176.07554175257684,
    -171.79032461941242,
    -174.680575761199,
    -172.5119097739458,
    -176.47134007811547,
    -174.46624250113965,
    -167.67461239397525,
    -168.67700069844722,
    -164.5822430729866,
    -169.73594981133937,
    -168.910389778018,
    -167.30902959406376,
    -164.1980138838291,
    -170.07380654215814,
    -168.1942977309227,
    -170.4785948932171,
    -169.43584203422068,
    -164.23128151893616,
    -167.41221302747726,
    -169.31429068744183,
    -164.93895110487938,
    -158.6790575057268,
    -158.95236144959927,
    -161.8492505699396,
    -155.25255471169947,
    -159.95145353376864,
    -163.34867042303085,
    -158.63754540085793,
    -161.34531518816948,
    -165.45988161861897,
    -161.786947748065,
    -156.6526140511036,
    -160.60229421257972,
    -161.3898232281208,
    -161.06248072385787,
    -156.9450528562069,
    -155.98857278227806,
    -156.6791940897703,
    -158.3363457083702,
    -156.4405965089798,
    -163.83519757688046,
    -158.89762252867223,
    -158.75979073047637,
    -160.7404667109251,
    -155.42631619274616,
    -159.95290912389754,
    -159.31089427471161,
    -158.32102955579757,
    -153.79673187434673,
    -151.41771444678307,
    -147.30996783077717,
    -155.9909687191248,
    -148.63416817188264,
    -151.00208317935466,
    -149.44705692231656,
    -147.59114549458027,
    -142.24137916862963,
    -139.20453991293908,
    -144.2202738791704,
    -132.39232415258886,
    -128.78311398923398,
    -117.68878644108773,
    -86.73762904405594,
    -80.32517666220664,
    -87.46313633322715,
    -45.026210960745814,
    -38.950754940509796,
    -24.208969862688157,
    -34.53798535324278,
    -60.5734996057692,
    -1.2061616209420292,
    -11.13415303555402,
    -20.76405314258907,
    7.214434615943743,
    -1.3729436345722363,
    15.05582058429718,
    5.798227880312049,
    19.165803223848343,
    23.22892389389185,
    26.066843066215515,
    26.45975445985794,
    30.101099875238205,
    27.33174458503723,
    36.149308757535344,
    35.13143687375954,
    36.0107006494488,
    38.82009297814862,
    40.649361211061475,
    45.911338078253195,
    45.97132349014282,
    42.041298193857074,
    41.41018855758011,
    42.38504255190492,
    47.44371332393752,
    43.73940637532402,
    48.67316699524721,
    45.961772438357855,
    50.36741310828611,
    41.05312634818256,
    41.02846629149986,
    43.10115013052435,
    46.96260043092676,
    46.67841614451673,
    44.07618290356228,
    48.91579981383524,
    50.52280120207713,
    49.70308459432501,
    40.46703587429864,
    42.452444069525775,
    39.9795981891015,
    41.429118040729975,
    44.94237898786863,
    42.84198507070541,
    44.60662627381247,
    46.552090525627136,
    46.29779372943772,
    48.640007888659454,
    52.42324984364393,
    52.60064985901117,
    48.53351760674746,
    46.08503493666649,
    -71.78448478948502,
    -33.426939219236374,
    -9.730681209564208,
    -11.477711386978626,
    8.360682712660896,
    20.508836654680117,
    19.924314599612664,
    30.805998630821705,
    43.19314211081056,
    35.8085972648114,
    44.37687307099501,
    43.32334250211716,
    46.776385821200705,
    41.889565019948144,
    42.08486878499389,
    40.895981168045715,
    40.11910184352629,
    44.138552628244675,
    46.048183674471716,
    46.10689838152183,
    47.767359195571196,
    46.457185253903674,
    45.272370962633026,
    47.93073758253684,
    48.77119899713076,
    48.739133634628395,
    47.32645443922434
  ],
  "epoch_costs": [
    0.0,
    0.0,
    0.0,
    0.0,
    0.0,
    0.0,
    0.0,
    0.0,
    0.0,
    0.0,
    0.0,
    0.0,
    0.0,
    0.0,
    0.0,
    0.0,
    0.0,
    0.0,
    0.0,
    0.0,
    0.0,
    0.0,
    0.0,
    0.0,
    0.0,
    0.0,
    0.0,
    0.0,
    0.0,
    0.0,
    0.0,
    0.0,
    0.0,
    0.0,
    0.0,
    0.0,
    0.0,
    0.0,
    0.0,
    0.0,
    0.0,
    0.0,
    0.0,
    0.0,
    0.0,
    0.0,
    0.0,
    0.0,
    0.0,
    0.0,
    0.0,
    0.0,
    0.05065491423010826,
    0.007052440196275711,
    0.0,
    0.0421993799507618,
    0.0,
    0.07722066715359688,
    0.18072342425584792,
    0.0,
    0.170171669870615,
    0.5099748238921166,
    1.0186533130705357,
    1.2484111346304416,
    6.099058868736028,
    5.338660292327404,
    5.609922573715449,
    13.309922982752322,
    18.83529825721468,
    17.23966864035243,
    21.290229534109432,
    22.677965945431165,
    28.526021684435282,
    35.004481769420885,
    24.360756694622662,
    33.607524209048435,
    41.07278589774733,
    48.09483140642228,
    40.96915439483912,
    41.12707647743324,
    36.79962455022793,
    39.86642858028412,
    44.542918140292166,
    38.50086246541253,
    40.813676565885544,
    33.81657311679988,
    35.68043219936745,
    41.507416789553,
    35.75194309806002,
    29.734000884989896,
    28.813267341165833,
    28.984055996844262,
    32.13066949369386,
    34.03738095192239,
    35.27735552052036,
    20.695585502104628,
    30.988392276798976,
    20.235776512987083,
    21.992181918638593,
    15.835654672823454,
    38.18084612349048,
    29.63847883768154,
    32.50754329080091,
    17.89607233735355,
    24.623143262747263,
    22.02062090422426,
    17.001849018429454,
    13.686790905319727,
    14.464568782009577,
    22.882548401185446,
    29.365585092236014,
    30.713505996939013,
    23.930685802417642,
    26.13688298397594,
    27.19446001138006,
    18.945211069809424,
    15.688731200600925,
    19.03243972319696,
    13.787395493724407,
    10.505822936936122,
    10.578270187601447,
    13.1906892737517,
    19.992906725655,
    20.005403940166747,
    27.034927649254147,
    16.053953444361685,
    19.200123252967995,
    12.94089748903557,
    22.806802008833206,
    17.769442153388056,
    13.345242912415415,
    8.11879026100916,
    14.237724216654897,
    11.57407052608,
    8.510240038235983,
    11.862104512147,
    14.43383621105126,
    26.710276438388973,
    20.99416559058077,
    34.53556723892689,
    19.201169414179667,
    15.337574809789658,
    11.292106850758978,
    11.503656034798999,
    14.339784404715976,
    15.797039893352324,
    10.605940034756294,
    7.991129007859108,
    6.831222199476683,
    9.35219680537016
  ],