{
  "algorithm": "safe_ppo",
  "seed": 2,
  "epochs": 150,
  "epoch_returns": [
    -182.09104309380055,
    -175.3905889004469,
    -177.78103332221508,
    -182.91564144194126,
    -174.66826626360415,
    -173.63671619296073,
    -172.41422798633576,
    -168.21705767214297,
    -163.8852425247431,
    -160.51101704537868,
    -161.28573141992092,
    -162.60949911177158,
    -161.76764937937259,
    -166.44487417638302,
    -162.0841739922762,
    -156.08560016155243,
    -154.83456565737725,
    -152.63176240324975,
    -151.34966887533665,
    -153.74602256119252,
    -155.385299500823,
    -155.8338148266077,
    -154.1036154806614,
    -153.35979329347612,
    -151.02197758853436,
    -153.78304022550583,
    -149.87033478617667,
    -152.6819907516241,
    -147.8114713817835,
    -150.35221188962458,
    -147.501549834013,
    -147.8437544107437,
    -150.25563112795354,
    -152.04720921218396,
    -147.26524497270583,
    -150.46499708592893,
    -148.14980319142342,
    -150.6515150755644,
    -146.93395262360573,
    -147.02006287574767,
    -148.58434627950191,
    -146.6539131462574,
    -148.31986807584764,
    -147.38267669975758,
    -147.40682869255542,
    -146.5374951004982,
    -146.9511218190193,
    -147.50767591297625,
    -146.86373473405837,
    -143.85636574029922,
    -145.40758135318757,
    -145.83158333599567,
    -137.5254133015871,
    -135.35415566563606,
    -128.9201992481947,
    -132.73317743837833,
    -136.04742373526096,
    -140.8496728718281,
    -134.36217406094073,
    -128.38151114284992,
    -131.7153264403343,
    -129.1111726284027,
    -128.31307745575904,
    -122.37646722495556,
    -124.10195311009883,
    -118.98283161222935,
    -120.46314769387246,
    -117.13956445157528,
    -110.98276084661484,
    -107.53487175107003,
    -105.32993406653404,
    -105.93198281824588,
    -104.40013253688812,
    -100.91667713820934,
    -99.0288865327835,
    -96.05596720576287,
    -92.78594292998314,
    -85.71318075358867,
    -84.51012136936188,
    -88.58701103329659,
    -31.39869617521763,
    -37.98114121556282,
    3.978877524534861,
    4.765292249974751,
    7.215794682502747,
    19.545643776655197,
    9.33918434381485,
    21.03362455316212,
    19.87482881805171,
    14.146398549494537,
    8.68282087471174,
    20.18992150089015,
    12.835881715235503,
    18.632409398754437,
    19.68457789470752,
    24.03002030115861,
    20.677673411866028,
    29.6253446760001,
    35.68355706444493,
    31.886200417365348,
    30.731793827244214,
    32.79487685433456,
    32.64570593833923,
    41.50665370879635,
    36.5530570231635,
    41.14059706464891,
    43.10738562606275,
    41.42332475608395,
    46.0440006816026,
    42.27621669538559,
    41.75048679485917,
    41.583742341026664,
    42.6599409849413,
    40.935953044122265,
    47.88564311055576,
    45.88163176269242,
    46.442374541479,
    50.87193490096501,
    48.76690856899534,
    47.11972552713226,
    50.004628249340584,
    47.23752646235859,
    51.78018450266436,
    48.02278142008517,
    39.53049393046287,
    41.028025187551975,
    49.17885953684648,
    45.49378803287234,
    50.37989122146055,
    46.62530675274985,
    48.765263941727184,
    49.84911668300629,
    47.53212219790409,
    47.279932991878404,
    48.56225296227556,
    49.97169989347458,
    49.77420357863108,
    49.627143551141785,
    51.063800850510596,
    43.66105227172375,
    48.60708444827312,
    47.78127311091674,
    49.9250286569198,
    49.38550252366711,
    46.34140181698297,
    51.7728295058012,
    50.624296611861176,
    38.763584883883595,
    43.54525770924308,
    39.587700115911886
  ],
  "epoch_costs": [
    0.0,
    0.0,
    0.0,
    0.0,
    0.0,
    0.0,
    0.0,
    0.0,
    0.0,
    0.0,
    0.0,
    0.0,
    0.0,
    0.0,
    0.0,
    0.0,
    0.0,
    0.0,
    0.0,
    0.0,
    0.0,
    0.0,
    0.0,
    0.0,
    0.0,
    0.0,
    0.0,
    0.0,
    0.0,
    0.0,
    0.0,
    0.0,
    0.0,
    0.0,
    0.0,
    0.0,
    0.0,
    0.0,
    0.0,
    0.0,
    0.0,
    0.0,
    0.0,
    0.0,
    0.0,
    0.0,
    0.0,
    0.0,
    0.0,
    0.015373528003692627,
    0.0,
    0.38969682827591895,
    0.4891511395573616,
    0.3777598559856415,
    0.16734624281525612,
    0.11856159120798111,
    0.1594988450407982,
    0.0,
    0.059418268501758575,
    0.18002955317497255,
    0.4869805291295052,
    0.0684710405766964,
    0.2643326289951801,
    0.7886739283800125,
    0.27701133862137794,
    1.0380720533430576,
    1.2484542466700077,
    2.315661905705929,
    4.084311002492905,
    4.705180353671312,
    7.5579490929842,
    7.441139344125986,
    8.714968851208686,
    12.848155339062213,
    12.982302663475275,
    13.862974786013364,
    15.68672069683671,
    19.056099784374236,
    21.093416921049357,
    22.724254555255175,
    24.463993747532367,
    26.297149501740932,
    27.230323959674156,
    24.317885604642687,
    31.063666842523077,
    31.08938083255833,
    30.49485659192909,
    33.39206689077875,
    31.620784545722216,
    27.776954269279603,
    25.486974254898403,
    24.051696240901947,
    23.350450550084528,
    24.8812193715324,
    28.28419108564655,
    22.141524957349667,
    30.41803908534348,
    22.124746155407692,
    20.111925516415525,
    22.134083293378353,
    22.794677979711974,
    22.129672024931228,
    23.821278585956016,
    17.960862176552897,
    24.69269277104016,
    21.808840193575428,
    19.280874609481543,
    25.129678963653504,
    17.463692712964434,
    24.551608414899917,
    20.611766460351646,
    20.523378988262266,
    23.013092744254298,
    23.51823357997402,
    18.116844810545444,
    20.836830921245344,
    18.86429696310969,
    13.797549452951976,
    16.384734556504657,
    16.28360688598717,
    12.027909115370777,
    16.168257189585884,
    12.825618201572643,
    13.24592809461885,
    21.925543611568788,
    19.733226233161986,
    16.05015479069617,
    14.740621382849557,
    11.081091609440351,
    13.433706814476421,
    11.564303312646715,
    10.496942825615406,
    7.967473841419346,
    9.153433276592073,
    7.873121035726447,
    8.514135377229872,
    6.942728841916109,
    7.012230481092747,
    5.026603215560317,
    7.686271434856786,
    5.930311245692743,
    6.42833091906811,
    6.740791268232796,
    5.858445440595214,
    5.928665823450214,
    3.955404895544052,
    6.6529676647562725,
    14.42140145180747,
    12.467394454461155,
    11.789040248050835
  ],