{
  "algorithm": "dqn",
  "seed": 2,
  "episodes": 450,
  "episode_returns": [
    -176.0529643893242,
    -177.86374986171722,
    -187.57295435667038,
    -186.8910592198372,
    -182.3987785577774,
    -189.0531719326973,
    -175.98886996507645,
    -175.6567997932434,
    -176.3464673757553,
    -175.26195734739304,
    -167.26020526885986,
    -188.1651685833931,
    -169.26995408535004,
    -188.94167238473892,
    -182.6841360926628,
    -164.1640546321869,
    -181.97552758455276,
    -162.14738374948502,
    -186.3396544456482,
    -181.0003720521927,
    -186.53001707792282,
    -167.1176123023033,
    -182.36300975084305,
    -177.18392604589462,
    -162.1049873828888,
    -189.95520758628845,
    -175.19773817062378,
    -181.76881259679794,
    -179.9830836057663,
    -183.20960140228271,
    -158.9261891245842,
    -175.13142520189285,
    -154.0145339369774,
    -181.34657061100006,
    -188.81966078281403,
    -186.16208565235138,
    -178.05111610889435,
    -184.06551384925842,
    -187.1757953763008,
    -167.91779750585556,
    -182.76998883485794,
    -178.5637394785881,
    -188.44528698921204,
    -168.2293158173561,
    -169.0444113612175,
    -187.79964262247086,
    -183.0559149980545,
    -175.86643087863922,
    -182.2552628517151,
    -174.23247170448303,
    -180.46122419834137,
    -161.5271852016449,
    -172.4447117447853,
    -169.76284205913544,
    -169.84178960323334,
    -183.17175883054733,
    -169.53394305706024,
    -174.28945845365524,
    -177.96373683214188,
    -182.12475615739822,
    -188.31448411941528,
    -182.0858731865883,
    -175.2123470902443,
    -186.9354567527771,
    -167.82788336277008,
    -177.9946145415306,
    -178.36823427677155,
    -178.83928334712982,
    -169.80276381969452,
    -171.058844268322,
    -157.8229745030403,
    -153.8517970442772,
    -177.262002825737,
    -173.75612890720367,
    -156.92170017957687,
    -175.23500734567642,
    -169.6691717505455,
    -139.53897094726562,
    -155.25957453250885,
    -177.8631078004837,
    -177.81004494428635,
    -171.9955825805664,
    -179.1283649802208,
    -184.99486833810806,
    -171.29219669103622,
    -170.47685807943344,
    -162.80378663539886,
    -178.17788571119308,
    -180.7151672244072,
    -150.53508013486862,
    -170.7109376192093,
    -166.4623345732689,
    -173.0010553598404,
    -164.06484925746918,
    -173.77158719301224,
    -175.32786464691162,
    -163.16695928573608,
    -155.73194473981857,
    -157.62813371419907,
    -172.75287246704102,
    -179.39859801530838,
    -168.635009765625,
    -175.03078490495682,
    -166.6788359284401,
    -135.9999561905861,
    -158.01403683423996,
    -176.21763211488724,
    -179.7624632716179,
    -159.28539264202118,
    -170.41251957416534,
    -171.02574998140335,
    -166.56479668617249,
    -172.05619513988495,
    -137.1253381371498,
    -130.66818124055862,
    -176.93963313102722,
    -162.04175066947937,
    -135.00710886716843,
    -163.0717335343361,
    -166.1742672920227,
    -176.44584769010544,
    -132.29748266935349,
    -154.44268023967743,
    -135.81843692064285,
    -149.26486206054688,
    -107.09707498550415,
    -161.01647645235062,
    -129.25583517551422,
    -137.4603607058525,
    -117.47524011135101,
    -135.33448427915573,
    -148.6395416855812,
    -168.26710850000381,
    -164.9405643939972,
    -155.2617610692978,
    -136.63278716802597,
    -151.43524944782257,
    -135.24234467744827,
    -171.30891168117523,
    -167.08010321855545,
    -171.4785451889038,
    -130.6510410308838,
    -133.82103914022446,
    -158.10625261068344,
    -145.74739533662796,
    -107.20517778396606,
    -165.929057598114,
    -173.25437849760056,
    20.821882665157318,
    -89.94536489248276,
    -164.28327012062073,
    -113.83702284097672,
    -154.50931751728058,
    -132.33772093057632,
    -165.11355251073837,
    -133.01011526584625,
    -117.52833133935928,
    -145.71338886022568,
    -87.24301248788834,
    -115.55980217456818,
    -144.60635316371918,
    -156.24129021167755,
    -111.56255465745926,
    -122.32376426458359,
    -103.26782780885696,
    -93.29435300827026,
    -137.50343108177185,
    19.415584444999695,
    -130.70184403657913,
    -122.64752840995789,
    -133.5959718823433,
    7.872787714004517,
    5.837672650814056,
    -109.86470651626587,
    -139.46378409862518,
    -126.71269136667252,
    8.886871039867401,
    11.00482052564621,
    8.757673859596252,
    1.4659757018089294,
    6.076954960823059,
    -125.99399548768997,
    -122.3482357263565,
    -122.33942830562592,
    15.569582521915436,
    17.401009559631348,
    -116.69670176506042,
    13.807802557945251,
    -3.876152515411377,
    19.512121081352234,
    4.911676824092865,
    1.3628892302513123,
    -131.88916677236557,
    -0.1691533327102661,
    5.4045791029930115,
    -155.2354832291603,
    12.343148291110992,
    1.0212475061416626,
    5.082287490367889,
    22.990088939666748,
    -119.79559677839279,
    5.773163795471191,
    15.092270016670227,
    7.543478429317474,
    18.06697905063629,
    16.997407972812653,
    28.57495951652527,
    16.201249063014984,
    13.26129961013794,
    24.77239680290222,
    18.278897881507874,
    18.234534978866577,
    15.880297005176544,
    2.7078123688697815,
    -103.72110772132874,
    26.02675187587738,
    21.30738389492035,
    -97.22935193777084,
    8.04637062549591,
    13.633702278137207,
    14.353101968765259,
    20.6074880361557,
    20.144464135169983,
    24.632968425750732,
    1.8389294147491455,
    5.759654462337494,
    21.049035847187042,
    14.926413536071777,
    -15.674166440963745,
    14.114257156848907,
    17.593937039375305,
    -90.29055905342102,
    -121.49347406625748,
    15.19217187166214,
    12.751505434513092,
    4.557418048381805,
    14.013745307922363,
    15.844525396823883,
    12.876545071601868,
    11.778534770011902,
    23.671739161014557,
    8.062759220600128,
    23.45619285106659,
    -1.136617124080658,
    19.342015266418457,
    21.92093712091446,
    12.944106757640839,
    5.666722536087036,
    17.635840356349945,
    37.506975531578064,
    -4.98754495382309,
    25.675306260585785,
    20.213331401348114,
    13.023762345314026,
    16.57645308971405,
    -106.9582006931305,
    24.056689620018005,
    -6.196075141429901,
    23.998067319393158,
    22.807209730148315,
    -97.81868427991867,
    22.094952642917633,
    12.081225156784058,
    15.060732781887054,
    24.174215137958527,
    18.431625366210938,
    -7.221078634262085,
    19.151951730251312,
    7.256817817687988,
    -113.30688202381134,
    18.078389823436737,
    18.01857352256775,
    23.816986918449402,
    20.464129507541656,
    20.353783190250397,
    -91.25738817453384,
    22.90341031551361,
    16.59477311372757,
    13.98780870437622,
    25.616266429424286,
    16.84885275363922,
    17.634405076503754,
    20.96498066186905,
    -103.02372640371323,
    15.732937037944794,
    15.525040328502655,
    17.043605744838715,
    15.999947428703308,
    14.15293550491333,
    34.79249846935272,
    6.199589550495148,
    13.490944504737854,
    22.50213897228241,
    -4.984512686729431,
    11.757076263427734,
    18.87775468826294,
    -84.06622803211212,
    18.5293510556221,
    9.630612134933472,
    19.90914362668991,
    18.449991822242737,
    20.618323147296906,
    16.401670157909393,
    19.982073307037354,
    27.960011541843414,
    19.3134828209877,
    17.979023337364197,
    21.77943742275238,
    11.460366368293762,
    -2.754998743534088,
    20.362999320030212,
    20.0275918841362,
    20.61739605665207,
    6.563872158527374,
    25.31358575820923,
    29.682324945926666,
    30.761955201625824,
    30.610259532928467,
    26.02480250597,
    27.381588220596313,
    38.14114570617676,
    16.689731776714325,
    -58.00773251056671,
    38.47015023231506,
    18.769849121570587,
    23.424683272838593,
    21.017391681671143,
