{
  "algorithm": "ppo",
  "seed": 1,
  "epochs": 150,
  "epoch_returns": [
    -181.69765654802322,
    -178.78592442274095,
    -176.4634905308485,
    -171.68034257888795,
    -173.97294752895831,
    -166.61735767126083,
    -172.2855348020792,
    -167.76882624924184,
    -168.4173256546259,
    -164.492094963789,
    -162.37855548262596,
    -158.99355462789535,
    -161.88705518245698,
    -156.92689948678017,
    -158.31500293910503,
    -157.24282409250736,
    -154.7450953155756,
    -153.38155383467674,
    -151.94627300798894,
    -151.88787669837475,
    -149.8688349843025,
    -151.51372298300265,
    -150.10316131412984,
    -146.4070821225643,
    -149.9180986583233,
    -151.06901922822,
    -145.8640014052391,
    -149.06991130709648,
    -149.77543631196022,
    -147.03481164872647,
    -146.80369048118592,
    -151.42256096303464,
    -147.49661204218864,
    -146.84343793094158,
    -145.69478104710578,
    -148.17074550688267,
    -147.18626657128334,
    -145.75516959428788,
    -146.8912637680769,
    -147.34992100298405,
    -146.01309926211835,
    -146.68626815378667,
    -149.3415213763714,
    -148.6488160997629,
    -146.89009484648705,
    -147.00582872927188,
    -143.52544522285461,
    -145.91370828449726,
    -145.2900525599718,
    -146.41697539687158,
    -145.66202670633794,
    -145.42755362391472,
    -143.50483618080617,
    -147.22295745313167,
    -144.1316830664873,
    -143.28691180348397,
    -144.80387103557587,
    -146.82551823854448,
    -144.51412650942802,
    -143.65737349390983,
    -145.56670691370965,
    -143.74782665073872,
    -144.50869692265988,
    -147.88740425109864,
    -144.4694231390953,
    -143.58643743395805,
    -146.181672129035,
    -144.63071600198745,
    -146.4487122863531,
    -147.24653459489346,
    -143.4283805191517,
    -146.17923459112643,
    -146.63203345537187,
    -143.99381698071957,
    -143.37287352979183,
    -147.03880898952485,
    -145.20358212292194,
    -146.69531787633895,
    -143.00389861166477,
    -145.81280241012573,
    -146.07577555179597,
    -144.7791154831648,
    -144.10311619341374,
    -145.4779122084379,
    -147.25530150532722,
    -145.34948771595955,
    -144.6654783129692,
    -143.56102347373962,
    -145.7017853319645,
    -144.12898755967618,
    -143.3959309220314,
    -145.3651751279831,
    -145.38952408730984,
    -145.92548116445542,
    -144.70514565706253,
    -143.56817694306375,
    -145.11107410192488,
    -145.5979412049055,
    -144.7806414395571,
    -144.4400160998106,
    -144.36927433907985,
    -145.37011840641497,
    -145.12861713171006,
    -146.4608989596367,
    -145.3490157186985,
    -146.68983467817307,
    -143.3700439542532,
    -146.52106118798255,
    -145.7172278434038,
    -142.54509613513946,
    -144.7916984528303,
    -146.53081597983837,
    -142.1343442261219,
    -143.51939169168472,
    -145.18166208267212,
    -146.0850678384304,
    -145.30149038136005,
    -145.34592958688737,
    -145.98578534722327,
    -143.798681768775,
    -144.96194766759874,
    -144.26214955747128,
    -143.95227735042573,
    -146.42634295523166,
    -145.8432518273592,
    -144.04099630713463,
    -144.4158240020275,
    -144.25679157972337,
    -144.43087810873985,
    -143.620781904459,
    -145.23819308280946,
    -145.34731481075286,
    -144.4725811034441,
    -143.6191703081131,
    -144.45226639211177,
    -145.569235303998,
    -145.66135330200194,
    -145.22320328950883,
    -144.7878602296114,
    -145.67000665664673,
    -144.6392030864954,
    -146.64967120289802,
    -145.18797225356101,
    -144.89023530185221,
    -143.9992725610733,
    -145.72655132710935,
    -145.51421937644483,
    -144.3865362405777,
    -143.75979716181754,
    -144.35708407759665
  ],
  "epoch_costs": [
    0.0,
    0.0,
    0.0,
    0.0,
    0.0,
    0.0,
    0.0,
    0.0,
    0.0,
    0.0,
    0.0,
    0.0,
    0.0,
    0.0,
    0.0,
    0.0,
    0.0,
    0.0,
    0.0,
    0.0,
    0.0,
    0.0,
    0.0,
    0.0,
    0.0,
    0.0,
    0.0,
    0.0,
    0.0,
    0.0,
    0.0,
    0.0,
    0.0,
    0.0,
    0.0,
    0.0,
    0.0,
    0.0,
    0.0,
    0.0,
    0.0,
    0.0,
    0.0,
    0.0,
    0.0,
    0.0,
    0.0,
    0.0,
    0.0,
    0.0,
    0.0,
    0.0,
    0.0,
    0.0,
    0.0,
    0.0,
    0.0,
    0.0,
    0.0,
    0.0,
    0.0,
    0.0,
    0.0,
    0.0,
    0.0,
    0.0,
    0.0,
    0.0,
    0.0,
    0.0,
    0.0,
    0.0,
    0.0,
    0.0,
    0.0,
    0.0,
    0.0,
    0.0,
    0.0,
    0.0,
    0.0,
    0.0,
    0.0,
    0.0,
    0.0,
    0.0,
    0.0,
    0.0,
    0.0,
    0.0,
    0.0,
    0.0,
    0.0,
    0.0,
    0.0,
    0.0,
    0.0,
    0.0,
    0.0,
    0.0,
    0.0,
    0.0,
    0.0,
    0.0,
    0.0,
    0.0,
    0.0,
    0.0,
    0.0,
    0.0,
    0.0,
    0.0,
    0.0,
    0.0,
    0.0,
    0.0,
    0.0,
    0.0,
    0.0,
    0.0,
    0.0,
    0.0,
    0.0,
    0.0,
    0.0,
    0.0,
    0.0,
    0.0,
    0.0,
    0.0,
    0.0,
    0.0,
    0.0,
    0.0,
    0.0,
    0.0,
    0.0,
    0.0,
    0.0,
    0.0,
    0.0,
    0.0,
    0.0,
    0.0,
    0.0,
    0.0,
    0.0,
    0.0,
    0.0,
    0.0
  ],
  "epoch_solved_rates": [
    0.0,
    0.0,
    0.0,
    0.0,
    0.0,
    0.0,
    0.0,
    0.0,
    0.0,
    0.0,
    0.0,
    0.0,
    0.0,
    0.0,
    0.0,
    0.0,
    0.0,
    0.0,
    0.0,
    0.0,
    0.0,
    0.0,
    0.0,
    0.0,
    0.0,
    0.0,
    0.0,
    0.0,
    0.0,
    0.0,
    0.0,
    0.0,
    0.0,
    0.0,
    0.0,
    0.0,
    0.0,
    0.0,
    0.0,
    0.0,
    0.0,
    0.0,
    0.0,
    0.0,
    0.0,
    0.0,
    0.0,
    0.0,
    0.0,
    0.0,
    0.0,
    0.0,
    0.0,
    0.0,
    0.0,
    0.0,
    0.0,
    0.0,
    0.0,
    0.0,
    0.0,
    0.0,
    0.0,
    0.0,
    0.0,
    0.0,
    0.0,
    0.0,
    0.0,
    0.0,
    0.0,
    0.0,
    0.0,
    0.0,
    0.0,
    0.0,
    0.0,
    0.0,
    0.0,
    0.0,
    0.0,
    0.0,
    0.0,
    0.0,
    0.0,
    0.0,
    0.0,
    0.0,
    0.0,
    0.0,
    0.0,
    0.0,
    0.0,
    0.0,
    0.0,
    0.0,
    0.0,
    0.0,
    0.0,
    0.0,
    0.0,
    0.0,
    0.0,
    0.0,
    0.0,
    0.0,
    0.0,
    0.0,
    0.0,
    0.0,
    0.0,
    0.0,
    0.0,
    0.0,
    0.0,
    0.0,
    0.0,
    0.0,
    0.0,
    0.0,
    0.0,
    0.0,
    0.0,
    0.0,
    0.0,
    0.0,
    0.0,
    0.0,
    0.0,
    0.0,
    0.0,
    0.0,
    0.0,
    0.0,
    0.0,
    0.0,
    0.0,
    0.0,
    0.0,
    0.0,
    0.0,
    0.0,
    0.0,
    0.0,
    0.0,
    0.0,
    0.0,
    0.0,
    0.0,
    0.0
  ],
  "wall_time_sec": 277.8737199306488,
  "config": {
    "epochs": 150,
    "steps_per_epoch": 4000,
    "max_ep_len": 200,
    "clip_ratio": 0.2,
    "pi_lr": 0.0001,
    "vf_lr": 0.001,
    "train_pi_iters": 80,
    "train_v_iters": 80,
    "gamma": 0.99,
    "lam": 0.95,
    "ent_coef": 0.0,
    "hidden_size": 64,
    "max_speed": 0.04,
    "log_every": 5,
    "record_every": 10
  }
}