{
  "algorithm": "safe_ppo",
  "seed": 1,
  "epochs": 150,
  "epoch_returns": [
    -181.15941573381423,
    -178.79595949947833,
    -175.92271605432035,
    -172.35316261947156,
    -175.45194408893585,
    -173.38775244355202,
    -177.84729968607425,
    -175.90750780999662,
    -169.39330858588218,
    -169.54325636029245,
    -163.62050944566727,
    -169.45960501134397,
    -165.65378558039666,
    -164.02270756065846,
    -160.34395051300527,
    -162.94942011833191,
    -164.2699021846056,
    -167.21758529245852,
    -164.6366765588522,
    -160.5881479293108,
    -162.8624556452036,
    -164.91974729299545,
    -161.7759923994541,
    -155.56181406974792,
    -155.5648710012436,
    -159.18852864801883,
    -154.48821407854558,
    -158.31558424830436,
    -160.88320960104465,
    -159.6401082366705,
    -163.45132350325585,
    -162.04599658548833,
    -159.04856697618962,
    -156.38495710492134,
    -153.8624229043722,
    -154.70178357958793,
    -153.41493994891644,
    -150.37084543704987,
    -148.9044382363558,
    -148.619996291399,
    -150.1792607665062,
    -149.59650553464888,
    -151.09604345858097,
    -150.37442483305932,
    -150.43900673389436,
    -151.8510518670082,
    -158.67968295514584,
    -157.89956229925156,
    -160.78910750448705,
    -157.835541716218,
    -155.44422689080238,
    -153.2947172522545,
    -151.17401742637156,
    -154.98727371096612,
    -149.5508064776659,
    -150.07819220721723,
    -149.78717034459115,
    -151.69879594147204,
    -147.00437801480294,
    -143.19069273769855,
    -147.6799147516489,
    -143.26280761361122,
    -140.09053852856158,
    -152.2541897147894,
    -137.0193400323391,
    -140.20253777503967,
    -139.39195435643197,
    -131.39072000980377,
    -130.04965257644653,
    -131.5473606079817,
    -86.0778881162405,
    -107.16912934482097,
    -79.63077606856822,
    -38.00160755813122,
    -33.75934151411057,
    -53.55021860301495,
    5.056531063147953,
    -11.23120388246718,
    9.04329129146493,
    -7.290015976537358,
    9.015927804552991,
    18.884351169069607,
    9.624745488166809,
    17.27898383140564,
    16.386605724692345,
    30.016222181228493,
    27.042766098792736,
    35.01154544839152,
    30.875048392094097,
    30.97573413527929,
    27.73898042131353,
    33.33530978645597,
    42.75626025162637,
    40.46180512110392,
    36.788355521361034,
    39.07553519805273,
    39.470525972304806,
    44.6697297920199,
    44.768794087001254,
    47.68559743336269,
    46.132257173742566,
    51.0968270741011,
    45.62708916383631,
    43.47499996243101,
    46.482423736367906,
    46.346674627727936,
    48.410648436159704,
    45.57984388040172,
    48.361075329780576,
    48.78719529267904,
    51.34619726126011,
    44.954695996009946,
    48.13280383249124,
    45.77707332723281,
    42.07390343266375,
    48.40124351117346,
    46.08462178210417,
    48.123630006062356,
    49.09942124592952,
    42.61922512575984,
    44.00132149628231,
    47.90565824839804,
    49.98640794346207,
    48.03371157457954,
    47.54497006938264,
    44.838834867284106,
    43.42010068382535,
    45.93983312944571,
    48.043850846980746,
    48.62807951907854,
    49.34215388542567,
    50.15433384180069,
    46.7573584883641,
    49.8901175186038,
    53.785731609165666,
    46.42604012787342,
    49.71055897286064,
    46.10629211915167,
    48.84327753750902,
    49.32086075116427,
    50.28029355483177,
    48.43847569823265,
    46.40650597134152,
    41.69597452703644,
    41.59070789303098,
    46.88705417984411,
    46.31460602973637,
    44.913327231600476,
    47.08100358339456,
    50.29462722325936
  ],
  "epoch_costs": [
    0.0,
    0.0,
    0.0,
    0.0,
    0.0,
    0.0,
    0.0,
    0.0,
    0.0,
    0.0,
    0.0,
    0.0,
    0.0,
    0.0,
    0.0,
    0.0,
    0.0,
    0.0,
    0.0,
    0.0,
    0.0,
    0.0,
    0.0,
    0.0,
    0.0,
    0.0,
    0.0,
    0.0,
    0.0,
    0.0,
    0.0,
    0.0,
    0.0,
    0.0,
    0.0,
    0.0,
    0.0,
    0.0,
    0.0,
    0.0,
    0.0,
    0.0,
    0.0,
    0.0,
    0.0,
    0.0,
    0.0,
    0.0,
    0.0,
    0.0,
    0.0,
    0.0,
    0.0,
    0.0,
    0.0,
    0.0,
    0.0,
    0.0,
    0.0,
    0.0,
    0.0,
    0.03037877380847931,
    0.0,
    0.0,
    0.1678932264447212,
    0.44477198645472527,
    0.17959533408284187,
    0.9158288262784481,
    1.8374976262450218,
    1.3044512480497361,
    5.927287217229605,
    5.915545140951872,
    8.881982697546482,
    14.201262353360653,
    14.989467706531286,
    12.60162494778633,
    19.830148522342956,
    23.016344582041103,
    35.110882948274195,
    33.748041132634334,
    38.919330944185674,
    39.74597737379372,
    39.27753962317239,
    38.45572088723598,
    38.41488208311299,
    36.46161085481827,
    41.29642401291774,
    35.77843847705258,
    42.97654225677252,
    47.98703652849564,
    38.59073638032984,
    37.50633668048041,
    26.91180070862174,
    33.732639975845814,
    34.20487913588683,
    37.348420262833436,
    31.79610828286217,
    29.50491226508337,
    26.774360025354795,
    24.691444194742612,
    24.389243628297532,
    18.861788762635307,
    28.317157788311732,
    33.9863259291107,
    27.842853184257233,
    26.860875559349854,
    22.05070821054884,
    24.137289981047314,
    28.079219849620547,
    24.364197621474396,
    15.587665468836443,
    32.35123467851769,
    28.24394049992164,
    27.44446101960014,
    32.49203220272766,
    27.282073008517425,
    24.05250922880239,
    22.086875588093932,
    18.50717911659143,
    35.33422404853627,
    29.966709570799555,
    27.081227821608383,
    16.92254671493643,
    19.522783370394457,
    21.00631563043272,
    21.490186027578407,
    30.35820071867534,
    23.904467795458103,
    20.187550333377562,
    19.93448834886422,
    14.502807421561998,
    14.448733962327243,
    15.187348414307985,
    14.257949489727617,
    11.131302777305246,
    24.85468129027221,
    15.578594045811577,
    15.8854306771567,
    15.74893427130423,
    14.627024353314669,
    11.722259185253046,
    15.418290196672865,
    21.40553738780924,
    32.85877784385401,
    28.150664323568343,
    17.706861893989537,
    17.657823699477472,
    16.14603385772254,
    11.918266399548603,
    10.734528174767128
  ],