{
  "algorithm": "ppo",
  "seed": 1,
  "epochs": 150,
  "epoch_returns": [
    -181.69765654802322,
    -178.70233543515207,
    -176.81273214519024,
    -171.7344119220972,
    -173.6633380025625,
    -167.5587244749069,
    -174.89121732711791,
    -170.67551745474339,
    -172.54749096035957,
    -168.89876421093942,
    -171.65760234296323,
    -175.06924554407595,
    -175.04761876165867,
    -174.92715631127356,
    -173.5687325209379,
    -176.7054115951061,
    -176.54101820886135,
    -174.34352044165135,
    -166.99176226854325,
    -166.63150665462018,
    -161.18865915834903,
    -164.58978903889655,
    -163.5698460906744,
    -158.05147582888603,
    -158.2869783818722,
    -157.50798127353193,
    -151.1028075605631,
    -156.5004393517971,
    -157.0478538930416,
    -153.41838225126267,
    -154.56394591033458,
    -159.64017329514027,
    -155.01772261559964,
    -154.78700770735742,
    -157.2604853540659,
    -161.43462648391724,
    -166.3554833650589,
    -166.42635021209716,
    -161.83071750104426,
    -167.07354111373425,
    -163.5676171630621,
    -161.82277328670025,
    -165.93968451619148,
    -162.20898790061474,
    -157.61466498672962,
    -161.5473117649555,
    -158.20894609689714,
    -161.59035200476646,
    -161.57320490181445,
    -163.10417025089265,
    -162.17488929629326,
    -160.08285274207591,
    -158.73013455569745,
    -157.2226818203926,
    -157.72336009144783,
    -159.76180902421476,
    -161.0200009614229,
    -164.78278895616532,
    -159.76681523919106,
    -159.68968624174596,
    -161.1989456474781,
    -155.9973480641842,
    -153.64293587207794,
    -159.25165896117687,
    -155.3482770562172,
    -152.07684460282326,
    -153.51135178804398,
    -152.9632379502058,
    -153.10818698704242,
    -153.37318116724492,
    -146.59179541170596,
    -151.54645515978336,
    -151.94826598465443,
    -148.5302425801754,
    -149.90115968286992,
    -153.5743905901909,
    -154.41923809349538,
    -157.48325375318527,
    -150.15823516845703,
    -153.43862702250482,
    -152.32609492838384,
    -147.96820347607135,
    -149.5634374946356,
    -150.58649503588677,
    -151.20472947061063,
    -149.52854852974414,
    -146.3999418914318,
    -146.59011573195457,
    -148.66872006058694,
    -138.78962156176567,
    -141.41442140936852,
    -134.98323350548745,
    -116.32306989729405,
    -118.49281939864159,
    -55.37909238636494,
    -41.0777253895998,
    -37.509971550107004,
    -43.8719959974289,
    -18.8006679444086,
    -15.497583377928962,
    -9.398117633092971,
    -0.7369761737910184,
    11.26211820996326,
    3.321922523279985,
    12.071837348937988,
    6.2701104283332825,
    26.182177352905274,
    29.012520430343493,
    20.910780319800743,
    34.70186782652332,
    33.62790298872981,
    31.046757650786432,
    33.73723588671003,
    29.50171699788835,
    35.09420352352077,
    40.99259700626135,
    35.78401301503182,
    42.45085494265412,
    42.84221714209108,
    45.94839740296205,
    40.687833946198225,
    42.098917332562536,
    43.62598090136753,
    40.99547201756275,
    40.799644770160796,
    47.00796119909029,
    43.56889693122922,
    45.62117224250521,
    45.20911275999887,
    47.13391909088407,
    46.91557671001979,
    50.68447862643944,
    53.26675768047571,
    49.38144073293016,
    47.25526291813169,
    42.2626155950129,
    47.14000390801165,
    46.71995336148474,
    48.83817026744018,
    49.61742349631257,
    47.13131842182742,
    48.82956790762979,
    46.29330782379423,
    48.337774788339935,
    51.03184347886305,
    51.18058322134771,
    46.53468215991469,
    51.374068667759765,
    45.76680150372641,
    49.060161742899155
  ],
  "epoch_costs": [
    0.0,
    0.0,
    0.0,
    0.0,
    0.0,
    0.0,
    0.0,
    0.0,
    0.0,
    0.0,
    0.0,
    0.0,
    0.0,
    0.0,
    0.0,
    0.0,
    0.0,
    0.0,
    0.0,
    0.0,
    0.0,
    0.0,
    0.0,
    0.0,
    0.0,
    0.0,
    0.0,
    0.0,
    0.0,
    0.0,
    0.0,
    0.0,
    0.0,
    0.0,
    0.0,
    0.0,
    0.0,
    0.0,
    0.0,
    0.0,
    0.0,
    0.0,
    0.0,
    0.0,
    0.0,
    0.0,
    0.0,
    0.0,
    0.0,
    0.0,
    0.0,
    0.0,
    0.0,
    0.0,
    0.0,
    0.0,
    0.0,
    0.0,
    0.0,
    0.0,
    0.0,
    0.0,
    0.0,
    0.0,
    0.0,
    0.0,
    0.0,
    0.0,
    0.0,
    0.0,
    0.0,
    0.0,
    0.0,
    0.0,
    0.0,
    0.0,
    0.0,
    0.0,
    0.0,
    0.0,
    0.0,
    0.0,
    0.0,
    0.0,
    0.0,
    0.0,
    0.0,
    0.0,
    0.0,
    0.0015724360942840493,
    0.0,
    0.38593375757336607,
    1.3888518415391442,
    1.8933266110718248,
    8.85644242465496,
    12.030883603543042,
    13.73680339306593,
    15.941145870834589,
    23.057861346574057,
    26.110338997982797,
    31.492904953303793,
    29.629534211348403,
    28.97338654424833,
    25.5090285371989,
    27.43076882362366,
    38.594527165715895,
    37.57069089412689,
    31.172445536724158,
    38.50587157160044,
    25.84044947883775,
    31.342064561001187,
    36.27631534687404,
    39.59321629681757,
    46.81303792032931,
    45.12144519851125,
    28.80285375704989,
    41.94238420128822,
    30.89334421085589,
    29.387770291636972,
    23.550601973301834,
    39.13766600890085,
    36.92030127752911,
    28.803104434381513,
    33.360170645695746,
    44.80484774516475,
    25.80993571515019,
    34.8188019354235,
    31.252628824966294,
    31.16565688763346,
    25.855307601605144,
    30.166415996210915,
    22.690386917246016,
    16.294822699204087,
    24.13480508810765,
    31.653588449954988,
    43.71513098292053,
    27.88400488388207,
    27.098852501975166,
    26.55317780979582,
    26.251092926909525,
    27.866879403177236,
    26.496344360548097,
    32.06527444933142,
    28.128930743783712,
    17.617617194469158,
    21.312288957991097,
    32.61188953326029,
    21.389524087712573,
    31.417282261593,
    27.35997223233183
  ],
  "epoch_solved_rates": [
    0.0,
    0.0,
    0.0,
    0.0,
    0.0,
    0.0,
    0.0,
    0.0,
    0.0,
    0.0,
    0.0,
    0.0,
    0.0,
    0.0,
    0.0,
    0.0,
    0.0,
    0.0,
    0.0,
    0.0,
    0.0,
    0.0,
    0.0,
    0.0,
    0.0,
    0.0,
    0.0,
    0.0,
    0.0,
    0.0,
    0.0,
    0.0,
    0.0,
    0.0,
    0.0,
    0.0,
    0.0,
    0.0,
    0.0,
    0.0,
    0.0,
    0.0,
    0.0,
    0.0,
    0.0,
    0.0,
    0.0,
    0.0,
    0.0,
    0.0,
    0.0,
    0.0,
    0.0,
    0.0,
    0.0,
    0.0,
    0.0,
    0.0,
    0.0,
    0.0,
    0.0,
    0.0,
    0.0,
    0.0,
    0.0,
    0.0,
    0.0,
    0.0,
    0.0,
    0.0,
    0.0,
    0.0,
    0.0,
    0.0,
    0.0,
    0.0,
    0.0,
    0.0,
    0.0,
    0.0,
    0.0,
    0.0,
    0.0,
    0.0,
    0.0,
    0.0,
    0.0,
    0.0,
    0.0,
    0.0,
    0.0,
    0.0,
    0.05,
    0.1,
    0.5,
    0.65,
    0.65,
    0.6,
    0.8095238095238095,
    0.8095238095238095,
    0.8571428571428571,
    0.9090909090909091,
    1.0,
    0.9166666666666666,
    0.92,
    0.9166666666666666,
    1.0,
    0.9642857142857143,
    0.9615384615384616,
    0.967741935483871,
    1.0,
    0.9655172413793104,
    1.0,
    1.0,
    1.0,
    1.0,
    1.0,
    1.0,
    1.0,
    1.0,
    1.0,
    1.0,
    1.0,
    1.0,
    1.0,
    1.0,
    1.0,
    1.0,
    1.0,
    1.0,
    1.0,
    1.0,
    1.0,
    1.0,
    1.0,
    1.0,
    1.0,
    1.0,
    1.0,
    1.0,
    1.0,
    1.0,
    1.0,
    1.0,
    1.0,
    1.0,
    1.0,
    1.0,
    1.0,
    1.0
  ],
  "wall_time_sec": 241.61952447891235,
  "config": {
    "epochs": 150,
    "steps_per_epoch": 4000,
    "max_ep_len": 200,
    "clip_ratio": 0.2,
    "pi_lr": 0.0003,
    "vf_lr": 0.001,
    "train_pi_iters": 80,
    "train_v_iters": 80,
    "gamma": 0.99,
    "lam": 0.95,
    "ent_coef": 0.01,
    "hidden_size": 64,
    "max_speed": 0.04,
    "log_every": 5,
    "record_every": 10
  }
}