{
  "algorithm": "safe_ppo",
  "seed": 1,
  "epochs": 150,
  "epoch_returns": [
    -181.15941573381423,
    -179.08958947956563,
    -176.07554175257684,
    -171.79032461941242,
    -174.680575761199,
    -172.5119097739458,
    -176.47134007811547,
    -174.46624250113965,
    -167.67461239397525,
    -168.67700069844722,
    -164.5822430729866,
    -169.73594981133937,
    -168.910389778018,
    -167.30902959406376,
    -164.1980138838291,
    -170.07380654215814,
    -168.1942977309227,
    -170.4785948932171,
    -169.43584203422068,
    -164.23128151893616,
    -167.41221302747726,
    -169.31429068744183,
    -164.93895110487938,
    -158.6790575057268,
    -158.95236144959927,
    -161.8492505699396,
    -155.25255471169947,
    -159.95145353376864,
    -163.34867042303085,
    -158.63754540085793,
    -161.34531518816948,
    -165.45988161861897,
    -161.786947748065,
    -156.6526140511036,
    -160.60229421257972,
    -161.3898232281208,
    -161.06248072385787,
    -156.9450528562069,
    -155.98857278227806,
    -156.6791940897703,
    -158.3363457083702,
    -156.4405965089798,
    -163.83519757688046,
    -158.89762252867223,
    -158.75979073047637,
    -160.7404667109251,
    -155.42631619274616,
    -159.95290912389754,
    -159.31089427471161,
    -158.32102955579757,
    -153.79673187434673,
    -151.41771444678307,
    -147.30996783077717,
    -155.61942338347436,
    -147.46422748565675,
    -153.93658405542374,
    -146.9171691596508,
    -147.10942759811877,
    -137.5600992769003,
    -134.44854219853877,
    -143.2884516775608,
    -125.8580373197794,
    -122.92790435254574,
    -110.71308556199074,
    -37.84096321889332,
    -25.299950721718016,
    -20.990658961591265,
    -49.21375947623026,
    -49.214521598248254,
    2.2594558081843634,
    -12.010750962929292,
    8.47710846558861,
    10.951326489448547,
    -16.120342934673484,
    -25.565940743142907,
    -0.48599569693855615,
    3.9794552326202393,
    18.178492877483368,
    19.53258728522521,
    23.046117443304794,
    19.495413858890533,
    23.980765102086245,
    29.170951200856102,
    32.362588950565886,
    35.740349275094495,
    42.356831029538185,
    38.164034524271564,
    41.612374530235925,
    41.069530401627226,
    43.123108588159084,
    44.865339396577895,
    42.979990274617165,
    43.32058752514422,
    43.81352046041778,
    45.852251873697554,
    41.554748366860785,
    45.37901114153139,
    47.15205907656087,
    51.75297187033453,
    47.221691376822335,
    44.62539637259075,
    44.102225077874735,
    47.690852603978584,
    48.59092194325215,
    44.075468043486275,
    49.159868478775024,
    47.666417730821145,
    50.77425411500429,
    43.61982638471656,
    48.62231599291166,
    44.7349713111625,
    46.16260025567479,
    48.44541723947776,
    46.31635000576844,
    48.20256378253301,
    49.057022818036984,
    38.6371759434541,
    40.561707651242614,
    45.54851988213403,
    49.93317097896024,
    47.73583772697964,
    46.29233781389288,
    43.730527135165964,
    47.916437875580144,
    40.36847040933721,
    42.46025537933622,
    43.52905775819506,
    45.923533651389576,
    48.28952593528307,
    46.69410659764942,
    50.21414982378483,
    51.410603971779345,
    49.00740623932619,
    42.26419838450172,
    39.86493998224085,
    40.6646121505535,
    40.734341065088906,
    40.95657381686297,
    44.44220437069197,
    46.660245332278706,
    47.06640744679853,
    45.41328408320745,
    45.62262794209851,
    47.195259511470795,
    45.74431520386746,
    49.02206481878574,
    46.544372686972984,
    51.840261379877724,
    52.0181701343234,
    45.89312225745784
  ],
  "epoch_costs": [
    0.0,
    0.0,
    0.0,
    0.0,
    0.0,
    0.0,
    0.0,
    0.0,
    0.0,
    0.0,
    0.0,
    0.0,
    0.0,
    0.0,
    0.0,
    0.0,
    0.0,
    0.0,
    0.0,
    0.0,
    0.0,
    0.0,
    0.0,
    0.0,
    0.0,
    0.0,
    0.0,
    0.0,
    0.0,
    0.0,
    0.0,
    0.0,
    0.0,
    0.0,
    0.0,
    0.0,
    0.0,
    0.0,
    0.0,
    0.0,
    0.0,
    0.0,
    0.0,
    0.0,
    0.0,
    0.0,
    0.0,
    0.0,
    0.0,
    0.0,
    0.0,
    0.0,
    0.05065491423010826,
    0.02095406875014305,
    0.07915101945400238,
    0.0,
    0.11557884663343429,
    0.6567882940173149,
    0.9635357931256294,
    0.5746603585779667,
    0.59596391543746,
    2.541415478289127,
    2.8051065504550934,
    3.7552240498363973,
    12.891926229709672,
    17.323585044060433,
    15.678540859903608,
    19.579667953508242,
    19.004402836163838,
    34.41649762744253,
    29.771476025608454,
    31.157037308682565,
    38.33560676354429,
    32.15560186857527,
    32.309763823720544,
    30.94694249331951,
    37.69464202784002,
    41.40128685295582,
    29.393765818614227,
    35.999816917456116,
    43.05420344352722,
    26.525820878368837,
    30.741891169437654,
    32.3733182331281,
    39.12189798222648,
    27.5337690307248,
    26.583924664124364,
    29.78835945824782,
    31.889456830422084,
    29.445265911519527,
    26.313700607328705,
    28.75917257729805,
    32.042074475903064,
    28.44147957184098,
    25.458568325638772,
    28.773487455704633,
    28.883519662600577,
    20.784699253737926,
    15.861900990730838,
    20.751404993874687,
    24.535347371867726,
    34.80439671061256,
    22.962547013743055,
    19.70935992614643,
    20.7423408234285,
    20.45996935822462,
    21.601740515715367,
    16.18745431029483,
    26.142986037664944,
    22.821794378674692,
    27.758272285408832,
    24.31791336958607,
    20.21336713197984,
    17.250230425112957,
    15.47803217287247,
    17.842549732810742,
    51.07041681011518,
    41.53904241742566,
    32.72663556209633,
    19.722379294665235,
    21.78696509792998,
    19.846214619842737,
    21.109424805318987,
    19.365190723860586,
    27.106087401509285,
    24.84485022851399,
    24.32714159318379,
    18.33421748915785,
    15.158110011846592,
    14.197169638385898,
    13.717319090664386,
    8.509488484635948,
    12.000188297186142,
    34.807277316396885,
    32.882531766187064,
    33.605919660492376,
    34.14734857642289,
    37.42664200925466,
    17.831507955048536,
    18.891821876560385,
    15.917945012450218,
    23.69192268782192,
    22.842286482453346,
    18.35264042490407,
    15.560067482684788,
    9.68926550486149,
    11.755581772862337,
    6.7390996775566006,
    10.11413875331239,
    16.364860830621588
  ],