{
  "algorithm": "ppo",
  "seed": 2,
  "epochs": 150,
  "epoch_returns": [
    -179.19720993936062,
    -180.4438149034977,
    -180.99956668913364,
    -182.70319167673588,
    -175.2955345004797,
    -176.88449202775956,
    -179.66422131955625,
    -179.71078779101373,
    -179.05892073214054,
    -176.03005694448947,
    -177.74346016645433,
    -177.00116344690323,
    -173.43217776715755,
    -174.43112282454967,
    -175.33750681579113,
    -174.82404977679252,
    -171.99983636140823,
    -172.8174279421568,
    -179.29851015508174,
    -173.22429518699647,
    -171.9826751500368,
    -172.84221760332585,
    -173.82762115895747,
    -169.8940228253603,
    -169.4712147206068,
    -168.62222425043583,
    -169.48470504283904,
    -165.19798303842543,
    -166.36511674523354,
    -164.9923674762249,
    -166.07257607281207,
    -165.70421508252622,
    -165.98812371492386,
    -161.54286922812463,
    -163.52677108347416,
    -161.53969387710094,
    -163.1096199274063,
    -162.3465542793274,
    -164.93758589327336,
    -165.02524341344832,
    -164.18912039101124,
    -163.35812593102455,
    -162.39837523400783,
    -164.41342921853067,
    -163.690174973011,
    -163.68493644595145,
    -162.49125643968583,
    -163.40355739295484,
    -160.64260930120946,
    -160.7816729784012,
    -162.6457823127508,
    -161.07701193988322,
    -161.03017747104167,
    -161.6865670233965,
    -161.21741930544377,
    -163.67838080227375,
    -162.39006658792496,
    -162.3359560519457,
    -161.30084903836251,
    -161.50107620954515,
    -159.4984502196312,
    -160.4437399238348,
    -159.80071924924852,
    -161.6775137960911,
    -161.12142604887487,
    -161.20552842319012,
    -159.66742371916772,
    -160.95153524875641,
    -160.09669635891913,
    -162.06614271104337,
    -162.21795675456525,
    -161.34828773140907,
    -160.09651699364184,
    -159.41279461085796,
    -161.6910886913538,
    -157.49476585090162,
    -160.99859171807765,
    -158.00435939729215,
    -162.2753385514021,
    -159.49300137162209,
    -160.00114813148974,
    -161.52251706123351,
    -159.64763005375863,
    -159.56064151227474,
    -161.3923535346985,
    -161.80011293888091,
    -161.93481124937534,
    -160.03358526527882,
    -161.33865615725517,
    -160.74501021504403,
    -162.12938382327556,
    -159.69057992994786,
    -159.15315002202988,
    -160.50790981054305,
    -159.4772751301527,
    -159.57226331233977,
    -159.89956956207752,
    -160.724510204792,
    -159.22575943171978,
    -163.11219468712807,
    -159.70240759551524,
    -162.04918657541276,
    -160.56570163965225,
    -160.10032004714012,
    -161.92708669304847,
    -160.09788004755973,
    -161.70690366625786,
    -158.11893963813782,
    -160.82471840679645,
    -157.63007722198964,
    -160.67455414533615,
    -160.30985135436057,
    -160.69756290614606,
    -159.03685673177242,
    -162.64804032742978,
    -159.7120586514473,
    -159.98784237802028,
    -161.40415273308753,
    -160.34551935493946,
    -160.27576565742493,
    -161.80920110046864,
    -160.43139536082745,
    -161.42385484278202,
    -160.03541035354138,
    -161.99148527681828,
    -159.73310748636723,
    -160.4111142605543,
    -160.46479951441287,
    -161.9145761489868,
    -159.02542900145053,
    -159.5750457316637,
    -160.3577526718378,
    -160.98248486816883,
    -162.27960035502912,
    -157.90886889696122,
    -161.6508197516203,
    -160.8904342353344,
    -161.78651399314404,
    -161.32222077548505,
    -162.35392455160618,
    -159.35637631714343,
    -160.76347861289977,
    -160.7195395231247,
    -160.62330727279186,
    -161.20409515798093,
    -159.23829542696475,
    -160.3511467576027,
    -159.09125753343105,
    -159.05725749731064,
    -160.3893504023552
  ],
  "epoch_costs": [
    0.0,
    0.0,
    0.0,
    0.0,
    0.0,
    0.0,
    0.0,
    0.0,
    0.0,
    0.0,
    0.0,
    0.0,
    0.0,
    0.0,
    0.0,
    0.0,
    0.0,
    0.0,
    0.0,
    0.0,
    0.0,
    0.0,
    0.0,
    0.0,
    0.0,
    0.0,
    0.0,
    0.0,
    0.0,
    0.0,
    0.0,
    0.0,
    0.0,
    0.0,
    0.0,
    0.0,
    0.0,
    0.0,
    0.0,
    0.0,
    0.0,
    0.0,
    0.0,
    0.0,
    0.0,
    0.0,
    0.0,
    0.0,
    0.0,
    0.0,
    0.0,
    0.0,
    0.0,
    0.0,
    0.0,
    0.0,
    0.0,
    0.0,
    0.0,
    0.0,
    0.0,
    0.0,
    0.0,
    0.0,
    0.0,
    0.0,
    0.0,
    0.0,
    0.0,
    0.0,
    0.0,
    0.0,
    0.0,
    0.0,
    0.0,
    0.0,
    0.0,
    0.0,
    0.0,
    0.0,
    0.0,
    0.0,
    0.0,
    0.0,
    0.0,
    0.0,
    0.0,
    0.0,
    0.0,
    0.0,
    0.0,
    0.0,
    0.0,
    0.0,
    0.0,
    0.0,
    0.0,
    0.0,
    0.0,
    0.0,
    0.0,
    0.0,
    0.0,
    0.0,
    0.0,
    0.0,
    0.0,
    0.0,
    0.0,
    0.0,
    0.0,
    0.0,
    0.0,
    0.0,
    0.0,
    0.0,
    0.0,
    0.0,
    0.0,
    0.0,
    0.0,
    0.0,
    0.0,
    0.0,
    0.0,
    0.0,
    0.0,
    0.0,
    0.0,
    0.0,
    0.0,
    0.0,
    0.0,
    0.0,
    0.0,
    0.0,
    0.0,
    0.0,
    0.0,
    0.0,
    0.0,
    0.0,
    0.0,
    0.0,
    0.0,
    0.0,
    0.0,
    0.0,
    0.0,
    0.0
  ],
  "epoch_solved_rates": [
    0.0,
    0.0,
    0.0,
    0.0,
    0.0,
    0.0,
    0.0,
    0.0,
    0.0,
    0.0,
    0.0,
    0.0,
    0.0,
    0.0,
    0.0,
    0.0,
    0.0,
    0.0,
    0.0,
    0.0,
    0.0,
    0.0,
    0.0,
    0.0,
    0.0,
    0.0,
    0.0,
    0.0,
    0.0,
    0.0,
    0.0,
    0.0,
    0.0,
    0.0,
    0.0,
    0.0,
    0.0,
    0.0,
    0.0,
    0.0,
    0.0,
    0.0,
    0.0,
    0.0,
    0.0,
    0.0,
    0.0,
    0.0,
    0.0,
    0.0,
    0.0,
    0.0,
    0.0,
    0.0,
    0.0,
    0.0,
    0.0,
    0.0,
    0.0,
    0.0,
    0.0,
    0.0,
    0.0,
    0.0,
    0.0,
    0.0,
    0.0,
    0.0,
    0.0,
    0.0,
    0.0,
    0.0,
    0.0,
    0.0,
    0.0,
    0.0,
    0.0,
    0.0,
    0.0,
    0.0,
    0.0,
    0.0,
    0.0,
    0.0,
    0.0,
    0.0,
    0.0,
    0.0,
    0.0,
    0.0,
    0.0,
    0.0,
    0.0,
    0.0,
    0.0,
    0.0,
    0.0,
    0.0,
    0.0,
    0.0,
    0.0,
    0.0,
    0.0,
    0.0,
    0.0,
    0.0,
    0.0,
    0.0,
    0.0,
    0.0,
    0.0,
    0.0,
    0.0,
    0.0,
    0.0,
    0.0,
    0.0,
    0.0,
    0.0,
    0.0,
    0.0,
    0.0,
    0.0,
    0.0,
    0.0,
    0.0,
    0.0,
    0.0,
    0.0,
    0.0,
    0.0,
    0.0,
    0.0,
    0.0,
    0.0,
    0.0,
    0.0,
    0.0,
    0.0,
    0.0,
    0.0,
    0.0,
    0.0,
    0.0,
    0.0,
    0.0,
    0.0,
    0.0,
    0.0,
    0.0
  ],
  "wall_time_sec": 270.4274342060089,
  "config": {
    "epochs": 150,
    "steps_per_epoch": 4000,
    "max_ep_len": 200,
    "clip_ratio": 0.2,
    "pi_lr": 0.0001,
    "vf_lr": 0.001,
    "train_pi_iters": 80,
    "train_v_iters": 80,
    "gamma": 0.99,
    "lam": 0.95,
    "ent_coef": 0.0,
    "hidden_size": 64,
    "max_speed": 0.04,
    "log_every": 5,
    "record_every": 10
  }
}