{
  "algorithm": "ppo",
  "seed": 2,
  "epochs": 150,
  "epoch_returns": [
    -179.19720993936062,
    -180.149402359128,
    -180.5827388525009,
    -183.03638811707498,
    -175.67741204202176,
    -178.55030563473701,
    -179.25648198127746,
    -180.0770931661129,
    -175.6742836087942,
    -176.23442797362804,
    -178.05851002037525,
    -178.55911546647548,
    -178.36570552289487,
    -182.4887518107891,
    -178.342814296484,
    -178.3178870677948,
    -180.84260078966616,
    -179.49494583010673,
    -178.63545362949372,
    -176.35027127861977,
    -181.04207680523396,
    -175.36017190217973,
    -178.84376238286495,
    -180.5550741314888,
    -180.90768036842346,
    -176.08692394495012,
    -168.76994766891002,
    -166.94777170717717,
    -162.96083477437497,
    -159.90621861517428,
    -158.79086442291737,
    -155.22969797551633,
    -155.6893835812807,
    -154.80600036084653,
    -154.13263143002987,
    -157.40868611037732,
    -152.76153620779513,
    -155.41224617362022,
    -153.13041077256202,
    -149.09198671281337,
    -154.03709894418716,
    -149.1894123673439,
    -151.71717817783355,
    -149.62780705392362,
    -151.1506454616785,
    -147.99530719816684,
    -152.69634067118167,
    -148.5031000882387,
    -151.23438109755517,
    -149.5833053380251,
    -149.52458464205264,
    -149.54471059441568,
    -147.42267967462539,
    -149.34908880889415,
    -148.6586899995804,
    -146.54611293673514,
    -150.07253915965558,
    -149.62720213532447,
    -146.40854195058347,
    -147.27146605551243,
    -148.7127586811781,
    -148.3844836086035,
    -149.60726016759872,
    -148.53119521439075,
    -149.06255955696105,
    -150.64177177250386,
    -149.13689515292646,
    -149.53590421378613,
    -149.5433757454157,
    -151.87220165133476,
    -151.32024837136268,
    -150.97862460017205,
    -152.4527639001608,
    -153.09534782469274,
    -152.51594802737236,
    -152.7524595707655,
    -151.8381975263357,
    -151.6741987466812,
    -150.62441617250443,
    -151.2184260070324,
    -152.60051844120025,
    -149.9106267631054,
    -151.40985103845597,
    -152.94038076400756,
    -149.05332386493683,
    -151.75135261416435,
    -151.01792103648185,
    -153.50888290703296,
    -151.47560598254205,
    -149.52744090557098,
    -146.22492236495017,
    -151.2980980247259,
    -150.66326755583287,
    -145.47358305752277,
    -144.37779940366744,
    -139.56370315253736,
    -138.03200715482234,
    -128.10573606789112,
    -129.46863736510278,
    -113.82570983171463,
    -118.46909222900868,
    -93.87508565485477,
    -76.76895472705364,
    -70.44408682882786,
    -31.44312132894993,
    -33.84288181293579,
    -17.944461805479868,
    -28.50484298169613,
    -19.548438920861198,
    -29.109174038682664,
    -18.655245165933263,
    -9.870851197968358,
    -9.357482845368592,
    12.217665784060955,
    9.86444018125534,
    11.802840679883957,
    26.594386614285984,
    20.423691148757936,
    27.985217030401582,
    24.07689642906189,
    31.42708118047033,
    31.90400997229985,
    28.374522381595202,
    39.76526463031769,
    33.6924666700692,
    39.502724677324295,
    43.495774603251256,
    38.06766298227012,
    43.031824592388034,
    44.81046872586012,
    42.34925922565162,
    44.529397910132126,
    45.24174777023933,
    37.81466360489527,
    40.53515501320362,
    43.384436632647656,
    42.7022820096463,
    43.95826435439727,
    45.2099197243943,
    44.54588757242475,
    44.32166387523924,
    46.367039050374714,
    44.86250965735491,
    43.17911131767666,
    46.649439565009544,
    45.95334416627884,
    49.86094300972449,
    46.76833832774844,
    45.84177128928048,
    45.385075108093375
  ],
  "epoch_costs": [
    0.0,
    0.0,
    0.0,
    0.0,
    0.0,
    0.0,
    0.0,
    0.0,
    0.0,
    0.0,
    0.0,
    0.0,
    0.0,
    0.0,
    0.0,
    0.0,
    0.0,
    0.0,
    0.0,
    0.0,
    0.0,
    0.0,
    0.0,
    0.0,
    0.0,
    0.0,
    0.0,
    0.0,
    0.0,
    0.0,
    0.0,
    0.0,
    0.0,
    0.0,
    0.0,
    0.0,
    0.0,
    0.0,
    0.0,
    0.0,
    0.0,
    0.0,
    0.0,
    0.0,
    0.0,
    0.0,
    0.0,
    0.0,
    0.0,
    0.0,
    0.0,
    0.0,
    0.0,
    0.0,
    0.0,
    0.0,
    0.0,
    0.0,
    0.0,
    0.0,
    0.0,
    0.0,
    0.0,
    0.0,
    0.0,
    0.0,
    0.0,
    0.0,
    0.0,
    0.0,
    0.0,
    0.0,
    0.0,
    0.0,
    0.0,
    0.0,
    0.0,
    0.0,
    0.0,
    0.0,
    0.0,
    0.0,
    0.0,
    0.0,
    0.0,
    0.0,
    0.0,
    0.0,
    0.0,
    0.0,
    0.0,
    0.0029349751770496244,
    0.05200587809085842,
    0.411623790860176,
    0.8805722251534462,
    1.64494254887104,
    1.4145539477467535,
    4.599622555077076,
    4.470342096686363,
    8.775204128026962,
    8.226163054257631,
    9.678375741094351,
    9.689981450140476,
    12.908156380057335,
    12.4913803614676,
    13.476602227205323,
    13.461229246287118,
    17.75241417735815,
    20.72305936117967,
    21.91215585526966,
    28.14506349306215,
    27.299634763080142,
    28.94191243596699,
    35.33223976319035,
    25.3111345744133,
    35.530168391143285,
    30.10784706587975,
    38.52636576592922,
    28.11298096621478,
    31.21290466465332,
    37.31478383871062,
    36.80079545187099,
    39.211910508573055,
    28.516022134323915,
    36.540410315682145,
    28.31319115124643,
    25.73463450281909,
    28.6906491946429,
    28.802324935793877,
    29.549403447657824,
    35.1435096594505,
    27.392476524062015,
    26.661007744862754,
    41.18008736322324,
    36.830474539194256,
    34.87398369023294,
    37.91313014086336,
    31.698038772186813,
    29.957207027603598,
    31.754135815160616,
    31.621219316550665,
    30.710890800186565,
    34.44715601468788,
    35.96431590222261,
    24.099068593233824,
    35.09445537626743,
    23.618341076615696,
    32.68421289537634,
    33.14478039656367,
    34.89556494924952
  ],
  "epoch_solved_rates": [
    0.0,
    0.0,
    0.0,
    0.0,
    0.0,
    0.0,
    0.0,
    0.0,
    0.0,
    0.0,
    0.0,
    0.0,
    0.0,
    0.0,
    0.0,
    0.0,
    0.0,
    0.0,
    0.0,
    0.0,
    0.0,
    0.0,
    0.0,
    0.0,
    0.0,
    0.0,
    0.0,
    0.0,
    0.0,
    0.0,
    0.0,
    0.0,
    0.0,
    0.0,
    0.0,
    0.0,
    0.0,
    0.0,
    0.0,
    0.0,
    0.0,
    0.0,
    0.0,
    0.0,
    0.0,
    0.0,
    0.0,
    0.0,
    0.0,
    0.0,
    0.0,
    0.0,
    0.0,
    0.0,
    0.0,
    0.0,
    0.0,
    0.0,
    0.0,
    0.0,
    0.0,
    0.0,
    0.0,
    0.0,
    0.0,
    0.0,
    0.0,
    0.0,
    0.0,
    0.0,
    0.0,
    0.0,
    0.0,
    0.0,
    0.0,
    0.0,
    0.0,
    0.0,
    0.0,
    0.0,
    0.0,
    0.0,
    0.0,
    0.0,
    0.0,
    0.0,
    0.0,
    0.0,
    0.0,
    0.0,
    0.0,
    0.0,
    0.0,
    0.0,
    0.0,
    0.0,
    0.0,
    0.0,
    0.0,
    0.0,
    0.0,
    0.1,
    0.25,
    0.3,
    0.7,
    0.6666666666666666,
    0.8095238095238095,
    0.8,
    0.8095238095238095,
    0.7142857142857143,
    0.7727272727272727,
    0.782608695652174,
    0.8260869565217391,
    0.9166666666666666,
    0.88,
    0.9583333333333334,
    1.0,
    0.96,
    1.0,
    0.9259259259259259,
    1.0,
    0.9642857142857143,
    0.9285714285714286,
    1.0,
    0.9655172413793104,
    1.0,
    1.0,
    0.96875,
    1.0,
    1.0,
    1.0,
    1.0,
    1.0,
    1.0,
    1.0,
    1.0,
    1.0,
    1.0,
    1.0,
    1.0,
    1.0,
    1.0,
    1.0,
    1.0,
    1.0,
    1.0,
    1.0,
    1.0,
    1.0,
    1.0
  ],
  "wall_time_sec": 248.24264097213745,
  "config": {
    "epochs": 150,
    "steps_per_epoch": 4000,
    "max_ep_len": 200,
    "clip_ratio": 0.2,
    "pi_lr": 0.0003,
    "vf_lr": 0.001,
    "train_pi_iters": 80,
    "train_v_iters": 80,
    "gamma": 0.99,
    "lam": 0.95,
    "ent_coef": 0.01,
    "hidden_size": 64,
    "max_speed": 0.04,
    "log_every": 5,
    "record_every": 10
  }
}