{
  "algorithm": "safe_ppo",
  "seed": 1,
  "epochs": 150,
  "epoch_returns": [
    -181.15941573381423,
    -178.79595949947833,
    -175.92271605432035,
    -172.35316261947156,
    -175.45194408893585,
    -173.38775244355202,
    -177.84729968607425,
    -175.90750780999662,
    -169.39330858588218,
    -169.54325636029245,
    -163.62050944566727,
    -169.45960501134397,
    -165.65378558039666,
    -164.02270756065846,
    -160.34395051300527,
    -162.94942011833191,
    -164.2699021846056,
    -167.21758529245852,
    -164.6366765588522,
    -160.5881479293108,
    -162.8624556452036,
    -164.91974729299545,
    -161.7759923994541,
    -155.56181406974792,
    -155.5648710012436,
    -159.18852864801883,
    -154.48821407854558,
    -158.31558424830436,
    -160.88320960104465,
    -159.6401082366705,
    -163.45132350325585,
    -162.04599658548833,
    -159.04856697618962,
    -156.38495710492134,
    -153.8624229043722,
    -154.70178357958793,
    -153.41493994891644,
    -150.37084543704987,
    -148.9044382363558,
    -148.619996291399,
    -150.1792607665062,
    -149.59650553464888,
    -151.09604345858097,
    -150.37442483305932,
    -150.43900673389436,
    -151.8510518670082,
    -158.67968295514584,
    -157.89956229925156,
    -160.78910750448705,
    -157.835541716218,
    -155.44422689080238,
    -153.2947172522545,
    -151.17401742637156,
    -154.98727371096612,
    -149.5508064776659,
    -150.07819220721723,
    -149.78717034459115,
    -151.69879594147204,
    -147.00437801480294,
    -143.19069273769855,
    -147.6799147516489,
    -143.26280761361122,
    -140.27676137983798,
    -151.89385171234608,
    -136.5504957228899,
    -140.3265492260456,
    -134.0182557195425,
    -125.55689286887646,
    -119.14573307931423,
    -99.46676375567912,
    -74.28519689738751,
    -74.37046262323857,
    -63.90902638733387,
    -61.17266070842743,
    -46.91469672620296,
    -39.699770274758336,
    -11.692074994246164,
    3.780752555890517,
    6.838246149676187,
    -6.052172890731266,
    -4.980770057155972,
    12.38271850347519,
    2.665852642577627,
    10.795274718948033,
    24.18492224564155,
    24.18331615626812,
    28.75296094417572,
    31.846301977281218,
    37.69153366982937,
    34.4056743449635,
    30.98233077261183,
    33.73556124099663,
    36.63938732804923,
    42.81108243234696,
    42.842746336613935,
    41.15074020624161,
    43.87650209088479,
    44.543930969455026,
    46.18240588241153,
    45.671545433275625,
    48.08169458475378,
    44.46421309643321,
    47.2160332465873,
    47.09668638706207,
    45.23996906070148,
    45.47737698725292,
    44.15240105811287,
    45.8783501370957,
    48.92677482805754,
    49.018422018540534,
    51.27502802759409,
    44.61022986033384,
    48.020824912616185,
    49.53860083477838,
    45.78451010296422,
    47.98603636523088,
    41.01993962596445,
    45.69180113242732,
    49.01505977221024,
    49.54083976552293,
    50.02486798167229,
    50.94301598966122,
    53.380355750642174,
    51.961542441294746,
    50.42059559257407,
    42.46885162430841,
    36.62664008651461,
    38.78389528819493,
    47.23197009434571,
    44.90523859361807,
    46.52470939567215,
    49.3110054288155,
    42.87001619467864,
    48.47307373163028,
    48.50353930741549,
    43.93874298741943,
    46.76160878248704,
    46.53638996069248,
    47.61793663868537,
    46.29741880221245,
    49.21528522223234,
    48.00904529243708,
    48.883324632048605,
    49.71580106317997,
    50.66674642264843,
    47.68914316829882,
    45.832671990265716,
    43.47163903382089,
    46.077042956101266,
    50.47616131454706
  ],
  "epoch_costs": [
    0.0,
    0.0,
    0.0,
    0.0,
    0.0,
    0.0,
    0.0,
    0.0,
    0.0,
    0.0,
    0.0,
    0.0,
    0.0,
    0.0,
    0.0,
    0.0,
    0.0,
    0.0,
    0.0,
    0.0,
    0.0,
    0.0,
    0.0,
    0.0,
    0.0,
    0.0,
    0.0,
    0.0,
    0.0,
    0.0,
    0.0,
    0.0,
    0.0,
    0.0,
    0.0,
    0.0,
    0.0,
    0.0,
    0.0,
    0.0,
    0.0,
    0.0,
    0.0,
    0.0,
    0.0,
    0.0,
    0.0,
    0.0,
    0.0,
    0.0,
    0.0,
    0.0,
    0.0,
    0.0,
    0.0,
    0.0,
    0.0,
    0.0,
    0.0,
    0.0,
    0.0,
    0.03037877380847931,
    0.0,
    0.0,
    0.037697888910770416,
    0.08483411744236946,
    0.6215370044112205,
    1.175843772292137,
    2.1097805432975294,
    3.826176354289055,
    5.764864617586136,
    6.473323568701744,
    10.021708071231842,
    10.414738484472036,
    14.172147651016711,
    13.410712548345327,
    20.030023523029826,
    25.008575748313557,
    26.444576246397837,
    25.209842708139192,
    32.274074975933345,
    31.40554042549237,
    27.867788246792294,
    28.01933193595513,
    30.818320967877906,
    33.21409606933594,
    30.922363265752793,
    26.904175521047026,
    26.014341601303645,
    35.68936048613654,
    35.451828112756765,
    23.394588830747775,
    31.412119808895834,
    22.35913727168114,
    23.387662526580595,
    28.134480700393517,
    25.429146223491237,
    22.032536032524977,
    17.172692876723076,
    23.104672081091188,
    17.074841712498003,
    14.613750947018465,
    21.173389084637165,
    17.757745920334543,
    23.12193327572416,
    21.412735080293245,
    27.68644835536971,
    16.886863440275192,
    16.267047148001822,
    17.06449202330489,
    12.417225401848555,
    23.762019822702687,
    22.086478343605997,
    18.706733966725213,
    30.36397035468009,
    17.61784034015404,
    24.98003617148189,
    19.020337959544527,
    12.526597130757112,
    11.730625459873998,
    14.779364949778506,
    12.570192524045705,
    8.248129676027995,
    10.069718355933825,
    13.521456280821248,
    15.748279356473201,
    17.678065296581813,
    18.4242040093456,
    13.314850045619783,
    15.227399127350914,
    13.669176725572662,
    11.353424446322979,
    13.69880727980588,
    11.520340781181286,
    8.935606211051345,
    10.442409071875247,
    8.015179078930464,
    8.61700197863273,
    7.704573732920182,
    9.937544488371946,
    6.863932875916362,
    9.49850729368627,
    7.0711736842989925,
    5.671882296353578,
    8.343417968973517,
    14.815398741317424,
    15.380988412612194,
    17.910462207678293,
    12.216375243506933,
    7.529156875237822
  ],