{
  "algorithm": "safe_ppo",
  "seed": 0,
  "epochs": 150,
  "epoch_returns": [
    -178.75869366526604,
    -179.2764982521534,
    -181.22974860668182,
    -180.87549093961715,
    -175.1459898173809,
    -175.9538479089737,
    -171.78187082707882,
    -176.3963228404522,
    -176.74990184903146,
    -171.45226787030697,
    -168.25555867552757,
    -173.73148008584977,
    -166.12314661741257,
    -164.34355607032776,
    -162.57971641123294,
    -159.01975795328616,
    -158.1186509460211,
    -156.25192705988883,
    -156.45096399486064,
    -153.68923387527465,
    -148.94932437837124,
    -151.8295369297266,
    -146.7781294286251,
    -152.12450742125512,
    -149.96578563451766,
    -145.1693619161844,
    -147.86039428412914,
    -149.05474018752574,
    -149.23735934495926,
    -148.24863274991512,
    -149.6561338096857,
    -148.58030765354633,
    -146.47174230217934,
    -147.6698441505432,
    -146.23392251729965,
    -145.42570436894894,
    -147.78246117830275,
    -145.71225384175779,
    -147.30453079044818,
    -145.83266135156154,
    -147.47889980971814,
    -144.94316868185996,
    -142.72537207603455,
    -125.65482948720455,
    -124.3881458312273,
    -128.00012650191783,
    -126.63291668295861,
    -132.41601613759994,
    -102.00461850762368,
    -123.23343510329724,
    -131.38054086863994,
    -131.19160782396793,
    -120.16950176656246,
    -115.76614807248116,
    -123.80643748939038,
    -119.08241259753704,
    -101.4910744458437,
    -99.07782456576824,
    -91.62166080474853,
    -97.38221806585788,
    -78.64679435193538,
    -84.06105550229549,
    -57.68638019618534,
    -80.90985693633556,
    -51.714417880773546,
    -47.630755733876,
    -39.82404794011797,
    -56.47878330662137,
    -72.9856928795576,
    -73.40766417682171,
    -17.512701562859796,
    -4.2776832038706,
    -29.014247420288267,
    -6.230913733894175,
    6.101454120615254,
    4.859687242818915,
    10.08473881582419,
    16.6563109010458,
    12.713693683147431,
    21.509614607462517,
    26.10996730838503,
    25.226044568750595,
    35.12299380014683,
    25.80909576680925,
    25.065644134368217,
    38.96068540318259,
    22.409656125086325,
    16.38355655140347,
    31.609023044849263,
    10.157649526229271,
    16.732098480829826,
    19.92603020314817,
    9.283534801923311,
    33.04255099748743,
    28.640856242179872,
    32.7040480567563,
    29.466872572898865,
    33.56077859478612,
    28.224679540310586,
    24.076081750648363,
    22.862753934093885,
    9.260255561934578,
    31.9048852843623,
    30.16570914753022,
    42.06786400079727,
    25.120404300945147,
    35.80585312098265,
    36.20259732730461,
    -2.0626201272010802,
    9.777143638134003,
    21.995415221367562,
    28.442504833141964,
    40.52077531453335,
    36.55737691745162,
    23.9416827836207,
    32.15668608347575,
    37.391844447581995,
    36.58352719806135,
    30.696363989263773,
    37.58022292390947,
    31.177721108992895,
    41.86350166797638,
    35.16799432039261,
    30.53810719959438,
    14.311592949288231,
    43.69810537380331,
    39.052902461904466,
    23.734103951851527,
    31.459136794353352,
    30.639347471296787,
    24.73800044854482,
    26.410787387140864,
    24.023081257425506,
    27.20511136900994,
    27.691140440202528,
    34.654268780723214,
    43.20855354386217,
    46.6323412342204,
    35.29109878612287,
    48.50599313775698,
    37.44442321134336,
    16.351236834608276,
    39.08304116129875,
    28.002232215096875,
    30.159454859072163,
    25.138155569290294,
    32.66095731854439,
    21.666126995251098,
    21.80539585153262,
    32.46109842170369
  ],
  "epoch_costs": [
    0.0,
    0.0,
    0.0,
    0.0,
    0.0,
    0.0,
    0.0,
    0.0,
    0.0,
    0.0,
    0.0,
    0.0,
    0.0,
    0.0,
    0.0,
    0.0,
    0.0,
    0.0,
    0.0,
    0.0,
    0.0,
    0.0,
    0.0,
    0.0,
    0.0,
    0.0,
    0.0,
    0.0,
    0.0,
    0.0,
    0.0,
    0.0,
    0.0,
    0.0,
    0.0,
    0.0,
    0.0,
    0.0,
    0.0,
    0.0,
    0.0,
    0.0,
    0.0,
    0.01726211979985237,
    0.27056686505675315,
    0.0807453878223896,
    0.35064054653048515,
    0.41912204027175903,
    2.369122979789972,
    0.9883984938263893,
    0.2820375382900238,
    1.1100893124938012,
    1.0072891108691693,
    2.0555111572146414,
    1.9771846160292625,
    3.912317658960819,
    7.956960930675268,
    6.117421045899391,
    7.774275908619165,
    7.459781101346016,
    5.0706512846052645,
    4.668405526131392,
    7.5709125974348614,
    6.6007634237408634,
    9.060870699584484,
    8.294668167829514,
    6.83378672174045,
    5.887465198125158,
    12.186980561167001,
    13.288172868639231,
    13.807049692354418,
    9.532013449479233,
    10.271998118786584,
    9.5579682209275,
    11.359704903286437,
    10.933631459655968,
    8.64481058344245,
    10.823809624339143,
    8.719090044498444,
    8.640247643567049,
    8.329690282898289,
    8.33951756965231,
    5.8545901220420316,
    7.264640111614157,
    9.025442268699408,
    8.466722864015349,
    8.158255546181291,
    8.640265771084362,
    8.298238304154626,
    8.624931074678898,
    8.300187975168228,
    6.717270148573099,
    8.349967476840202,
    6.833941298825987,
    7.109876811504364,
    7.875712829732126,
    6.858735706271796,
    5.357769164346879,
    4.4758666562182565,
    4.821923863674913,
    4.42058760459934,
    3.9942768585902675,
    3.3905850144163256,
    3.2669615255248163,
    2.413703208619898,
    3.2615649923682213,
    2.630416107363999,
    3.7047835502660638,
    2.596896356344223,
    2.332586385011673,
    2.5855765039367333,
    2.673650547862053,
    2.2356129162239307,
    2.4913302017375827,
    3.4483776183000634,
    3.3308311144510907,
    2.5909961385111653,
    3.2702819905243814,
    3.1922007324174047,
    1.795270221367959,
    1.8352789441744486,
    1.914305302681345,
    2.3316432777792215,
    2.7521338048391044,
    1.8730143255421094,
    1.9747821539640427,
    2.7322864934350504,
    2.534172335763772,
    2.204987851196322,
    2.905184447299689,
    3.457200296719869,
    2.9501886640129418,
    2.8699214838702103,
    2.206470438068913,
    2.2884331081182725,
    2.041996147017926,
    2.3209220802082733,
    2.51759335026145,
    3.2196180766279046,
    2.472437910321686,
    3.3702331605282696,
    2.8561541299367774,
    2.983731199275045,
    3.005471504984363,
    2.2115654743486837,
    2.1168040273518396,
    1.653261907895406,
    1.4992114017749656,
    1.0962708433469137,
    1.2636243050748652
  ],