{
  "algorithm": "safe_ppo",
  "seed": 0,
  "epochs": 150,
  "epoch_returns": [
    -178.75869366526604,
    -179.2764982521534,
    -181.22974860668182,
    -180.87549093961715,
    -175.1459898173809,
    -175.9538479089737,
    -171.78187082707882,
    -176.3963228404522,
    -176.74990184903146,
    -171.45226787030697,
    -168.25555867552757,
    -173.73148008584977,
    -166.12314661741257,
    -164.34355607032776,
    -162.57971641123294,
    -159.01975795328616,
    -158.1186509460211,
    -156.25192705988883,
    -156.45096399486064,
    -153.68923387527465,
    -148.94932437837124,
    -151.8295369297266,
    -146.7781294286251,
    -152.12450742125512,
    -149.96578563451766,
    -145.1693619161844,
    -147.86039428412914,
    -149.05474018752574,
    -149.23735934495926,
    -148.24863274991512,
    -149.6561338096857,
    -148.58030765354633,
    -146.47174230217934,
    -147.6698441505432,
    -146.23392251729965,
    -145.42570436894894,
    -147.78246117830275,
    -145.71225384175779,
    -147.30453079044818,
    -145.83266135156154,
    -147.47889980971814,
    -144.94316868185996,
    -142.72537207603455,
    -125.65482948720455,
    -123.64560748040677,
    -126.68203155994415,
    -125.75670945048333,
    -130.47790357470512,
    -95.32207318842411,
    -124.97360601425171,
    -127.91430226862431,
    -130.54180828928946,
    -128.7640855908394,
    -117.4957827091217,
    -124.05492523312569,
    -114.40252483785153,
    -62.25194697976112,
    -59.9094293564558,
    -32.856632214784625,
    -45.80141830146313,
    -66.84815143942834,
    -43.579516953229906,
    0.5215093493461609,
    -29.445085170723143,
    -7.868131144480272,
    9.9227145165205,
    12.53638202988583,
    19.458310653334078,
    -5.443898306006477,
    21.235425174236298,
    6.43260374535685,
    18.35118038415909,
    21.21293848991394,
    14.598096325397492,
    28.28284145946856,
    26.85202453604766,
    24.50760431587696,
    37.45624689709756,
    35.597210252285,
    37.84478528653422,
    43.917201392578356,
    42.1465193071673,
    34.930600223938626,
    42.10057847760618,
    42.168772888906076,
    45.477313542366026,
    45.197134747649685,
    42.73881738074124,
    47.40808708497456,
    43.57720358406796,
    40.834820779040456,
    45.265219397404614,
    44.95989130121289,
    44.90425257249312,
    46.71616615617977,
    45.104748603275844,
    44.68741887632538,
    44.993215661495924,
    46.55020167099105,
    47.18369239246523,
    46.807290254320414,
    52.02229848033503,
    51.0272293824416,
    42.19275924914024,
    38.40405356697738,
    36.67659057378769,
    37.37004297176997,
    28.318347977740423,
    36.380386498841375,
    37.55117367580533,
    39.03111223741011,
    40.56457130873905,
    42.027678682523614,
    45.387097998669276,
    48.925228500052505,
    47.694421738386154,
    47.59518380855259,
    45.49176526552922,
    49.1181577685717,
    45.18115827356066,
    47.39975233174659,
    49.66091523621533,
    44.47816360848291,
    48.87693924809757,
    47.995817820768096,
    48.09400421877702,
    49.44285099017314,
    48.99750902866706,
    47.605318769812584,
    53.647297298908235,
    47.60484700783705,
    50.54683609497853,
    48.085279472776364,
    46.17090133396355,
    40.786530355044775,
    42.98048506722306,
    42.08843896318884,
    43.522662352113166,
    48.24751806259155,
    47.82049420789669,
    49.26329668515768,
    48.69541882093136,
    49.87248668151024,
    49.66727703504073,
    47.686369507699396,
    46.63461025451359,
    43.86619270699365,
    45.11783631477091,
    47.41962134210687,
    51.365004760026935
  ],
  "epoch_costs": [
    0.0,
    0.0,
    0.0,
    0.0,
    0.0,
    0.0,
    0.0,
    0.0,
    0.0,
    0.0,
    0.0,
    0.0,
    0.0,
    0.0,
    0.0,
    0.0,
    0.0,
    0.0,
    0.0,
    0.0,
    0.0,
    0.0,
    0.0,
    0.0,
    0.0,
    0.0,
    0.0,
    0.0,
    0.0,
    0.0,
    0.0,
    0.0,
    0.0,
    0.0,
    0.0,
    0.0,
    0.0,
    0.0,
    0.0,
    0.0,
    0.0,
    0.0,
    0.0,
    0.01726211979985237,
    0.3536164008080959,
    0.13045517727732658,
    0.43045204132795334,
    0.7185444071888923,
    1.9283128030598164,
    0.8917722508311272,
    0.7736582100391388,
    1.4093343228101731,
    0.6833700075745582,
    2.1500233843922616,
    2.1187308602035047,
    2.8761248275637628,
    11.28304325863719,
    10.12765293419361,
    15.526170727610587,
    11.360987921059131,
    11.784165053069591,
    15.182031433284283,
    19.090854887935247,
    17.843748828484898,
    18.958744779229164,
    16.42788081926604,
    24.4786758079477,
    26.235737369112346,
    35.39594220902239,
    23.04563211083412,
    19.185568823762562,
    21.46667204082012,
    31.107262120842933,
    28.80491984784603,
    23.24843257886392,
    22.297918854015215,
    22.958868972957134,
    20.926246829571262,
    22.116095888614655,
    21.52037220328085,
    17.844728243170362,
    24.3786091842959,
    31.789952814082305,
    25.618973213247955,
    20.72313566415599,
    15.0539668487651,
    19.222459174466856,
    24.722380203194916,
    21.170589344416346,
    24.295205441467903,
    25.63232049671933,
    23.9829660969622,
    25.172425988045607,
    26.791509782274563,
    23.95549182243207,
    21.721577862756593,
    22.8283145712579,
    30.49461440462619,
    21.53313383873966,
    20.735576654205452,
    25.05454966723919,
    15.233310193607682,
    15.637294513674883,
    27.38294793095659,
    42.80094533180818,
    53.6442234814167,
    54.36847134778897,
    49.28330834582448,
    34.53375683860345,
    37.26844964036718,
    36.78434613843759,
    33.53564318532453,
    31.015906138893435,
    18.483669829996007,
    17.0372156026332,
    19.9747842279704,
    22.026971886816778,
    20.510587186023997,
    19.800698583995974,
    25.395993685722352,
    23.97192636494701,
    18.752333847654832,
    28.442906034418513,
    18.02496723634632,
    20.774235578807623,
    21.973677140971024,
    18.436338655841656,
    16.065546097663734,
    23.492188929269712,
    14.011902235075832,
    14.763463385212116,
    12.865328582815636,
    20.02547423058265,
    20.777667636001432,
    27.495257137502943,
    34.17699545667027,
    32.41125333878924,
    31.14409632542554,
    16.55014273485071,
    15.745003241457438,
    17.25557927749096,
    12.657255551371819,
    12.7884553896311,
    11.062563710869886,
    16.16557518412938,
    13.299171029344985,
    27.8379445957286,
    20.652157589793205,
    15.409578437083645,
    9.545565177872778
  ],