{
  "algorithm": "ppo",
  "seed": 1,
  "epochs": 150,
  "epoch_returns": [
    -181.69765654802322,
    -178.74203686118125,
    -177.00307597517968,
    -171.56047081053256,
    -173.63135460615158,
    -164.9777941673994,
    -171.18783651590348,
    -166.59197147488595,
    -168.20986435711384,
    -163.84516528844833,
    -164.250591558218,
    -160.12010875940322,
    -162.75937728285788,
    -157.54406139850616,
    -158.9527454763651,
    -158.85416229367257,
    -155.78134469091893,
    -155.55428002774715,
    -155.0886893182993,
    -152.19669838249683,
    -150.29260382056236,
    -151.912410312891,
    -150.52721192538738,
    -146.4512607216835,
    -150.13506719172,
    -151.4985720038414,
    -146.0424184322357,
    -149.48896023631096,
    -149.5381168246269,
    -146.38743474781512,
    -146.33700016438962,
    -150.71121084690094,
    -147.21760826408862,
    -146.54334948956966,
    -145.6397898375988,
    -148.12252841293812,
    -147.73258331418037,
    -146.33344081938267,
    -147.44952408969402,
    -147.58062723577024,
    -146.39255811870098,
    -147.19520175457,
    -150.03873478472232,
    -148.59038012325763,
    -146.86408020853997,
    -146.70387104451657,
    -143.93653186559678,
    -146.3727638065815,
    -146.24502224326133,
    -147.27912862598896,
    -146.1938692778349,
    -146.10943239927292,
    -145.0458782762289,
    -147.86777310073376,
    -144.79427005648614,
    -145.03671596348286,
    -146.08004872500896,
    -147.5634353518486,
    -145.57074638009072,
    -144.50916540920736,
    -147.17255545556546,
    -144.94658871889115,
    -146.01655520796777,
    -150.35550480484963,
    -148.40057968795298,
    -147.00443144738674,
    -148.53731418848037,
    -148.03673370480539,
    -148.4717335343361,
    -148.7347139030695,
    -144.81016319692134,
    -147.7257457971573,
    -148.91063764691353,
    -146.04651962816715,
    -145.64503645300866,
    -148.48563860356808,
    -147.79807030856608,
    -148.59803425073625,
    -146.3208238363266,
    -148.28775563538073,
    -149.59031178951264,
    -148.63961701989174,
    -149.27537654042243,
    -150.0069410264492,
    -150.46621181070805,
    -147.68751778006555,
    -147.16759147942065,
    -146.75798417627811,
    -148.7999467879534,
    -147.12398023605346,
    -144.98951396048068,
    -147.69364300370216,
    -147.4152978271246,
    -148.12660518586637,
    -144.54533812701703,
    -142.04517214000225,
    -143.24704190790652,
    -140.46343255639076,
    -139.1470485895872,
    -138.5830480784178,
    -136.18227298557758,
    -133.18181467056274,
    -132.2723325073719,
    -128.30194620490073,
    -126.15963976383209,
    -131.45390831232072,
    -116.72088135480881,
    -125.25661906898021,
    -118.64556907117367,
    -110.34075788259506,
    -109.8391872793436,
    -107.2834314584732,
    -90.72886238992214,
    -68.04975197017193,
    -47.084495866298674,
    -19.2143372126988,
    -1.9710433397974287,
    4.1812500493092974,
    -9.596558062803178,
    -4.230736323378303,
    -10.225152285326095,
    11.649851695350979,
    3.104559061319932,
    14.054001603437507,
    22.23082752029101,
    19.447751384714376,
    26.09868847330411,
    22.588307300439247,
    25.714844250253268,
    32.022229987382886,
    28.02965126214204,
    31.419282811028616,
    30.63108602885542,
    40.064025817495406,
    34.57362356185913,
    39.497829404569444,
    41.51966451876091,
    40.4223608778369,
    42.76874693776622,
    43.115489794927484,
    47.767026679383385,
    47.085566820417135,
    45.87828954002436,
    42.92387447573922,
    39.38536627404392,
    44.17239097987904,
    41.05225876905024,
    45.50471660670112,
    45.77178434063406,
    43.66720583583369
  ],
  "epoch_costs": [
    0.0,
    0.0,
    0.0,
    0.0,
    0.0,
    0.0,
    0.0,
    0.0,
    0.0,
    0.0,
    0.0,
    0.0,
    0.0,
    0.0,
    0.0,
    0.0,
    0.0,
    0.0,
    0.0,
    0.0,
    0.0,
    0.0,
    0.0,
    0.0,
    0.0,
    0.0,
    0.0,
    0.0,
    0.0,
    0.0,
    0.0,
    0.0,
    0.0,
    0.0,
    0.0,
    0.0,
    0.0,
    0.0,
    0.0,
    0.0,
    0.0,
    0.0,
    0.0,
    0.0,
    0.0,
    0.0,
    0.0,
    0.0,
    0.0,
    0.0,
    0.0,
    0.0,
    0.0,
    0.0,
    0.0,
    0.0,
    0.0,
    0.0,
    0.0,
    0.0,
    0.0,
    0.0,
    0.0,
    0.0,
    0.0,
    0.0,
    0.0,
    0.0,
    0.0,
    0.0,
    0.0,
    0.0,
    0.0,
    0.0,
    0.0,
    0.0,
    0.0,
    0.0,
    0.0,
    0.0,
    0.0,
    0.0,
    0.0,
    0.0,
    0.0,
    0.0,
    0.0,
    0.0,
    0.0,
    0.0,
    0.0,
    0.0,
    0.0,
    0.0,
    0.0,
    0.0,
    0.0,
    0.0,
    0.0,
    0.0,
    0.0,
    0.02285975143313405,
    0.0514443844556808,
    0.05456525608897204,
    0.21995645985007278,
    0.18874693140387527,
    0.9961540363728997,
    0.8477806262671945,
    1.7897028945386406,
    4.08448275849223,
    4.852193093299865,
    6.783502776175736,
    12.79360344260931,
    15.783830762654542,
    16.78753113001585,
    23.34764466541154,
    27.424156476344383,
    24.66097201948816,
    32.013897724094846,
    33.24791975251653,
    33.490120110057646,
    39.607793171120726,
    37.81762342219768,
    46.14942128697167,
    48.10427726060152,
    53.63086363608422,
    50.58193554729223,
    42.91276449882067,
    36.97038609428065,
    31.872015000879763,
    44.10315539549898,
    46.99177559411952,
    42.3891207668288,
    28.764836030476022,
    40.73050410797199,
    36.7722414520479,
    29.734336536942106,
    37.634488478302956,
    34.021859614686534,
    29.77913754082778,
    24.066415232502752,
    26.877424303548676,
    31.229216507690793,
    35.11144480922005,
    43.91681226855144,
    28.764891568352194,
    40.58337008068338,
    31.334164890296318,
    30.505426031263436,
    37.662218579740234
  ],
  "epoch_solved_rates": [
    0.0,
    0.0,
    0.0,
    0.0,
    0.0,
    0.0,
    0.0,
    0.0,
    0.0,
    0.0,
    0.0,
    0.0,
    0.0,
    0.0,
    0.0,
    0.0,
    0.0,
    0.0,
    0.0,
    0.0,
    0.0,
    0.0,
    0.0,
    0.0,
    0.0,
    0.0,
    0.0,
    0.0,
    0.0,
    0.0,
    0.0,
    0.0,
    0.0,
    0.0,
    0.0,
    0.0,
    0.0,
    0.0,
    0.0,
    0.0,
    0.0,
    0.0,
    0.0,
    0.0,
    0.0,
    0.0,
    0.0,
    0.0,
    0.0,
    0.0,
    0.0,
    0.0,
    0.0,
    0.0,
    0.0,
    0.0,
    0.0,
    0.0,
    0.0,
    0.0,
    0.0,
    0.0,
    0.0,
    0.0,
    0.0,
    0.0,
    0.0,
    0.0,
    0.0,
    0.0,
    0.0,
    0.0,
    0.0,
    0.0,
    0.0,
    0.0,
    0.0,
    0.0,
    0.0,
    0.0,
    0.0,
    0.0,
    0.0,
    0.0,
    0.0,
    0.0,
    0.0,
    0.0,
    0.0,
    0.0,
    0.0,
    0.0,
    0.0,
    0.0,
    0.0,
    0.0,
    0.0,
    0.0,
    0.0,
    0.0,
    0.0,
    0.0,
    0.0,
    0.0,
    0.0,
    0.0,
    0.0,
    0.0,
    0.0,
    0.0,
    0.0,
    0.0,
    0.05,
    0.25,
    0.5,
    0.7619047619047619,
    0.9047619047619048,
    0.9545454545454546,
    0.8571428571428571,
    0.8181818181818182,
    0.8095238095238095,
    0.9565217391304348,
    0.9130434782608695,
    0.9565217391304348,
    1.0,
    0.9565217391304348,
    1.0,
    0.9230769230769231,
    0.9642857142857143,
    0.9666666666666667,
    0.9629629629629629,
    1.0,
    0.9655172413793104,
    1.0,
    0.9666666666666667,
    1.0,
    1.0,
    1.0,
    1.0,
    1.0,
    1.0,
    1.0,
    1.0,
    1.0,
    1.0,
    1.0,
    1.0,
    1.0,
    1.0,
    1.0
  ],
  "wall_time_sec": 245.9815857410431,
  "config": {
    "epochs": 150,
    "steps_per_epoch": 4000,
    "max_ep_len": 200,
    "clip_ratio": 0.2,
    "pi_lr": 0.0003,
    "vf_lr": 0.001,
    "train_pi_iters": 80,
    "train_v_iters": 80,
    "gamma": 0.99,
    "lam": 0.95,
    "ent_coef": 0.0,
    "hidden_size": 64,
    "max_speed": 0.04,
    "log_every": 5,
    "record_every": 10
  }
}