{
  "algorithm": "safe_ppo",
  "seed": 2,
  "epochs": 150,
  "epoch_returns": [
    -182.09104309380055,
    -175.23063633143903,
    -176.77028095126153,
    -182.80221459567548,
    -174.44497135579587,
    -173.04874728322028,
    -172.48121506869794,
    -168.93502784073354,
    -169.4190052330494,
    -163.23177237808704,
    -162.46970287263395,
    -166.54240665733815,
    -169.4289843916893,
    -172.50042057931424,
    -174.29192091226577,
    -171.3716107159853,
    -168.72224453389646,
    -166.069024258852,
    -162.9187863647938,
    -162.35866395831107,
    -165.81314219832421,
    -164.85915232896804,
    -165.69552265405656,
    -163.7628671616316,
    -165.87419119477272,
    -167.62629489302634,
    -161.70422036349774,
    -163.588921892643,
    -161.5134673476219,
    -161.64004012346268,
    -157.21544857621194,
    -159.08094547986985,
    -163.2799527078867,
    -168.67883593142034,
    -162.5199949890375,
    -166.9973155140877,
    -165.72955818474293,
    -170.5633879095316,
    -163.94759951531887,
    -160.46309604346752,
    -164.88733493089677,
    -159.7952328145504,
    -162.54462306797504,
    -161.01278886497022,
    -159.63961159586907,
    -154.8681608736515,
    -158.40314063727857,
    -155.0116805255413,
    -158.0728585332632,
    -153.93714546859263,
    -157.9095431804657,
    -160.06123565733432,
    -160.62107966542243,
    -159.88105107843876,
    -156.81547672748565,
    -155.6722922593355,
    -156.93520401120185,
    -160.0140434652567,
    -155.50859194397927,
    -156.15231492221355,
    -157.94865640699862,
    -157.1340268909931,
    -156.06527260243894,
    -147.27574417591094,
    -145.891336363554,
    -146.02750412821769,
    -144.41871587336064,
    -143.9009979277849,
    -146.01246983706952,
    -136.58736537694932,
    -133.68511724472046,
    -128.6094372987747,
    -124.93365527093411,
    -117.63715711832046,
    -109.15123543739318,
    -108.0778469890356,
    -99.93728027939797,
    -82.39110062420369,
    -55.177640585672286,
    -38.035304711623624,
    -7.05382513999939,
    -17.736179896022964,
    -15.971120064457258,
    25.124167192440765,
    17.269097917355023,
    0.5137318706512451,
    18.121856927871704,
    -7.044387881954511,
    10.683898910880089,
    12.852266256809235,
    8.47882167994976,
    2.336253089904785,
    22.500253425194668,
    17.82837601349904,
    25.172619475768162,
    21.049769793565456,
    25.264511816501617,
    28.10446731402324,
    29.304262267218697,
    22.882965067258247,
    33.37988985818008,
    28.68070528904597,
    28.992335715464183,
    34.39858285444124,
    39.14244378358126,
    39.84589044253031,
    40.97045510826689,
    42.57790024841533,
    42.668522387742996,
    40.49952435108923,
    46.11251178979874,
    43.80151582125461,
    45.741414815187454,
    46.462690343175616,
    43.19380541584071,
    44.29991281963885,
    47.28519944408361,
    48.8376432399492,
    47.790793460768626,
    48.823709804150795,
    48.72863730224403,
    50.08622481855186,
    43.5039292808735,
    42.42153964750469,
    47.78245185783931,
    46.082039315359935,
    47.394437103658106,
    47.991577298300605,
    47.437354688843094,
    49.22745665594151,
    47.48407171384709,
    48.537969476137405,
    49.562643407247,
    36.306487277150154,
    24.809070779217613,
    30.01494369835689,
    33.524102503253566,
    37.58522372879088,
    39.74560082484694,
    42.71186249123679,
    41.929522912842884,
    44.3181837250789,
    50.066702381158485,
    45.45476185961773,
    24.19766597335155,
    19.125416710972786,
    20.482907297611238,
    22.55937417424642,
    20.65105103758665,
    23.768947210576798
  ],
  "epoch_costs": [
    0.0,
    0.0,
    0.0,
    0.0,
    0.0,
    0.0,
    0.0,
    0.0,
    0.0,
    0.0,
    0.0,
    0.0,
    0.0,
    0.0,
    0.0,
    0.0,
    0.0,
    0.0,
    0.0,
    0.0,
    0.0,
    0.0,
    0.0,
    0.0,
    0.0,
    0.0,
    0.0,
    0.0,
    0.0,
    0.0,
    0.0,
    0.0,
    0.0,
    0.0,
    0.0,
    0.0,
    0.0019730255007743835,
    0.0,
    0.0,
    0.24421546459197999,
    0.0,
    0.0,
    0.0,
    0.0,
    0.0,
    0.0,
    0.0,
    0.0,
    0.0,
    0.0,
    0.0,
    0.0,
    0.0,
    0.0,
    0.0,
    0.0,
    0.0,
    0.0,
    0.0,
    0.0,
    0.0,
    0.0,
    0.0,
    0.7903732053935528,
    1.2686960682272912,
    2.9750605881214143,
    5.557561404258013,
    5.13042673394084,
    2.9657326109707354,
    12.074938566237687,
    17.048529174923896,
    26.27226963341236,
    32.59719028845429,
    39.81805391833186,
    52.3927565895021,
    42.26861151009798,
    60.73619212806225,
    63.4693092726171,
    71.4001113275687,
    56.88522353632884,
    47.0628404567639,
    54.81055079789265,
    45.34757213356594,
    44.582024060189724,
    43.69110902341512,
    48.21337714135647,
    42.5349451939647,
    43.681343304614224,
    52.08474458319446,
    49.99325813710689,
    50.41020696423948,
    54.989940007925036,
    48.671392356547024,
    50.924081977170246,
    52.39404317736626,
    56.95950413839175,
    54.86251970767975,
    57.35043794604448,
    52.13242000506984,
    53.95940878471503,
    39.154732024361344,
    51.50558553360127,
    43.765142732965096,
    45.016107444784474,
    33.86868052370846,
    33.79806422442198,
    29.93697509440509,
    26.3376915218199,
    31.125933927018195,
    37.5479649377446,
    25.384585500189235,
    30.20354439273025,
    28.301156162339097,
    26.47119306070464,
    34.21139155284447,
    40.62701981654391,
    30.760111466488418,
    24.371700803975802,
    21.48280932774415,
    25.006873730570078,
    25.832644110193122,
    21.45496484194253,
    35.1686560403217,
    38.307981431949884,
    26.76749605834484,
    27.33930773437023,
    22.685554477411348,
    27.457478766356196,
    26.567553606298233,
    18.213215080138884,
    21.389379193251198,
    15.220229232158417,
    13.165635841397139,
    35.570454380474985,
    51.89927634652014,
    41.98021821985985,
    34.84854858296533,
    29.48909418657422,
    22.66608931430999,
    19.46360239841872,
    20.933641124197415,
    17.71711497919427,
    9.285886362195015,
    14.943351164068046,
    61.517663897803196,
    54.9780220904698,
    48.71653489887714,
    45.78979550416653,
    42.187278256966515,
    42.56346689054259
  ],