{
  "algorithm": "ppo",
  "seed": 2,
  "epochs": 150,
  "epoch_returns": [
    -179.19720993936062,
    -180.38698049783707,
    -180.80378142893315,
    -183.02997798919677,
    -176.1747710287571,
    -178.13494179546834,
    -178.06464034616948,
    -177.81173891425132,
    -174.0737655609846,
    -176.0694906026125,
    -177.82809239029885,
    -179.48936824798585,
    -182.44423748850824,
    -183.53640347123147,
    -180.97360946834087,
    -179.4370562016964,
    -182.14606323838234,
    -182.0224132746458,
    -179.37418915629388,
    -177.30295045375823,
    -181.53586927950383,
    -178.76370202302934,
    -181.95907549262046,
    -182.29982545673846,
    -182.85413851439952,
    -179.86207725703716,
    -179.7166937738657,
    -178.36551242470742,
    -177.35964646339417,
    -179.6049018025398,
    -176.48125422894955,
    -180.29250839650632,
    -176.4692163705826,
    -173.69592661261558,
    -172.49251156449319,
    -177.78001285791396,
    -176.42876767218112,
    -175.29692206680775,
    -175.60863955318928,
    -171.55613419413567,
    -167.9872388780117,
    -167.14396539330482,
    -161.97848717272282,
    -167.61486952602863,
    -171.39483686983584,
    -165.01876293718814,
    -167.45860909223558,
    -164.8377793431282,
    -166.02829996347427,
    -161.89924329519272,
    -163.83556831479072,
    -167.81516650021075,
    -163.21604543328286,
    -165.477855604887,
    -166.54509352445604,
    -161.13585653305054,
    -163.98931818008424,
    -171.05968122184277,
    -160.94866825342177,
    -157.55952847003937,
    -160.5035655349493,
    -158.9100209891796,
    -161.40874090194703,
    -160.14456187188625,
    -164.1046594530344,
    -167.84212358891963,
    -167.13957021832465,
    -166.0830042243004,
    -159.38773562908173,
    -156.99958181381226,
    -161.6043418943882,
    -160.62025847136974,
    -159.68261263370513,
    -158.24583545029162,
    -160.02612951993942,
    -160.80894722044468,
    -161.5175575762987,
    -159.83579570651054,
    -156.65755586624147,
    -159.33164390325547,
    -157.57961190342903,
    -158.59063850939273,
    -161.35522233247758,
    -164.52041227221488,
    -159.12740836441517,
    -161.57089686095713,
    -159.6362692683935,
    -162.99792504310608,
    -162.53580809235572,
    -163.3474379271269,
    -159.03080272078515,
    -162.8827197134495,
    -160.29327183067798,
    -158.3141815572977,
    -155.55551131367685,
    -158.16707424223424,
    -160.36164718270302,
    -161.12750410437584,
    -159.70441406071185,
    -158.51388417184353,
    -160.65961509346963,
    -156.89182043671607,
    -160.26374653875828,
    -157.9141656756401,
    -154.6106845766306,
    -159.54999423027039,
    -151.6512419104576,
    -159.39563238024712,
    -154.58384846150875,
    -155.2207657366991,
    -153.39438814520835,
    -154.42133433520794,
    -151.63552476167678,
    -151.28945715129376,
    -147.76129371523857,
    -149.24273603856562,
    -150.8515590518713,
    -149.36624938845634,
    -147.8000938385725,
    -148.67343919575214,
    -146.5699340969324,
    -148.36505247950555,
    -147.69022809565067,
    -147.53669122755528,
    -147.69414198696614,
    -148.03119827508925,
    -147.40482682287694,
    -147.42074387967585,
    -145.18996244072915,
    -147.94029615223408,
    -146.56458649337293,
    -146.32556520104407,
    -144.19842956662177,
    -142.8191950082779,
    -148.39989983439446,
    -144.29779743254184,
    -144.0841310441494,
    -144.89203871786594,
    -144.9729893773794,
    -143.2937198191881,
    -146.5484659254551,
    -144.55828827023507,
    -143.7104499399662,
    -145.98402750492096,
    -146.0736544638872,
    -147.69869368076326,
    -146.02519629597663,
    -147.00827491879463,
    -145.36284826993943,
    -145.60339581370354
  ],
  "epoch_costs": [
    0.0,
    0.0,
    0.0,
    0.0,
    0.0,
    0.0,
    0.0,
    0.0,
    0.0,
    0.0,
    0.0,
    0.0,
    0.0,
    0.0,
    0.0,
    0.0,
    0.0,
    0.0,
    0.0,
    0.0,
    0.0,
    0.0,
    0.0,
    0.0,
    0.0,
    0.0,
    0.0,
    0.0,
    0.0,
    0.0,
    0.0,
    0.0,
    0.0,
    0.0,
    0.0,
    0.0,
    0.0,
    0.0,
    0.0,
    0.0,
    0.0,
    0.0,
    0.0,
    0.0,
    0.0,
    0.0,
    0.0,
    0.0,
    0.0,
    0.0,
    0.0,
    0.0,
    0.0,
    0.0,
    0.0,
    0.0,
    0.0,
    0.0,
    0.0,
    0.0,
    0.0,
    0.0,
    0.0,
    0.0,
    0.0,
    0.0,
    0.0,
    0.0,
    0.0,
    0.0,
    0.0,
    0.0,
    0.0,
    0.0,
    0.0,
    0.0,
    0.0,
    0.0,
    0.0,
    0.0,
    0.0,
    0.0,
    0.0,
    0.0,
    0.0,
    0.0,
    0.0,
    0.0,
    0.0,
    0.0,
    0.0,
    0.0,
    0.0,
    0.0,
    0.0,
    0.0,
    0.0,
    0.0,
    0.0,
    0.0,
    0.0,
    0.0,
    0.0,
    0.0,
    0.0,
    0.0,
    0.0,
    0.0,
    0.0,
    0.0,
    0.0,
    0.0,
    0.0,
    0.0,
    0.0,
    0.0,
    0.0,
    0.0,
    0.0,
    0.0,
    0.0,
    0.0,
    0.0,
    0.0,
    0.0,
    0.0,
    0.0,
    0.0,
    0.0,
    0.0,
    0.0,
    0.0,
    0.0,
    0.0,
    0.0,
    0.0,
    0.0,
    0.0,
    0.0,
    0.0,
    0.0,
    0.0,
    0.0,
    0.0,
    0.0,
    0.0,
    0.0,
    0.0,
    0.0,
    0.0
  ],
  "epoch_solved_rates": [
    0.0,
    0.0,
    0.0,
    0.0,
    0.0,
    0.0,
    0.0,
    0.0,
    0.0,
    0.0,
    0.0,
    0.0,
    0.0,
    0.0,
    0.0,
    0.0,
    0.0,
    0.0,
    0.0,
    0.0,
    0.0,
    0.0,
    0.0,
    0.0,
    0.0,
    0.0,
    0.0,
    0.0,
    0.0,
    0.0,
    0.0,
    0.0,
    0.0,
    0.0,
    0.0,
    0.0,
    0.0,
    0.0,
    0.0,
    0.0,
    0.0,
    0.0,
    0.0,
    0.0,
    0.0,
    0.0,
    0.0,
    0.0,
    0.0,
    0.0,
    0.0,
    0.0,
    0.0,
    0.0,
    0.0,
    0.0,
    0.0,
    0.0,
    0.0,
    0.0,
    0.0,
    0.0,
    0.0,
    0.0,
    0.0,
    0.0,
    0.0,
    0.0,
    0.0,
    0.0,
    0.0,
    0.0,
    0.0,
    0.0,
    0.0,
    0.0,
    0.0,
    0.0,
    0.0,
    0.0,
    0.0,
    0.0,
    0.0,
    0.0,
    0.0,
    0.0,
    0.0,
    0.0,
    0.0,
    0.0,
    0.0,
    0.0,
    0.0,
    0.0,
    0.0,
    0.0,
    0.0,
    0.0,
    0.0,
    0.0,
    0.0,
    0.0,
    0.0,
    0.0,
    0.0,
    0.0,
    0.0,
    0.0,
    0.0,
    0.0,
    0.0,
    0.0,
    0.0,
    0.0,
    0.0,
    0.0,
    0.0,
    0.0,
    0.0,
    0.0,
    0.0,
    0.0,
    0.0,
    0.0,
    0.0,
    0.0,
    0.0,
    0.0,
    0.0,
    0.0,
    0.0,
    0.0,
    0.0,
    0.0,
    0.0,
    0.0,
    0.0,
    0.0,
    0.0,
    0.0,
    0.0,
    0.0,
    0.0,
    0.0,
    0.0,
    0.0,
    0.0,
    0.0,
    0.0,
    0.0
  ],
  "wall_time_sec": 437.47113394737244,
  "config": {
    "epochs": 150,
    "steps_per_epoch": 4000,
    "max_ep_len": 200,
    "clip_ratio": 0.2,
    "pi_lr": 0.0001,
    "vf_lr": 0.001,
    "train_pi_iters": 80,
    "train_v_iters": 80,
    "gamma": 0.99,
    "lam": 0.95,
    "ent_coef": 0.01,
    "hidden_size": 64,
    "max_speed": 0.04,
    "log_every": 5,
    "record_every": 10
  }
}