{
  "algorithm": "dqn",
  "seed": 1,
  "episodes": 450,
  "episode_returns": [
    -161.13575822114944,
    -188.15689939260483,
    -176.99168676137924,
    -189.5759101510048,
    -179.65778928995132,
    -189.41551560163498,
    -190.09915632009506,
    -185.86806219816208,
    -186.78123611211777,
    -178.7864906191826,
    -191.49756199121475,
    -184.91413760185242,
    -173.7050821185112,
    -183.35383754968643,
    -188.54172229766846,
    -182.16546255350113,
    -176.799462556839,
    -185.39341688156128,
    -153.35937029123306,
    -183.32957017421722,
    -183.38679826259613,
    -186.51992458105087,
    -171.5944636464119,
    -150.88592809438705,
    -190.5637847185135,
    -179.10973930358887,
    -181.93172496557236,
    -183.07176983356476,
    -171.8166947364807,
    -180.45042222738266,
    -172.53913170099258,
    -186.78555476665497,
    -188.11581987142563,
    -176.0065535902977,
    -179.58503937721252,
    -176.97118800878525,
    -180.67022728919983,
    -183.9549716114998,
    -178.92460244894028,
    -177.04801613092422,
    -156.07571506500244,
    -188.57311809062958,
    -183.9015583395958,
    -174.74782860279083,
    -182.3159710764885,
    -165.5497201681137,
    -185.13447988033295,
    -184.60556292533875,
    -186.95640087127686,
    -167.9462726712227,
    -165.48872882127762,
    -181.75566405057907,
    -174.591856777668,
    -176.86045014858246,
    -161.08825331926346,
    -167.24913144111633,
    -157.4860202074051,
    -171.05716037750244,
    -164.50036185979843,
    -147.6049121618271,
    -165.32492583990097,
    -178.41666114330292,
    -181.73204624652863,
    -156.4870154261589,
    -160.36909860372543,
    -179.32300406694412,
    -165.7986912727356,
    -167.20642924308777,
    -141.57936614751816,
    -168.9304609298706,
    -175.48185980319977,
    -163.73999601602554,
    -154.02330148220062,
    -148.4290724992752,
    -175.89042204618454,
    -181.01605606079102,
    -144.48118537664413,
    -142.29804283380508,
    -152.15262693166733,
    -149.48712235689163,
    -171.0542306303978,
    -147.33131635189056,
    -174.6957906484604,
    -162.5175673365593,
    -164.29968410730362,
    -146.38073480129242,
    -163.61900931596756,
    -135.52723079919815,
    -163.5231253504753,
    -157.201180934906,
    -145.7090289592743,
    -156.7729268670082,
    -157.24278807640076,
    -162.87021052837372,
    -153.06817972660065,
    -177.30394560098648,
    -134.24355775117874,
    -135.69802731275558,
    -140.91141188144684,
    -162.94054907560349,
    -134.70074552297592,
    -130.03242772817612,
    -137.31662660837173,
    -126.57067346572876,
    -135.2913967370987,
    -134.4119485616684,
    -174.5528238415718,
    -121.8852887749672,
    -155.2219899892807,
    -152.07811880111694,
    -136.9960337281227,
    -128.34913110733032,
    -131.70266246795654,
    -145.8532810807228,
    -141.12574326992035,
    -165.57518231868744,
    -132.82963287830353,
    -122.05782002210617,
    -131.8078116774559,
    -142.1660760641098,
    -116.40721541643143,
    -134.67652052640915,
    -162.98959511518478,
    -138.313097178936,
    -141.07095885276794,
    -151.24122738838196,
    -114.95182925462723,
    -112.57929801940918,
    -145.65060037374496,
    -149.52105832099915,
    -141.83692705631256,
    12.266185343265533,
    -127.48270201683044,
    -119.50223141908646,
    -119.2982969880104,
    -121.10729759931564,
    -111.25484305620193,
    -115.06947559118271,
    -113.13331472873688,
    -158.33460623025894,
    -111.25912243127823,
    -130.70562100410461,
    -135.7118679881096,
    -125.19295626878738,
    -101.6761149764061,
    -127.29091519117355,
    10.816701531410217,
    -80.67942404747009,
    -107.34504663944244,
    -89.7980164885521,
    -129.54618579149246,
    -129.0269884467125,
    10.207337737083435,
    -117.656833589077,
    -102.37345844507217,
    -134.19760698080063,
    -120.8268660902977,
    -118.65729105472565,
    10.524628639221191,
    0.32683175802230835,
    16.712793469429016,
    -99.02877044677734,
    -73.50892162322998,
    -110.83241420984268,
    -125.75629878044128,
    1.2771281599998474,
    -77.41894680261612,
    -87.46105974912643,
    22.86741667985916,
    -101.24455636739731,
    -116.12379747629166,
    -85.69916200637817,
    -106.56062626838684,
    -111.9085505604744,
    17.946792006492615,
    -126.02860528230667,
    2.657877027988434,
    -112.22895896434784,
    -133.38321447372437,
    -102.29558825492859,
    18.143164694309235,
    -123.00820624828339,
    -90.67263478040695,
    -121.30585479736328,
    -116.89083451032639,
    18.355438351631165,
    4.570432662963867,
    22.99890798330307,
    12.355745315551758,
    14.417503714561462,
    9.161265194416046,
    -99.29780173301697,
    22.419172048568726,
    13.741860330104828,
    14.055490672588348,
    10.348098576068878,
    -110.48415637016296,
    -103.4243398308754,
    11.303607165813446,
    14.741174519062042,
    17.841158092021942,
    18.302317082881927,
    21.451004683971405,
    19.890501499176025,
    13.82870227098465,
    15.02736383676529,
    13.568575143814087,
    19.154510498046875,
    19.500519394874573,
    -100.90937626361847,
    -81.4771483540535,
    -98.71330225467682,
    11.939673602581024,
    17.869051158428192,
    16.60744321346283,
    -94.22897696495056,
    18.37256121635437,
    23.201435446739197,
    16.20717167854309,
    0.5127713680267334,
    31.053939521312714,
    18.739944338798523,
    -102.09393036365509,
    -119.46642291545868,
    13.082451701164246,
    18.34916180372238,
    18.467598617076874,
    13.412051141262054,
    -97.21788531541824,
    11.638662040233612,
    16.26856106519699,
    17.204281866550446,
    18.109867811203003,
    22.7393000125885,
    21.016199707984924,
    13.613789081573486,
    12.291170239448547,
    24.826159417629242,
    -107.41952860355377,
    -103.60657668113708,
    14.110697746276855,
    18.857293963432312,
    24.268211781978607,
    10.739714503288269,
    12.585356831550598,
    16.730610132217407,
    10.260332524776459,
    17.479230105876923,
    16.894407272338867,
    23.631762742996216,
    14.962778270244598,
    17.497855305671692,
    21.31475257873535,
    12.315712332725525,
    7.2106128334999084,
    18.36814993619919,
    -3.743060290813446,
    10.465022385120392,
    17.34832364320755,
    18.34646362066269,
    26.6129247546196,
    -122.88586914539337,
    15.409324049949646,
    17.081329345703125,
    22.55947369337082,
    21.807074308395386,
    14.047712981700897,
    19.66667276620865,
    4.832630455493927,
    -136.53421658277512,
    11.950230360031128,
    3.4675118923187256,
    16.63042253255844,
    17.64029747247696,
    24.49794042110443,
    15.744470238685608,
    17.6761594414711,
    17.827540159225464,
    1.1551937460899353,
    6.880102276802063,
    14.617735087871552,
    11.413951098918915,
    18.596073389053345,
    9.380758166313171,
    18.98609107732773,
    19.399114191532135,
    10.260479092597961,
    2.6424719095230103,
    20.723577857017517,
    5.627459466457367,
    -131.80244761705399,
    16.45496529340744,
    26.217166244983673,
    9.129430711269379,
    23.033423960208893,
    15.034587562084198,
    21.414936304092407,
    -132.09722900390625,
    9.351951539516449,
    20.71630948781967,
    8.461117625236511,
    21.681884467601776,
    21.396980106830597,
    16.00451350212097,
    20.64263153076172,
    29.135218739509583,
    22.052345633506775,
    20.710636615753174,
    29.571288287639618,
    25.062241554260254,
    -3.9197675585746765,
    37.25912207365036,
    17.101335108280182,
    18.218883991241455,
    27.126736164093018,
    4.646054029464722,
    -74.6895757317543,
    7.7020750641822815,
    -162.85002064704895,
    3.247217059135437,
    20.963699758052826,
    32.62490499019623,
    4.630815327167511,
    17.322286188602448,
    1.5271798968315125,
    -10.548932671546936,
