{
  "algorithm": "ppo",
  "seed": 2,
  "epochs": 150,
  "epoch_returns": [
    -179.19720993936062,
    -180.5608057886362,
    -180.94044324457644,
    -183.1506177306175,
    -176.96627320349216,
    -176.50336977243424,
    -177.73108918368817,
    -176.05653606057166,
    -176.17086623609066,
    -177.6407725095749,
    -178.09898117482663,
    -178.76643474698068,
    -180.51650184094905,
    -181.61772346794606,
    -180.40117206573487,
    -177.54934115111828,
    -181.62905385494233,
    -180.09457210302352,
    -178.47333171963692,
    -173.18235758841038,
    -181.67991978526115,
    -175.57149283885957,
    -177.415293648839,
    -177.9258926719427,
    -174.54876522421836,
    -170.86291918456556,
    -165.1219653993845,
    -168.27906120717526,
    -167.3077758640051,
    -165.43839094340802,
    -164.51363555192947,
    -158.942145255208,
    -159.2785161316395,
    -157.08813962340355,
    -156.06685978472234,
    -157.47806405127048,
    -154.43009069263934,
    -156.078004565835,
    -152.6919686228037,
    -148.9231085538864,
    -153.41801982820033,
    -148.98860989809037,
    -151.7628137588501,
    -148.7295224606991,
    -151.4429283887148,
    -148.19984155893326,
    -153.99168624579906,
    -148.6791047424078,
    -151.41112546026707,
    -148.4601969510317,
    -149.12072131931782,
    -146.9197950184345,
    -144.8701293706894,
    -148.03982675671577,
    -143.59893136620522,
    -138.94589711427687,
    -143.39252046346664,
    -142.519538885355,
    -133.24656437635423,
    -131.8819271206856,
    -140.8276240646839,
    -132.732893294096,
    -135.43815411031247,
    -128.82106531858443,
    -123.95832543373108,
    -118.80972719192505,
    -114.67560396194457,
    -110.02664105296135,
    -104.41363232135772,
    -74.66223327219487,
    -67.98946792185306,
    -35.00847990810871,
    -27.92925129532814,
    -28.53588166691008,
    -16.288046303120527,
    -2.6893125257708808,
    -5.0939187055284325,
    -8.745236467231404,
    -0.8819470568136736,
    1.4131163021792537,
    16.628729190515436,
    7.237034261226654,
    19.717585252678912,
    22.221095406490825,
    28.567606543119137,
    25.700515950719517,
    35.85145581832954,
    33.98363140864031,
    34.066545254417825,
    31.94981046586201,
    39.54185970686376,
    37.36657137706362,
    43.62153038568795,
    37.441196622451145,
    39.91341797190328,
    40.02414745284665,
    43.036308851312185,
    44.94853115412924,
    47.360567229825094,
    49.08104903603855,
    46.14724359081851,
    49.58946430996845,
    47.534101164018786,
    50.8591638864615,
    49.78215879201889,
    45.200029445417,
    47.514748538533844,
    47.0073556352306,
    48.9261519200093,
    47.00157553924097,
    51.09654851555824,
    51.22607502175702,
    49.89539827571975,
    48.391979163033625,
    50.88787783803166,
    49.49307064476766,
    50.37266396406369,
    46.82860668665833,
    48.332955911352826,
    49.348596353788636,
    47.988244077643834,
    50.20617395796274,
    47.46391292359378,
    48.99473187556634,
    51.0873449077973,
    41.622431833954415,
    40.92763512099491,
    40.86955001950264,
    43.354961067438126,
    49.59356574523143,
    46.514782140652336,
    42.02018848513112,
    44.43162451684475,
    42.84861982745283,
    42.905426897936394,
    46.23602133022772,
    47.657031198342644,
    45.720307496877815,
    50.046963441371915,
    46.329257609028566,
    49.87657557976873,
    47.10441832322823,
    49.23975562421899,
    50.51572227030992,
    51.1981082841754,
    45.42535878717899,
    46.60392476094736,
    47.62137806572412,
    49.16429408391317,
    45.02839694796382
  ],
  "epoch_costs": [
    0.0,
    0.0,
    0.0,
    0.0,
    0.0,
    0.0,
    0.0,
    0.0,
    0.0,
    0.0,
    0.0,
    0.0,
    0.0,
    0.0,
    0.0,
    0.0,
    0.0,
    0.0,
    0.0,
    0.0,
    0.0,
    0.0,
    0.0,
    0.0,
    0.0,
    0.0,
    0.0,
    0.0,
    0.0,
    0.0,
    0.0,
    0.0,
    0.0,
    0.0,
    0.0,
    0.0,
    0.0,
    0.0,
    0.0,
    0.0,
    0.0,
    0.0,
    0.0,
    0.0,
    0.0,
    0.0,
    0.0,
    0.0,
    0.0,
    0.0,
    0.0,
    0.0,
    0.0,
    0.008860072493553153,
    0.1572041288018226,
    0.09960771352052683,
    0.04783937335014341,
    0.0,
    0.11827820688486095,
    0.22073662132024746,
    0.630691659450531,
    0.5646433755755422,
    0.23003403544425954,
    0.4866691440343856,
    1.153479231148958,
    1.7103223189711567,
    5.826887386292219,
    5.433246402442455,
    9.090494308620691,
    13.810303375124931,
    15.886543203890323,
    20.718356258422137,
    28.327051440626384,
    30.649628110584757,
    31.242700943892654,
    32.512043010782115,
    32.42656869712201,
    35.16908125579357,
    35.36052836139094,
    41.42605045891327,
    49.20933912694454,
    47.17003361815991,
    54.82648306955462,
    50.062066306886464,
    43.423046407218166,
    46.870959316690765,
    37.37250288629106,
    34.88461786029594,
    39.61204904583948,
    37.59818095482629,
    31.55922709731385,
    38.78892288999311,
    32.63318759948015,
    40.67240064193805,
    39.609881801470635,
    36.20470013493492,
    29.640337330891807,
    24.85933544155624,
    22.878010803783262,
    21.08774981255594,
    28.024526119232178,
    18.95711833120961,
    25.148800673114287,
    16.170755529632935,
    20.276602956491548,
    33.45582453816226,
    24.9899533374442,
    21.766430114974845,
    19.668891913182026,
    18.34780013480702,
    14.116937398165465,
    22.55017406741778,
    22.430679125504362,
    26.435160405720982,
    19.32158871719966,
    19.662723231864604,
    15.434827949756231,
    20.044326537185245,
    17.18353216188985,
    18.304970389685117,
    18.74973498808371,
    13.8631247619265,
    17.23097313457244,
    12.01741046515795,
    12.257747212663675,
    27.001110279823052,
    29.05819133055561,
    27.803954765200615,
    19.810820743027662,
    11.371484595231522,
    22.700011607259512,
    30.82377245254589,
    18.077240384701227,
    25.8389398854445,
    20.69292142531938,
    15.445504254585988,
    15.63911381446653,
    14.024131258710836,
    11.296551556885243,
    15.613248547833217,
    12.696742753057103,
    16.510522209892148,
    15.297046481778747,
    11.010566467046738,
    12.146170710772276,
    21.718363389786745,
    20.82326055539621,
    15.006234092539863,
    12.706279413440289,
    18.928790526615607
  ],
  "epoch_solved_rates": [
    0.0,
    0.0,
    0.0,
    0.0,
    0.0,
    0.0,
    0.0,
    0.0,
    0.0,
    0.0,
    0.0,
    0.0,
    0.0,
    0.0,
    0.0,
    0.0,
    0.0,
    0.0,
    0.0,
    0.0,
    0.0,
    0.0,
    0.0,
    0.0,
    0.0,
    0.0,
    0.0,
    0.0,
    0.0,
    0.0,
    0.0,
    0.0,
    0.0,
    0.0,
    0.0,
    0.0,
    0.0,
    0.0,
    0.0,
    0.0,
    0.0,
    0.0,
    0.0,
    0.0,
    0.0,
    0.0,
    0.0,
    0.0,
    0.0,
    0.0,
    0.0,
    0.0,
    0.0,
    0.0,
    0.0,
    0.0,
    0.0,
    0.0,
    0.0,
    0.0,
    0.0,
    0.0,
    0.0,
    0.0,
    0.0,
    0.0,
    0.0,
    0.0,
    0.0,
    0.2,
    0.3,
    0.6,
    0.65,
    0.6666666666666666,
    0.7727272727272727,
    0.8636363636363636,
    0.8636363636363636,
    0.8636363636363636,
    0.9090909090909091,
    0.8695652173913043,
    1.0,
    0.9565217391304348,
    1.0,
    1.0,
    1.0,
    1.0,
    1.0,
    1.0,
    1.0,
    0.9655172413793104,
    1.0,
    1.0,
    1.0,
    1.0,
    1.0,
    0.967741935483871,
    1.0,
    1.0,
    1.0,
    1.0,
    1.0,
    1.0,
    1.0,
    1.0,
    1.0,
    1.0,
    1.0,
    1.0,
    1.0,
    1.0,
    1.0,
    1.0,
    1.0,
    1.0,
    1.0,
    1.0,
    1.0,
    1.0,
    1.0,
    1.0,
    1.0,
    1.0,
    1.0,
    1.0,
    1.0,
    1.0,
    1.0,
    1.0,
    1.0,
    1.0,
    1.0,
    1.0,
    1.0,
    1.0,
    1.0,
    1.0,
    1.0,
    1.0,
    1.0,
    1.0,
    1.0,
    1.0,
    1.0,
    1.0,
    1.0,
    1.0,
    1.0,
    1.0,
    1.0,
    1.0
  ],