{
  "algorithm": "safe_ppo",
  "seed": 0,
  "epochs": 150,
  "epoch_returns": [
    -178.75869366526604,
    -177.41673891842365,
    -182.44795595109463,
    -181.95659913420678,
    -175.0350958734751,
    -176.85897317528725,
    -171.6117813140154,
    -177.4853691995144,
    -173.30062140822412,
    -168.609838911891,
    -164.21589056849479,
    -170.66048043370247,
    -162.28742732405664,
    -166.08941235244274,
    -163.83038240373133,
    -159.919674795866,
    -158.6762211918831,
    -157.18588542640208,
    -157.32904872894287,
    -155.46484543085097,
    -153.48137603402137,
    -154.1005839973688,
    -149.59087728857995,
    -154.67299593389035,
    -153.76047160029412,
    -150.32700673639775,
    -150.20439181029798,
    -150.98741913437843,
    -151.17733970880508,
    -150.2712878793478,
    -152.85972301363944,
    -150.72165132164955,
    -148.75842739641666,
    -149.583796864748,
    -149.1017988592386,
    -147.3613642692566,
    -148.82082465291023,
    -147.23852297067643,
    -149.70959573686122,
    -149.00359426140784,
    -149.57623314261437,
    -150.21376865208148,
    -150.51550138294698,
    -150.82755464315414,
    -148.6096283376217,
    -150.62944884598255,
    -151.4750023305416,
    -152.08494077920915,
    -152.135040345788,
    -153.22014897763728,
    -151.8602257758379,
    -152.42502232789994,
    -153.43585012853146,
    -153.69753298163414,
    -153.69890031516553,
    -157.37762222290038,
    -155.3878792196512,
    -156.07433634400368,
    -149.7087733209133,
    -153.21245705485345,
    -154.39018744528295,
    -153.81936330497265,
    -157.17641683220864,
    -159.43690632283688,
    -157.2613915681839,
    -158.8264587968588,
    -159.2551290810108,
    -158.009180444479,
    -150.9699860572815,
    -146.99950797259808,
    -149.41752177774907,
    -152.02223917245865,
    -153.2584764868021,
    -144.0906555891037,
    -146.79008717238904,
    -143.61707992851734,
    -143.14382973909377,
    -133.10817361474037,
    -139.7009008616209,
    -124.58282831311226,
    -102.68974680304527,
    -109.25038645863533,
    -72.53251258134841,
    -86.52311702370643,
    -51.56322573423385,
    -31.55724079310894,
    -9.423783719539642,
    1.250945542539869,
    -17.13320601554144,
    -14.453535128207434,
    -19.7906476855278,
    -8.018567432056773,
    -2.036945876750079,
    -16.35906348798586,
    17.730112495330665,
    14.519549489021301,
    14.191415657997132,
    16.06535630959731,
    23.675034502377876,
    28.818855338862964,
    31.18279771763703,
    32.000973836068184,
    32.50974484426634,
    41.722350495476874,
    34.72491339157368,
    30.467289432331366,
    38.50266612921992,
    40.72622689418495,
    39.98414490185678,
    47.202294659283424,
    41.9494583678968,
    48.25105390548706,
    44.26196081468037,
    48.811602825919785,
    42.298132450291604,
    42.75177779092508,
    46.05487290375373,
    47.35242299073272,
    41.83284053381752,
    44.063883790198496,
    44.44197355473743,
    44.966407279757895,
    48.62123465206888,
    48.578424510028626,
    48.723188796558894,
    47.15250521732701,
    46.6368243743976,
    47.49239869214393,
    48.11981956826316,
    46.58902786233846,
    49.2349858350224,
    49.73113754722807,
    46.987488898209165,
    48.35463415213994,
    46.47709523754961,
    47.427813335827416,
    49.841703343391416,
    49.21221378365078,
    50.35336516606502,
    48.6090603073438,
    53.032271074943054,
    47.249818290273346,
    51.12926535670822,
    49.95263322717265,
    47.86181653704908,
    43.88376499073846,
    47.77812057567967,
    49.518369813223146,
    50.45573926599402,
    52.13667829372944
  ],
  "epoch_costs": [
    0.0,
    0.0,
    0.0,
    0.0,
    0.0,
    0.0,
    0.0,
    0.0,
    0.0,
    0.0,
    0.0,
    0.0,
    0.0,
    0.0,
    0.0,
    0.0,
    0.0,
    0.0,
    0.0,
    0.0,
    0.0,
    0.0,
    0.0,
    0.0,
    0.0,
    0.0,
    0.0,
    0.0,
    0.0,
    0.0,
    0.0,
    0.0,
    0.0,
    0.0,
    0.0,
    0.0,
    0.0,
    0.0,
    0.0,
    0.0,
    0.0,
    0.0,
    0.0,
    0.0,
    0.0,
    0.0,
    0.0,
    0.0,
    0.0,
    0.0,
    0.0,
    0.0,
    0.0,
    0.0,
    0.0,
    0.0,
    0.0,
    0.0,
    0.0,
    0.0,
    0.0,
    0.0,
    0.0,
    0.0,
    0.0,
    0.0,
    0.0,
    0.0,
    0.0,
    0.0,
    0.0,
    0.0,
    0.0,
    0.0,
    0.0,
    0.016421470791101456,
    0.12627624049782754,
    0.1420469768345356,
    0.0702119804918766,
    0.6061083488166332,
    2.893735643476248,
    2.623643808811903,
    6.851319812983275,
    6.411011915653944,
    10.17573385760188,
    16.396032574027778,
    18.144551379978658,
    22.87436330957072,
    23.872276702807063,
    23.490721010026476,
    19.492500788399152,
    24.51043050736189,
    25.63880755752325,
    27.748441771320675,
    22.506489758881237,
    28.261298183351755,
    30.009434646368028,
    29.43127838235635,
    33.85080954375175,
    30.234642273613385,
    27.99047060413607,
    26.489156411540122,
    33.74088145792484,
    24.847268412670783,
    37.45608131279205,
    46.006677237373815,
    29.97096233310238,
    27.66518228268251,
    31.20907134655863,
    20.152617059234117,
    31.13536155946327,
    18.87050941671644,
    24.935547716702732,
    20.803558649288284,
    33.943485631184146,
    30.135315565063674,
    27.725594944375402,
    24.40007535368204,
    32.42676647095119,
    31.40884066197802,
    35.284824075944286,
    32.06371631035034,
    25.607721796052324,
    24.226209071775276,
    23.613678067117124,
    27.31628961281644,
    28.802355677717262,
    24.713334270425744,
    25.75837253406644,
    29.710044874426195,
    25.477133642054266,
    24.087434007475775,
    26.41915119758674,
    26.670592623523305,
    32.073043894241835,
    26.702420971649033,
    26.14360964383398,
    24.188148557334333,
    19.55093944607637,
    25.8413408746322,
    19.20952505369981,
    27.548276879307295,
    17.568939386590106,
    23.804944970105822,
    29.299316929860247,
    30.743120705229895,
    25.417047065165306,
    22.17505749617074,
    17.907492831349373,
    16.047071845485615
  ],