{
  "algorithm": "safe_ppo",
  "seed": 0,
  "epochs": 150,
  "epoch_returns": [
    -178.75869366526604,
    -179.44596580862998,
    -182.18146968483924,
    -180.46447175741196,
    -175.72168676257132,
    -175.62250612676144,
    -173.5661800056696,
    -174.69993035793306,
    -176.48675939142703,
    -174.29050022065638,
    -169.39211119115353,
    -174.37626865804197,
    -174.21569142639638,
    -177.1588758945465,
    -177.0896978676319,
    -177.02273301780224,
    -173.87574377655983,
    -175.53353244364263,
    -176.38810562491417,
    -175.15757104754448,
    -166.3177624017,
    -166.484122723341,
    -161.53171450793744,
    -169.88029200732709,
    -171.77513268887998,
    -161.36265869438648,
    -160.16932115256787,
    -158.49419537782668,
    -160.34600715339184,
    -155.79204418063165,
    -155.15238485634328,
    -157.54483892321588,
    -151.9234286159277,
    -164.5015183508396,
    -133.826524913311,
    -148.67468253672124,
    -144.5982482522726,
    -152.47462536394596,
    -120.82344309389592,
    -130.10771610140802,
    -122.09636383652688,
    -104.86589549183846,
    -133.26688228845597,
    -142.2651894956827,
    -87.81219660668145,
    -87.47400417923927,
    -99.27829793393612,
    -118.63848985731602,
    -113.56642988920211,
    -79.35680595466069,
    -61.45460559924444,
    -73.00098070076534,
    -74.23116064355487,
    -38.15368009155447,
    -75.92863166616077,
    -60.30941161939076,
    -67.31479287999016,
    -39.322832084837415,
    -33.659733311696485,
    -44.5126630181358,
    -22.499238332976464,
    -42.03313780914653,
    6.779741546382075,
    -8.479382825394472,
    -18.98758251716693,
    -2.3490310052166814,
    -6.641502320766449,
    12.643895521759987,
    12.366283695697785,
    14.351845588684082,
    6.815936667223771,
    22.645424616336822,
    11.583325651784738,
    8.108416177332401,
    24.958191058635713,
    22.36507044553757,
    18.112666700895016,
    22.255791884202225,
    11.377199110984803,
    16.759143240451813,
    23.717056564215955,
    32.06039127810248,
    28.53696883576257,
    30.242830974715098,
    23.985345021442132,
    33.14198984770939,
    28.977540793242277,
    26.467830919793673,
    28.526569140808924,
    31.848298178778755,
    27.360823032947685,
    26.923869903440828,
    39.362256213541954,
    29.33927400835923,
    42.345595584313074,
    34.378414984407094,
    33.78743712391172,
    36.75299667078873,
    38.498146657149,
    37.84967807800539,
    43.96844411257541,
    45.18108144577812,
    41.423080990090966,
    49.04146743648582,
    46.6992876494632,
    47.75330203420975,
    43.20383875258267,
    43.66593956405466,
    45.49872211434624,
    46.349205657414025,
    43.07500916719437,
    48.93925343122747,
    43.470641447816575,
    47.07933641501835,
    49.64176251490911,
    45.66413751325092,
    51.33926610457591,
    48.62272489070892,
    48.6030880841049,
    43.99542287654347,
    49.17597601864789,
    46.44116283655167,
    46.063457702596985,
    49.549334604489175,
    45.19297833302442,
    48.269844426049126,
    49.730680263356156,
    46.99116183132739,
    49.72185116378885,
    48.008351472583975,
    49.01727762254509,
    53.431243596971036,
    48.02702264723025,
    49.602359820056606,
    49.512125275636976,
    48.64098469991433,
    43.25232799734388,
    45.9685373374394,
    46.518460168157304,
    49.08341810107231,
    48.88694905590366,
    48.09354679521761,
    49.66969611793756,
    50.34530732349346,
    49.98749628663063,
    48.242187389960655,
    48.16272529073664,
    42.240286508027246,
    45.66490968295506,
    46.67052230480555
  ],
  "epoch_costs": [
    0.0,
    0.0,
    0.0,
    0.0,
    0.0,
    0.0,
    0.0,
    0.0,
    0.0,
    0.0,
    0.0,
    0.0,
    0.0,
    0.0,
    0.0,
    0.0,
    0.0,
    0.0,
    0.0,
    0.0,
    0.0,
    0.0,
    0.0,
    0.0,
    0.0,
    0.0,
    0.0,
    0.0,
    0.014918707311153412,
    0.0,
    0.0,
    0.0,
    0.0,
    0.0,
    1.1354953601956368,
    0.0446639209985733,
    1.0054321698844433,
    0.07942140102386475,
    2.3430645883083345,
    1.317123083025217,
    2.028130949288607,
    3.602782619744539,
    1.4133038319647313,
    1.4095668524503708,
    4.031121213521276,
    7.750985687226057,
    6.3648508168756965,
    5.5986133672297,
    7.643928439915181,
    7.267989479360127,
    4.9376441197735925,
    6.473246754634948,
    6.749086435352053,
    5.0803021734411065,
    3.0920132270881107,
    7.107069792492049,
    9.435484837208476,
    10.612521699496678,
    12.927929842336612,
    11.048546170194944,
    12.155118561957194,
    13.2331379245628,
    26.708263296795927,
    17.156477190554142,
    16.86244650433461,
    26.906160018366315,
    33.54605921764266,
    35.108947637180485,
    33.27560727775097,
    25.062059272527694,
    35.293961826091014,
    34.2195649254322,
    30.89724897344907,
    42.13416983373463,
    42.35129656434059,
    39.28803317129612,
    29.84493558509992,
    32.18294483365921,
    34.81356276094913,
    35.554171715378764,
    19.360123233548528,
    26.35004397404605,
    30.20555335230061,
    30.355983086462533,
    35.251953802174995,
    29.712421741978876,
    37.40516200992796,
    36.793682628444266,
    38.40411727875471,
    33.63275548208643,
    41.60420808941126,
    40.33869140236466,
    30.370380881813265,
    39.399785517049686,
    33.268440603713195,
    31.774852623199596,
    34.393480700041565,
    38.93938405965937,
    32.33716324071089,
    31.279527283483937,
    29.797626893628728,
    23.033394038677216,
    27.100022474769503,
    18.065417238407665,
    25.403856387033183,
    26.88478211269659,
    33.13860048307106,
    30.87502770035556,
    28.851320165576357,
    22.913214159863337,
    26.77503698383059,
    20.00195713382628,
    24.55675528049469,
    21.14404779970646,
    18.619911703798508,
    15.60457853288264,
    13.671002640938147,
    21.470065605723196,
    19.867337167665767,
    19.865043671594727,
    18.54920930073068,
    21.44412912428379,
    19.809547004600365,
    14.864788344816157,
    20.312179479090606,
    15.61503054946661,
    11.877230445413213,
    13.57864718380812,
    13.294450699498778,
    15.80086581650618,
    14.873561498683852,
    10.213444116711617,
    11.952398910334235,
    12.777592919565535,
    13.140299232382523,
    14.989783544681574,
    19.50869008558137,
    22.63433917122228,
    22.88638587806906,
    18.601467220733564,
    12.733138056220236,
    12.847527326721893,
    10.431255533918739,
    9.582854517196354,
    10.531865617162303,
    10.073850081135065,
    13.41827121457538,
    26.44882044020821,
    24.355874251467842,
    18.59597493627587
  ],