{
  "algorithm": "safe_ppo",
  "seed": 1,
  "epochs": 150,
  "epoch_returns": [
    -181.15941573381423,
    -178.79595949947833,
    -175.92271605432035,
    -172.35316261947156,
    -175.45194408893585,
    -173.38775244355202,
    -177.84729968607425,
    -175.90750780999662,
    -169.39330858588218,
    -169.54325636029245,
    -163.62050944566727,
    -169.45960501134397,
    -165.65378558039666,
    -164.02270756065846,
    -160.34395051300527,
    -162.94942011833191,
    -164.2699021846056,
    -167.21758529245852,
    -164.6366765588522,
    -160.5881479293108,
    -162.8624556452036,
    -164.91974729299545,
    -161.7759923994541,
    -155.56181406974792,
    -155.5648710012436,
    -159.18852864801883,
    -154.48821407854558,
    -158.31558424830436,
    -160.88320960104465,
    -159.6401082366705,
    -163.45132350325585,
    -162.04599658548833,
    -159.04856697618962,
    -156.38495710492134,
    -153.8624229043722,
    -154.70178357958793,
    -153.41493994891644,
    -150.37084543704987,
    -148.9044382363558,
    -148.619996291399,
    -150.1792607665062,
    -149.59650553464888,
    -151.09604345858097,
    -150.37442483305932,
    -150.43900673389436,
    -151.8510518670082,
    -158.67968295514584,
    -157.89956229925156,
    -160.78910750448705,
    -157.835541716218,
    -155.44422689080238,
    -153.2947172522545,
    -151.17401742637156,
    -154.98727371096612,
    -149.5508064776659,
    -150.07819220721723,
    -149.78717034459115,
    -151.69879594147204,
    -147.00437801480294,
    -143.19069273769855,
    -147.6799147516489,
    -143.26280761361122,
    -139.63136515319349,
    -152.01333625912667,
    -136.45261161625385,
    -138.3332992941141,
    -138.9209495395422,
    -125.42608289718628,
    -133.68524880111218,
    -119.48811402022838,
    -90.13649550676345,
    -109.75327306091785,
    -58.60017495155334,
    -24.58804607093334,
    -65.60417250096798,
    -66.05149856507778,
    -25.429349984441483,
    -27.737734300749644,
    -0.03458070187341599,
    -36.45063465535641,
    -8.842408285254525,
    -4.743549054577237,
    -2.350964461054121,
    9.98108328201554,
    -4.589680710564489,
    -6.86426006122069,
    -0.5614366910674355,
    16.004079891287763,
    20.385998637676238,
    17.34225382234739,
    28.699878172232555,
    31.624760528405506,
    29.262125244140623,
    29.5647981098065,
    35.53443693452411,
    36.5506536405662,
    34.891892422128606,
    38.68393777807554,
    39.7941266335547,
    43.96090254012276,
    45.185969443032235,
    44.46478119492531,
    45.23895843199321,
    50.402823484606216,
    42.30541733580251,
    46.15981274662596,
    44.270637792168245,
    46.62968128749302,
    48.82117004195849,
    43.658955304061664,
    50.06870384435905,
    49.45927439670305,
    50.46786999058079,
    43.80751991797896,
    47.1789639217513,
    44.67740656172528,
    45.475103459424446,
    49.20766433289177,
    47.14221379724709,
    48.40613694881138,
    49.7104356105511,
    49.25479355212804,
    49.553367628501015,
    52.31788760729325,
    51.46329446480824,
    50.31980229365198,
    46.84532545506954,
    43.46527748618807,
    48.85155377123091,
    46.35846495314648,
    47.7854754726092,
    46.15952515288403,
    44.96954462925593,
    50.60875851832903,
    50.41244019527693,
    49.18642563272167,
    53.16472324877977,
    48.178905995992515,
    50.47859423894148,
    45.44932931347897,
    47.31763831657522,
    48.98582554334089,
    47.223943025679205,
    48.545816655221735,
    46.76415162634205,
    48.499291469921936,
    46.95556987942876,
    49.130433904819,
    48.09258218815452,
    48.118875411840584
  ],
  "epoch_costs": [
    0.0,
    0.0,
    0.0,
    0.0,
    0.0,
    0.0,
    0.0,
    0.0,
    0.0,
    0.0,
    0.0,
    0.0,
    0.0,
    0.0,
    0.0,
    0.0,
    0.0,
    0.0,
    0.0,
    0.0,
    0.0,
    0.0,
    0.0,
    0.0,
    0.0,
    0.0,
    0.0,
    0.0,
    0.0,
    0.0,
    0.0,
    0.0,
    0.0,
    0.0,
    0.0,
    0.0,
    0.0,
    0.0,
    0.0,
    0.0,
    0.0,
    0.0,
    0.0,
    0.0,
    0.0,
    0.0,
    0.0,
    0.0,
    0.0,
    0.0,
    0.0,
    0.0,
    0.0,
    0.0,
    0.0,
    0.0,
    0.0,
    0.0,
    0.0,
    0.0,
    0.0,
    0.03037877380847931,
    0.0,
    0.0,
    0.12279383912682533,
    0.45281696543097494,
    0.07712075486779213,
    0.9334676153957844,
    1.0984799712896347,
    1.919807105511427,
    5.146488086879254,
    5.281471054255962,
    9.229758663475513,
    14.385818140953779,
    10.80055563673377,
    12.45638392791152,
    17.30360280686901,
    19.43641631943839,
    26.138305518598784,
    20.40353885665536,
    22.78387337994008,
    24.30374294874214,
    27.282682093126432,
    27.201875979927454,
    21.461890760323275,
    24.188724956729196,
    28.71295832165263,
    32.70885824444501,
    23.637051760554314,
    38.099002084006436,
    32.327845079394486,
    32.64814846052064,
    40.22480563879013,
    40.279798261248146,
    34.511924947301544,
    33.846655177659,
    43.38953024148941,
    30.513829090694585,
    27.296496039722115,
    21.628831212573193,
    30.043556119907986,
    24.801844779182883,
    23.28317844569683,
    21.543893028878504,
    31.25506383084482,
    24.22138012855342,
    31.407431501330752,
    24.18967333648886,
    22.53182222114669,
    28.154129247455035,
    17.55711307376623,
    20.92529764731188,
    20.55737464331292,
    31.939306692603758,
    28.615385408912385,
    30.1696374262957,
    22.875678117076557,
    20.561235275707748,
    21.283230382042962,
    19.50003905202213,
    14.265119983217655,
    19.79162664751749,
    18.00025969896561,
    18.00591410543674,
    14.851731050855074,
    18.079680611036327,
    25.899972257100874,
    27.83915133689131,
    25.289934918698336,
    20.325563548819016,
    17.05796962670791,
    19.03795886588724,
    37.39107981098421,
    18.01644433194246,
    21.509621173948855,
    22.74810160052132,
    13.400605815276503,
    16.645397373499016,
    16.56289676213876,
    16.691328801998967,
    33.93331316902357,
    20.95264821891722,
    23.150749445767016,
    19.720947410715254,
    22.650569925839836,
    19.263838146586675,
    20.624244548581743,
    14.970364866348413,
    15.208512835204601,
    12.592175725560923
  ],