{
  "algorithm": "safe_ppo",
  "seed": 2,
  "epochs": 150,
  "epoch_returns": [
    -182.09104309380055,
    -175.1713395923376,
    -178.57582335472108,
    -182.26972711980343,
    -173.81308635771273,
    -175.69743560552598,
    -177.1824378103018,
    -175.29908421337603,
    -175.56087161302565,
    -171.8806546986103,
    -171.8831378608942,
    -176.2628498017788,
    -175.9490006953478,
    -179.69444799721242,
    -179.44267781078815,
    -176.32962839901447,
    -173.22037281095982,
    -169.23620158433914,
    -165.72017859220506,
    -164.3316340237856,
    -165.07380661964416,
    -166.66751669347286,
    -169.13696255385875,
    -171.05477925539017,
    -173.87398472130297,
    -174.0188062161207,
    -169.53988618552685,
    -176.82970802783967,
    -177.34603012800216,
    -175.18757762610912,
    -173.12076408565045,
    -172.54551180005075,
    -177.92680184841157,
    -176.73515885174274,
    -170.4202683210373,
    -177.18800928592682,
    -178.3823867201805,
    -181.1061621248722,
    -175.78256721794605,
    -170.5190680861473,
    -172.23561956882477,
    -167.23373054862023,
    -168.9598681986332,
    -163.61256103515626,
    -164.0375613927841,
    -163.59220572412013,
    -162.8733824670315,
    -158.9000816732645,
    -164.17545058727265,
    -160.38663155436515,
    -167.17822288870812,
    -170.14350272119046,
    -167.58381218612195,
    -166.48144662678243,
    -161.26631048619748,
    -160.96753008067608,
    -162.13941302895546,
    -165.68908281922342,
    -165.14127005040646,
    -164.71923248767854,
    -168.31681025624275,
    -164.08191353082657,
    -169.60839711129665,
    -161.68121969997884,
    -160.82088506519796,
    -163.76286736130714,
    -163.4627839922905,
    -159.41264954209328,
    -160.91387533545495,
    -161.4561848759651,
    -164.32001099586486,
    -159.58573957383632,
    -162.78062613904476,
    -158.86562995910646,
    -156.01261761188508,
    -157.8081905335188,
    -160.08081000447274,
    -153.49903439581394,
    -129.07547662854194,
    -108.05103731751441,
    -85.96424796467736,
    -59.995363213799216,
    -59.33752824501558,
    -65.52549682963978,
    -23.475463035206,
    -22.574792608618736,
    -51.6676829457283,
    -27.091205808023613,
    3.0770481300354002,
    -4.577810389300187,
    -16.583246958752472,
    4.727620618343353,
    2.842444267272949,
    4.640463402271271,
    -5.682368218898773,
    10.73363927923716,
    16.790290020979366,
    26.597867374066954,
    24.1217926969895,
    25.811228992762388,
    26.98828995007056,
    24.001503070195515,
    21.39727645424696,
    26.626097451757502,
    27.273330500492683,
    26.53907760646608,
    32.028944043012764,
    29.225429345060277,
    29.836383956450003,
    32.87278145772439,
    30.953351064964576,
    31.561581834598822,
    33.253892440881046,
    33.87182120978832,
    32.945704174893244,
    35.295006548536236,
    36.92068888812229,
    37.98325281540553,
    41.41988660058668,
    37.42871214946111,
    39.352208916346235,
    40.32371652331845,
    38.43997632223984,
    39.35436195929845,
    42.351074285805225,
    39.208171910253064,
    39.701498525217175,
    39.39501279219985,
    41.41021665659818,
    43.02798035289302,
    42.4896104875952,
    42.058578558506504,
    44.03889107353547,
    43.67551689638811,
    44.035714862924635,
    43.235813328448465,
    45.51411168404988,
    44.274749108723235,
    45.92530853958691,
    44.830761308179184,
    46.30355794396665,
    45.93827215830485,
    44.88024900941288,
    41.025448401128095,
    42.274310150567224,
    42.92211475037038,
    42.93549090794155,
    44.441434898797205,
    42.423750922960394,
    46.84389118022389
  ],
  "epoch_costs": [
    0.0,
    0.0,
    0.0,
    0.0,
    0.0,
    0.0,
    0.0,
    0.0,
    0.0,
    0.0,
    0.0,
    0.0,
    0.0,
    0.0,
    0.0,
    0.0,
    0.0,
    0.0,
    0.0,
    0.0,
    0.0,
    0.0,
    0.0,
    0.0,
    0.0,
    0.0,
    0.0,
    0.0,
    0.0,
    0.0,
    0.0,
    0.0,
    0.0,
    0.0,
    0.0,
    0.0,
    0.0,
    0.0,
    0.0,
    0.0,
    0.0,
    0.0,
    0.0,
    0.0,
    0.0,
    0.0,
    0.0,
    0.0,
    0.0,
    0.05142040476202965,
    0.0,
    0.0,
    0.0,
    0.0,
    0.0,
    0.0,
    0.0,
    0.0,
    0.0,
    0.0,
    0.0,
    0.0,
    0.0,
    0.0,
    0.0,
    0.002394057810306549,
    0.0,
    0.0,
    0.0,
    0.0,
    0.27574839293956754,
    0.05570668801665306,
    0.0,
    0.31566776186227796,
    0.058399345725774765,
    0.005621407181024551,
    0.14257218837738037,
    0.39265856295824053,
    23.411391231417657,
    23.32717883065343,
    30.0116464218923,
    36.259504900059916,
    33.84250893172893,
    37.00640100511637,
    35.96998404276868,
    37.21751947825154,
    36.216570581902154,
    38.970139042163886,
    45.47312309443951,
    43.624215856194496,
    49.15610632672906,
    47.00851669728756,
    47.37399516224861,
    43.488333939909936,
    51.693342781066896,
    47.52060639915558,
    50.841131003430256,
    56.731141258720996,
    57.44446489673395,
    57.44814081324471,
    60.71238846856135,
    57.36090229120519,
    60.598527653859215,
    57.831580973333786,
    63.258500607540974,
    60.08928964811343,
    72.84855467023758,
    64.3935292456989,
    65.63566313021713,
    68.63546652705581,
    66.35414704238927,
    67.61691185500887,
    65.468695068998,
    64.45820855242866,
    60.91812635319574,
    56.02353992801288,
    57.77506863608443,
    54.10127555380265,
    48.759400163446706,
    66.49354749310899,
    54.5862058972319,
    58.63525446170363,
    58.2747836375031,
    50.74671423733234,
    44.69609261536971,
    56.94029632621798,
    40.601297673303634,
    41.20205321768299,
    37.447702253406696,
    39.73839268223806,
    41.85380668472499,
    47.359516759072584,
    35.82937630528913,
    38.33226090538151,
    42.49653598440416,
    34.14953864847912,
    33.34590407567365,
    34.051982826420236,
    33.44844787699335,
    37.21769600230105,
    28.904678529749315,
    30.72892529020707,
    36.60352531776709,
    48.75540873312181,
    35.810742770486016,
    44.33634935459122,
    33.80955359552588,
    35.00687513018356,
    38.21471667070599,
    30.374654598948027
  ],