{
  "algorithm": "safe_ppo",
  "seed": 1,
  "epochs": 150,
  "epoch_returns": [
    -181.15941573381423,
    -179.08958947956563,
    -176.07554175257684,
    -171.79032461941242,
    -174.680575761199,
    -172.5119097739458,
    -176.47134007811547,
    -174.46624250113965,
    -167.67461239397525,
    -168.67700069844722,
    -164.5822430729866,
    -169.73594981133937,
    -168.910389778018,
    -167.30902959406376,
    -164.1980138838291,
    -170.07380654215814,
    -168.1942977309227,
    -170.4785948932171,
    -169.43584203422068,
    -164.23128151893616,
    -167.41221302747726,
    -169.31429068744183,
    -164.93895110487938,
    -158.6790575057268,
    -158.95236144959927,
    -161.8492505699396,
    -155.25255471169947,
    -159.95145353376864,
    -163.34867042303085,
    -158.63754540085793,
    -161.34531518816948,
    -165.45988161861897,
    -161.786947748065,
    -156.6526140511036,
    -160.60229421257972,
    -161.3898232281208,
    -161.06248072385787,
    -156.9450528562069,
    -155.98857278227806,
    -156.6791940897703,
    -158.3363457083702,
    -156.4405965089798,
    -163.83519757688046,
    -158.89762252867223,
    -158.75979073047637,
    -160.7404667109251,
    -155.42631619274616,
    -159.95290912389754,
    -159.31089427471161,
    -158.32102955579757,
    -153.79673187434673,
    -151.41771444678307,
    -147.30996783077717,
    -156.38989154100418,
    -148.02194198966026,
    -150.94967831373214,
    -149.01845553219317,
    -146.5984449416399,
    -135.7367939978838,
    -128.3796762853861,
    -136.55662057995795,
    -126.27274242937565,
    -96.3475186496973,
    -91.91636000275612,
    -106.3677881449461,
    -86.49068310856819,
    -43.67031822502613,
    -33.83715319335461,
    -32.63807312079838,
    -24.249011066555976,
    -22.558076569012233,
    -18.599910046373093,
    -10.703883303837342,
    -14.774883592670614,
    3.798521876335144,
    -5.798359507864172,
    13.8612043907245,
    24.275159642100334,
    17.478507230679195,
    20.765722657625492,
    27.80677925657343,
    24.28516647338867,
    31.37529409373248,
    37.16833943767207,
    25.68630616939985,
    41.79176402297513,
    41.17981181029351,
    31.37137567571231,
    40.917805217463396,
    36.85697254846836,
    46.93504786310774,
    41.24142441634209,
    41.70155921764672,
    43.29913115320784,
    43.08272053487599,
    44.628547393914424,
    44.11795021505917,
    47.1047152976195,
    44.27639628989356,
    51.70006700051137,
    43.427603246534574,
    46.73260181976689,
    44.32601945229939,
    48.57815010183387,
    45.01890756686529,
    43.931481891019004,
    48.37102693946738,
    49.97015971690416,
    47.38247736885741,
    38.789539482444525,
    35.62830541332563,
    37.751352378816314,
    39.97586765795043,
    44.34560942990439,
    45.00799350802963,
    46.657555120555976,
    47.895695206366085,
    45.143479377031326,
    49.97082817860139,
    51.422699784621216,
    49.662434822634644,
    48.95555033652406,
    47.063788643008785,
    45.21467187059553,
    47.2467312730021,
    46.5926295293344,
    49.234821463242554,
    47.04832353785231,
    46.23122328049258,
    45.269508769114815,
    44.189430604109894,
    46.266880036968935,
    48.994996721807276,
    48.04255593740023,
    47.86084706218619,
    46.1262863968548,
    47.69340614936291,
    48.71093618564117,
    47.53322051018476,
    49.28282361626625,
    49.75356869995594,
    51.01645354000298,
    45.17215394973755,
    35.20483526299077,
    39.74204607443376,
    41.29330308777946,
    41.26926755053656,
    48.183642915777256,
    49.40870764381007,
    48.980946300923826
  ],
  "epoch_costs": [
    0.0,
    0.0,
    0.0,
    0.0,
    0.0,
    0.0,
    0.0,
    0.0,
    0.0,
    0.0,
    0.0,
    0.0,
    0.0,
    0.0,
    0.0,
    0.0,
    0.0,
    0.0,
    0.0,
    0.0,
    0.0,
    0.0,
    0.0,
    0.0,
    0.0,
    0.0,
    0.0,
    0.0,
    0.0,
    0.0,
    0.0,
    0.0,
    0.0,
    0.0,
    0.0,
    0.0,
    0.0,
    0.0,
    0.0,
    0.0,
    0.0,
    0.0,
    0.0,
    0.0,
    0.0,
    0.0,
    0.0,
    0.0,
    0.0,
    0.0,
    0.0,
    0.0,
    0.05065491423010826,
    0.007052440196275711,
    0.0,
    0.0706912748515606,
    0.0,
    0.3585629887878895,
    0.4510386481881142,
    0.7118232704699039,
    0.7987480789422989,
    0.9982366435229778,
    2.987765318155289,
    3.4420711651444433,
    4.753441094607115,
    10.957031111419202,
    13.540817859768868,
    16.51141646951437,
    21.688242408491316,
    17.043756490945817,
    26.141509656395232,
    24.220619608248985,
    23.110433008860458,
    25.621900800276887,
    29.37497855181044,
    34.98106786608696,
    35.298979407797255,
    37.33350772038102,
    37.521075985083975,
    32.46451148046897,
    33.04310847101388,
    45.475889304876326,
    33.09038923404835,
    34.78210076423628,
    36.69785511894868,
    27.662017427127935,
    24.30352231523683,
    35.817850419453215,
    33.83453823009442,
    32.96253877261589,
    24.527375692670997,
    31.82066504561132,
    29.411241063848138,
    30.27375820053346,
    31.866465681698173,
    30.294109082583226,
    33.34252965274979,
    18.76605162438419,
    24.700798299057144,
    14.278339113180454,
    26.75750604052754,
    21.859898480690187,
    24.04435835991587,
    19.97070738217897,
    21.187350525210302,
    21.698042265857968,
    17.05012436132682,
    11.915265057981014,
    17.522276051946587,
    37.05720288027078,
    47.318244895339014,
    30.392250422275428,
    30.492540298989326,
    24.257066082102913,
    16.426969931335062,
    14.404079704300353,
    13.38829314865564,
    15.612364662190279,
    12.29686110600447,
    14.35076394256873,
    15.026228611798663,
    13.930397314068518,
    14.809468244251452,
    13.227371867942182,
    17.74113128334284,
    18.70249753103063,
    11.271418082026335,
    17.436595128194707,
    15.249530579306578,
    20.97987926006317,
    18.228822124970925,
    13.291497721483832,
    14.67560348463686,
    11.69289291363496,
    14.575034595633808,
    12.77783374841276,
    11.882094183411354,
    11.608091665384096,
    9.662637463957072,
    11.95856220200658,
    8.450537702068686,
    10.615815986249897,
    23.832716522945297,
    38.00997045443904,
    28.639011280554712,
    21.173306130937167,
    18.118647067461694,
    14.464114338965029,
    12.063049347777115,
    9.450716399773956
  ],