{
  "algorithm": "ppo",
  "seed": 0,
  "epochs": 150,
  "epoch_returns": [
    -181.16702820658685,
    -178.9400199174881,
    -182.86510308086872,
    -178.01645460128785,
    -175.4803888231516,
    -177.28477462530137,
    -175.58362090587616,
    -171.7271825581789,
    -170.9561170041561,
    -171.8090798854828,
    -168.77650879323483,
    -170.92176482975484,
    -167.81301546096802,
    -172.5647370517254,
    -170.49984106719495,
    -171.53024331331252,
    -168.8120386213064,
    -169.88032707571983,
    -167.40680164694786,
    -161.04639169573784,
    -160.94954048097134,
    -160.8873435974121,
    -157.189084854722,
    -162.36958144903184,
    -157.31863039135933,
    -158.07156930863857,
    -153.11469040811062,
    -157.17506892085075,
    -155.97142603695391,
    -149.9777801543474,
    -153.2050697773695,
    -142.98064536452293,
    -132.53286129534246,
    -141.4221174746752,
    -131.8440057784319,
    -133.75673658251762,
    -141.831311455369,
    -131.3449898093939,
    -140.66075362861156,
    -142.96775052249433,
    -133.36419745087625,
    -130.8127762645483,
    -126.9249326825142,
    -123.14959622621537,
    -123.37494371831417,
    -124.96846310198308,
    -125.4623188138008,
    -123.79566619396209,
    -118.71379102766514,
    -125.59572701752185,
    -126.08198925852776,
    -123.18618453741074,
    -121.364781665802,
    -114.32554949223996,
    -116.85800169110298,
    -118.06591666042804,
    -112.29569769203663,
    -115.46532664895058,
    -108.35139393806458,
    -116.51164931952954,
    -112.66833856105805,
    -108.4458173573017,
    -109.1490559399128,
    -106.63778004348278,
    -104.88583199083806,
    -103.7660551995039,
    -101.66704483628273,
    -98.2730357080698,
    -94.8988118827343,
    -88.07482365369796,
    -66.86712306141854,
    -78.07206806838512,
    -51.41341685652733,
    -12.006350494566417,
    1.8638469631021672,
    6.105103189294988,
    23.69106361021598,
    23.14229277521372,
    13.791674699472344,
    17.282273650169373,
    29.879829848806065,
    25.29047266145547,
    30.752063443660735,
    35.991001546382904,
    24.03475592851639,
    32.43572361767292,
    28.269159402166093,
    40.047008007764816,
    43.031672010198236,
    39.32836366097133,
    41.204743292182684,
    38.90652911464373,
    41.42495274357498,
    43.30839628507109,
    40.48999345488846,
    43.91187018857283,
    42.705976238173825,
    49.23348322686027,
    40.193220221635066,
    44.39895050634038,
    46.60609271070536,
    46.474908746778965,
    44.06665329547489,
    51.05609518289566,
    41.806572075813044,
    42.64796959969305,
    46.90581909929003,
    49.27254794900482,
    43.09510172289961,
    44.585132099900925,
    44.26547986088377,
    46.095240127709175,
    42.97824082830373,
    44.173846445764816,
    44.587890319964465,
    46.0574571472757,
    45.25980858802795,
    49.006590778890406,
    48.232767490964186,
    48.84751572577577,
    48.624992178904044,
    44.17203462825102,
    40.936880121307986,
    40.66884671151638,
    44.28738082719572,
    46.97001227310726,
    46.17394863234626,
    46.43175355262227,
    47.32519271804227,
    49.31481100069849,
    43.36878742112054,
    49.78077667493086,
    50.92771244966067,
    46.53780047279416,
    51.203272256412006,
    46.88455456495285,
    48.47009254523686,
    48.88429575675243,
    46.41142425882189,
    44.745824406544365,
    48.577374087439644,
    46.03099078602261,
    49.98456435429083,
    50.35353254966247,
    47.15594402112459,
    49.62696825235318,
    48.42958423266044,
    47.044524013996124,
    44.132453761167,
    45.88492992023627
  ],
  "epoch_costs": [
    0.0,
    0.0,
    0.0,
    0.0,
    0.0,
    0.0,
    0.0,
    0.0,
    0.0,
    0.0,
    0.0,
    0.0,
    0.0,
    0.0,
    0.0,
    0.0,
    0.0,
    0.0,
    0.0,
    0.0,
    0.0,
    0.0,
    0.0,
    0.0,
    0.0,
    0.0,
    0.0,
    0.0,
    0.0,
    0.013685231655836095,
    0.06056788116693492,
    0.15987969338893884,
    0.8592792369425295,
    0.5097283586859702,
    0.3171766579151152,
    0.6849922247231005,
    0.5043485105037687,
    0.14038772881031022,
    0.34801689460873597,
    0.14994832500815386,
    0.3014627203345298,
    1.212571536004543,
    1.3448164090514179,
    0.9490718990564343,
    0.783535712212324,
    1.2157937332987783,
    1.4666904762387272,
    1.7929563812911506,
    3.4888512194156647,
    3.4856036894023417,
    3.8757946848869325,
    9.473345313966274,
    13.806505843997002,
    17.118120250105857,
    19.669368436187504,
    16.717440576851367,
    20.581941413879395,
    16.377879083156586,
    24.04552213549614,
    19.302376910299063,
    24.14019905254245,
    28.976879917830228,
    26.002689078450203,
    32.90679790228605,
    35.28789281100035,
    35.83590028434992,
    38.499199824035166,
    43.142570439726114,
    42.87054944485426,
    50.20714162811637,
    44.26509171202779,
    44.136956783384086,
    39.76560076773167,
    37.80848056858494,
    36.879192025824025,
    37.559219434180044,
    36.85921250035366,
    37.583520432313286,
    43.7901952104724,
    38.62441259363423,
    35.3557179911683,
    42.601770524556436,
    35.561787390112876,
    38.83863325119019,
    33.788103347420694,
    28.789883421467884,
    26.84074471199087,
    25.8173728103439,
    19.165052774827927,
    23.676604663829007,
    23.655407341662794,
    27.747565469145776,
    25.2826279127039,
    20.541858925538904,
    27.08180541684851,
    22.499004004194457,
    28.03821085585702,
    19.974646724760532,
    22.974931281624418,
    22.531089701435782,
    24.66469712073312,
    28.00638576457277,
    24.12866715604768,
    15.493378008274655,
    35.88300977262758,
    41.05287953970894,
    26.778410635249955,
    20.19811113460644,
    23.740550563615912,
    23.399630128911564,
    29.321344179637503,
    19.870210367358393,
    26.689450371791335,
    23.743449020385743,
    27.669582765768556,
    25.424199712627075,
    24.056874158978463,
    13.763396803877855,
    14.459281767669477,
    15.153823038072963,
    19.30339685525443,
    29.350253628457295,
    40.36881748562859,
    35.25172706646845,
    34.24546779872793,
    24.482510674425534,
    21.328592516895796,
    21.149825076676077,
    22.512332681980396,
    14.673529173590635,
    20.657762315124273,
    14.838937445710867,
    12.420499094021626,
    29.06132671056372,
    15.016161500231215,
    18.79724754594468,
    21.559842655062674,
    17.048681100478042,
    13.169655736731855,
    17.670856198916834,
    20.647041329493124,
    21.67500472275747,
    18.0010905028195,
    13.49329320513285,
    17.231120037405116,
    15.307506281213882,
    9.648186321059862,
    14.634724749503908,
    12.913824554118845,
    13.820485576987267
  ],