{
  "algorithm": "safe_ppo",
  "seed": 0,
  "epochs": 150,
  "epoch_returns": [
    -178.75869366526604,
    -177.41673891842365,
    -182.44795595109463,
    -181.95659913420678,
    -175.0350958734751,
    -176.85897317528725,
    -171.6117813140154,
    -177.4853691995144,
    -173.30062140822412,
    -168.609838911891,
    -164.21589056849479,
    -170.66048043370247,
    -162.28742732405664,
    -166.08941235244274,
    -163.83038240373133,
    -159.919674795866,
    -158.6762211918831,
    -157.18588542640208,
    -157.32904872894287,
    -155.46484543085097,
    -153.48137603402137,
    -154.1005839973688,
    -149.59087728857995,
    -154.67299593389035,
    -153.76047160029412,
    -150.32700673639775,
    -150.20439181029798,
    -150.98741913437843,
    -151.17733970880508,
    -150.2712878793478,
    -152.85972301363944,
    -150.72165132164955,
    -148.75842739641666,
    -149.583796864748,
    -149.1017988592386,
    -147.3613642692566,
    -148.82082465291023,
    -147.23852297067643,
    -149.70959573686122,
    -149.00359426140784,
    -149.57623314261437,
    -150.21376865208148,
    -150.51550138294698,
    -150.82755464315414,
    -148.6096283376217,
    -150.62944884598255,
    -151.4750023305416,
    -152.08494077920915,
    -152.135040345788,
    -153.22014897763728,
    -151.8602257758379,
    -152.42502232789994,
    -153.43585012853146,
    -153.69753298163414,
    -153.69890031516553,
    -157.37762222290038,
    -155.3878792196512,
    -156.07433634400368,
    -149.7087733209133,
    -153.21245705485345,
    -154.39018744528295,
    -153.81936330497265,
    -157.17641683220864,
    -159.43690632283688,
    -157.2613915681839,
    -158.8264587968588,
    -159.2551290810108,
    -158.009180444479,
    -150.9699860572815,
    -146.99950797259808,
    -149.41752177774907,
    -152.02223917245865,
    -153.2584764868021,
    -144.0906555891037,
    -146.79008717238904,
    -143.61707992851734,
    -143.41905966997146,
    -133.48701761960984,
    -139.84138938188553,
    -124.02440830171108,
    -102.45289163291454,
    -121.02586356401443,
    -91.47338942289352,
    -97.28397743999957,
    -60.66988959014416,
    -36.74915246665478,
    -53.01850580573082,
    -31.976926121115685,
    -45.04364652633667,
    -29.518003548894608,
    -9.583371837030757,
    -23.20106416373026,
    -7.038112737915733,
    -1.2066194794394753,
    3.8848458801706633,
    13.675431578055672,
    5.6931372388549475,
    14.47619300365448,
    25.04327681660652,
    18.608391938209532,
    27.208303911345347,
    34.05329167637332,
    32.53769404760429,
    34.382138005892436,
    35.657901946703596,
    37.0353267788887,
    40.66312403448166,
    42.67642239187703,
    40.87994525288091,
    44.95256680420467,
    45.37028853156988,
    43.816037230631885,
    47.99739077772413,
    48.34412023425102,
    43.50745446031744,
    44.17667625528394,
    45.44676514827844,
    47.41863944884893,
    42.9052107388323,
    44.583808704334146,
    47.098915211028526,
    47.517963180939354,
    47.719966274168755,
    49.12579004632102,
    47.84537971019745,
    49.332459096973004,
    44.981590810944056,
    47.13316968679428,
    47.89720332944715,
    47.44212446278996,
    47.46623149514198,
    49.007513774407876,
    47.30806553874697,
    47.691273257136345,
    46.62356209414346,
    47.553463409628186,
    50.023286076816355,
    49.04479211407739,
    49.4660292361912,
    49.78305633601389,
    52.82594270278246,
    46.862064292033516,
    48.862065874867966,
    49.14006148318987,
    49.5159099134239,
    43.30275338888168,
    48.766187202286076,
    48.49227435685493,
    50.071960218854855,
    51.494601966519106
  ],
  "epoch_costs": [
    0.0,
    0.0,
    0.0,
    0.0,
    0.0,
    0.0,
    0.0,
    0.0,
    0.0,
    0.0,
    0.0,
    0.0,
    0.0,
    0.0,
    0.0,
    0.0,
    0.0,
    0.0,
    0.0,
    0.0,
    0.0,
    0.0,
    0.0,
    0.0,
    0.0,
    0.0,
    0.0,
    0.0,
    0.0,
    0.0,
    0.0,
    0.0,
    0.0,
    0.0,
    0.0,
    0.0,
    0.0,
    0.0,
    0.0,
    0.0,
    0.0,
    0.0,
    0.0,
    0.0,
    0.0,
    0.0,
    0.0,
    0.0,
    0.0,
    0.0,
    0.0,
    0.0,
    0.0,
    0.0,
    0.0,
    0.0,
    0.0,
    0.0,
    0.0,
    0.0,
    0.0,
    0.0,
    0.0,
    0.0,
    0.0,
    0.0,
    0.0,
    0.0,
    0.0,
    0.0,
    0.0,
    0.0,
    0.0,
    0.0,
    0.0,
    0.016421470791101456,
    0.12627624049782754,
    0.12770073488354683,
    0.0702119804918766,
    1.335979849100113,
    3.077964360266924,
    1.4634990483522414,
    5.846666959673167,
    6.096164096146822,
    9.161837398260833,
    14.655480698496103,
    14.221428364515305,
    18.86065642312169,
    16.380334869027138,
    19.808661573699542,
    22.549208502877843,
    29.758148826303938,
    26.554781577803872,
    29.395089323547754,
    29.728181680043537,
    35.34476328155269,
    36.11497476567393,
    30.98041824698448,
    21.97819854265877,
    38.39171567738056,
    26.762338650545903,
    27.16161552328488,
    33.99886819933142,
    31.476026239494484,
    28.82193217376868,
    34.81617673486471,
    31.214664269839563,
    24.920246522986528,
    27.081992786942106,
    24.592826569931848,
    28.812938399612904,
    25.983703575151807,
    22.121751369748797,
    25.33928466339906,
    33.737525803121656,
    34.6832552353541,
    31.17500169304284,
    20.27869833442005,
    33.559250830700904,
    29.49213578157565,
    26.080630537122488,
    24.43647866571943,
    27.593389672951567,
    24.612960395299726,
    24.496643432312542,
    20.63885060959571,
    35.58470832249697,
    31.768949964216777,
    23.408500374168963,
    24.904353061070044,
    27.7169329304662,
    24.29046313021634,
    25.71479400268623,
    25.570207047793602,
    29.30112770668098,
    27.670153997199876,
    22.16025919245707,
    25.389498776277982,
    24.393505821102544,
    19.15539581289417,
    18.432139991185604,
    26.2282368308968,
    23.143315214663744,
    24.657051373977918,
    24.491494672926695,
    29.913107466271946,
    22.31403301414606,
    22.13655377964716,
    21.03884138126631,
    17.74135967853822
  ],