{
  "algorithm": "safe_ppo",
  "seed": 2,
  "epochs": 150,
  "epoch_returns": [
    -182.09104309380055,
    -175.23063633143903,
    -176.77028095126153,
    -182.80221459567548,
    -174.44497135579587,
    -173.04874728322028,
    -172.48121506869794,
    -168.93502784073354,
    -169.4190052330494,
    -163.23177237808704,
    -162.46970287263395,
    -166.54240665733815,
    -169.4289843916893,
    -172.50042057931424,
    -174.29192091226577,
    -171.3716107159853,
    -168.72224453389646,
    -166.069024258852,
    -162.9187863647938,
    -162.35866395831107,
    -165.81314219832421,
    -164.85915232896804,
    -165.69552265405656,
    -163.7628671616316,
    -165.87419119477272,
    -167.62629489302634,
    -161.70422036349774,
    -163.588921892643,
    -161.5134673476219,
    -161.64004012346268,
    -157.21544857621194,
    -159.08094547986985,
    -163.2799527078867,
    -168.67883593142034,
    -162.5199949890375,
    -166.9973155140877,
    -165.72955818474293,
    -170.57033350169658,
    -163.858522310853,
    -160.6204015314579,
    -164.14618001580237,
    -159.54067358374596,
    -161.66299778521062,
    -159.33712376654148,
    -158.17042064666748,
    -154.76636951863765,
    -158.26174801588058,
    -155.25264033675194,
    -159.8891681522131,
    -154.9744773954153,
    -158.446257725358,
    -160.76096716821195,
    -160.0853025585413,
    -158.45026834607125,
    -154.72484697401524,
    -155.28946955800058,
    -154.84999508857726,
    -159.19020861089228,
    -149.10572778582574,
    -141.51376900672912,
    -136.4759898096323,
    -134.04947865605354,
    -125.55202008187771,
    -91.60967715680599,
    -75.75575782003857,
    -61.15754799409346,
    -19.765552253826804,
    -44.26129697457604,
    -7.873997315764427,
    -18.507345924774807,
    -24.8494033081965,
    -28.93273571263189,
    -12.453864383200804,
    -28.447314397855237,
    -1.0083079437414806,
    -1.6561346476276715,
    4.9423877249161405,
    8.355066375732422,
    9.042151426275572,
    8.273013773063818,
    20.25779888153076,
    16.91910102367401,
    22.76090458035469,
    23.540740880966187,
    23.658701894283293,
    25.464133975505828,
    14.297294988632203,
    26.83609719459827,
    34.69640814595752,
    30.156942965807737,
    28.626891361342537,
    35.942743139607565,
    35.685708231159616,
    25.57213273873696,
    37.804352659603644,
    38.579821777754816,
    40.799230980873105,
    45.226279973983765,
    44.92256312298052,
    48.3498178260667,
    42.00827092984144,
    51.0961509927323,
    47.96750232080618,
    47.712188598182465,
    49.182918909523224,
    47.47993181977007,
    47.421175080868935,
    47.67292179771372,
    45.64880530737542,
    46.00804606080055,
    45.172314336805634,
    47.69573135508431,
    49.260459780693054,
    50.22842878268825,
    50.00358851489268,
    49.78676232776127,
    50.07520406793903,
    45.274829018447136,
    44.80834356716701,
    47.43605514201853,
    47.940815625963985,
    49.48395591515761,
    48.71455653560789,
    44.80399642763911,
    47.57987903356552,
    45.4125161651108,
    46.85408508620764,
    49.20144205242396,
    50.747098244153534,
    46.71106227073405,
    47.48907312670269,
    49.14500862207168,
    46.97761237782401,
    47.721829026937485,
    47.516515360428734,
    45.65286754917454,
    39.09528871738549,
    41.64334324352882,
    43.65912891796657,
    44.53548432418278,
    46.58840212950835,
    47.69531182709493,
    48.71349796423545,
    49.43899784535169,
    51.5804448351264,
    49.32980748934624,
    38.867068976163864,
    44.5077891184224,
    47.620321967535546,
    45.69377258106282
  ],
  "epoch_costs": [
    0.0,
    0.0,
    0.0,
    0.0,
    0.0,
    0.0,
    0.0,
    0.0,
    0.0,
    0.0,
    0.0,
    0.0,
    0.0,
    0.0,
    0.0,
    0.0,
    0.0,
    0.0,
    0.0,
    0.0,
    0.0,
    0.0,
    0.0,
    0.0,
    0.0,
    0.0,
    0.0,
    0.0,
    0.0,
    0.0,
    0.0,
    0.0,
    0.0,
    0.0,
    0.0,
    0.0,
    0.0019730255007743835,
    0.0,
    0.0,
    0.19320865869522094,
    0.0,
    0.0,
    0.0,
    0.0,
    0.0,
    0.0,
    0.0,
    0.0,
    0.0,
    0.030804388225078583,
    0.0,
    0.0,
    0.0,
    0.12260379195213318,
    0.4751421093940735,
    0.0475357286632061,
    0.010783188045024872,
    0.0,
    2.0712741374969483,
    5.083760966360569,
    13.683434246480465,
    12.187373940646648,
    15.336701252311467,
    28.75616711229086,
    22.474588912867365,
    27.415778493339364,
    29.36325309717137,
    28.146845169689346,
    32.922892627616726,
    32.76152588737508,
    40.62593856386163,
    35.50934298466081,
    35.279199132074915,
    35.49286602911624,
    38.46752401441336,
    36.213268369436264,
    46.94037742291888,
    42.2868349981308,
    44.728012127801776,
    46.82128107485672,
    47.829515482783314,
    46.47844643592835,
    49.941366327496674,
    50.90058897972107,
    49.86677198529244,
    52.27308522820473,
    48.634025008678435,
    49.79115554804985,
    47.69156374754729,
    48.02516064765277,
    54.014191314578056,
    47.45563019120267,
    47.04553599123444,
    55.73853632578483,
    43.68114022139845,
    41.32994963948069,
    38.00643890798092,
    27.204985459361758,
    34.08969934691083,
    26.057035903419766,
    29.001200122868312,
    16.505730463485968,
    21.89795928655399,
    25.789230648014282,
    21.808928748385775,
    21.49977427514063,
    21.012533369163673,
    18.267009299751873,
    17.730298663313324,
    26.3888403562208,
    33.03999254784801,
    25.16361101675365,
    20.18292213775016,
    18.116553916699356,
    14.89535657630155,
    22.061136839357584,
    15.443433710449451,
    22.00845980230305,
    24.97640414621149,
    22.756756535006893,
    18.28643189853913,
    13.885256374493624,
    17.644732045107766,
    20.834636082520355,
    24.977966564893723,
    20.723527405411005,
    15.435048780943218,
    9.523973214253783,
    11.017296894620626,
    23.080328959971666,
    16.456720913986903,
    12.842233798442743,
    14.475835567390597,
    12.452007936106789,
    11.37119223903387,
    13.922634022864136,
    30.94830582990791,
    25.284262605011463,
    21.395887765288354,
    19.1797859949725,
    14.100033561925631,
    11.92792219825481,
    10.576651048965942,
    8.463512010872364,
    8.359626464918255,
    10.333924998457615,
    35.80247473390773,
    19.96917770140701,
    18.819036431610584,
    15.867910672567392
  ],