{
  "algorithm": "safe_ppo",
  "seed": 2,
  "epochs": 150,
  "epoch_returns": [
    -182.09104309380055,
    -175.3905889004469,
    -177.78103332221508,
    -182.91564144194126,
    -174.66826626360415,
    -173.63671619296073,
    -172.41422798633576,
    -168.21705767214297,
    -163.8852425247431,
    -160.51101704537868,
    -161.28573141992092,
    -162.60949911177158,
    -161.76764937937259,
    -166.44487417638302,
    -162.0841739922762,
    -156.08560016155243,
    -154.83456565737725,
    -152.63176240324975,
    -151.34966887533665,
    -153.74602256119252,
    -155.385299500823,
    -155.8338148266077,
    -154.1036154806614,
    -153.35979329347612,
    -151.02197758853436,
    -153.78304022550583,
    -149.87033478617667,
    -152.6819907516241,
    -147.8114713817835,
    -150.35221188962458,
    -147.501549834013,
    -147.8437544107437,
    -150.25563112795354,
    -152.04720921218396,
    -147.26524497270583,
    -150.46499708592893,
    -148.14980319142342,
    -150.6515150755644,
    -146.93395262360573,
    -147.02006287574767,
    -148.58434627950191,
    -146.6539131462574,
    -148.31986807584764,
    -147.38267669975758,
    -147.40682869255542,
    -146.5374951004982,
    -146.9511218190193,
    -147.50767591297625,
    -146.86373473405837,
    -143.85636574029922,
    -145.6137813061476,
    -144.60230605602266,
    -138.81677975356578,
    -141.4051385641098,
    -133.86138660609723,
    -133.6376369446516,
    -136.46614337265493,
    -132.33422961235047,
    -129.3784778535366,
    -123.94966049194336,
    -130.18089776933192,
    -123.40655257999897,
    -125.93214257657527,
    -118.03829769194127,
    -114.81766865849495,
    -110.71858550012112,
    -108.21787935197354,
    -112.86005615293979,
    -103.43725487291813,
    -100.12970542609692,
    -96.49429823160172,
    -94.089534419775,
    -88.8039634615183,
    -71.55036532580853,
    -58.76864783465862,
    -30.367001672585804,
    -22.81079937446685,
    -2.5115619755926586,
    14.832597402009098,
    14.052995598834494,
    20.425772679348785,
    9.131113430728083,
    13.311137879888216,
    20.602581712106865,
    18.434666228791077,
    14.966417156159878,
    22.75439847757419,
    22.87201711654663,
    24.633630023002624,
    24.21660151720047,
    19.953440139293672,
    23.145535242557525,
    21.031330666542054,
    21.73405961036682,
    19.61953299320661,
    28.316271726901714,
    23.13544372182626,
    25.96115195980439,
    20.882244545679825,
    17.781856183822338,
    32.09282393966402,
    33.37205759542329,
    31.040002118263924,
    32.289219862648416,
    27.577924879533903,
    33.37515379488468,
    37.87287081521133,
    29.890527491216307,
    32.70968082547188,
    32.87213467913015,
    37.45029635470489,
    30.173084963645255,
    39.709009647369385,
    28.700078048876353,
    34.099719947782056,
    37.753222380915,
    39.28563004732132,
    35.27358917326763,
    42.897312454879284,
    47.68615676297082,
    43.24927222202806,
    47.29962804913521,
    47.713602270628954,
    45.380390003323555,
    46.84071389834086,
    40.18423649242946,
    47.543651926848625,
    47.89457707438204,
    49.46489823992188,
    47.690960711903045,
    45.47865491754868,
    41.62933908267455,
    44.69945868684186,
    46.90480572612662,
    48.154083786826384,
    48.94673676215685,
    48.18277490923279,
    48.977059478419164,
    39.75302337697058,
    44.18118230955941,
    47.62377705856373,
    46.91865794562005,
    46.916685771297765,
    45.47889416250918,
    47.2002886925873,
    52.315305809676644,
    47.99518063507582,
    50.39528195827435,
    39.622207690030336,
    36.268451638519764
  ],
  "epoch_costs": [
    0.0,
    0.0,
    0.0,
    0.0,
    0.0,
    0.0,
    0.0,
    0.0,
    0.0,
    0.0,
    0.0,
    0.0,
    0.0,
    0.0,
    0.0,
    0.0,
    0.0,
    0.0,
    0.0,
    0.0,
    0.0,
    0.0,
    0.0,
    0.0,
    0.0,
    0.0,
    0.0,
    0.0,
    0.0,
    0.0,
    0.0,
    0.0,
    0.0,
    0.0,
    0.0,
    0.0,
    0.0,
    0.0,
    0.0,
    0.0,
    0.0,
    0.0,
    0.0,
    0.0,
    0.0,
    0.0,
    0.0,
    0.0,
    0.0,
    0.015373528003692627,
    0.0,
    0.4176372855901718,
    0.3217123091220856,
    0.6524780914187431,
    0.6542087465524673,
    0.6785307697951793,
    0.5932468004524708,
    1.2212595880031585,
    0.4023958005011082,
    1.1285123147070408,
    0.9913604028522969,
    1.1783784493803977,
    1.198085355758667,
    2.838026361912489,
    3.2657071217894553,
    7.394207929074764,
    8.9844352170825,
    6.687373503297567,
    10.230828479677438,
    15.175513119995594,
    17.411356009542942,
    19.678338135778905,
    19.772904065996407,
    22.979271171241997,
    26.15530506297946,
    24.661174209344956,
    32.633072936818714,
    30.251511222549848,
    32.50607728416269,
    34.23742130333962,
    34.68970673841735,
    34.54951166329177,
    35.079357973610364,
    37.844209130232535,
    37.088962615157165,
    36.31960330593089,
    39.60904699874421,
    38.72350768923759,
    38.30346427321434,
    38.72355142891407,
    37.104028233885764,
    38.08330915272236,
    34.89338747084141,
    40.55213630139828,
    40.58674072359617,
    40.48794470383571,
    42.9376228721096,
    42.540191929500835,
    42.011879358154076,
    44.99370058396688,
    39.01092160972102,
    41.61265124912773,
    38.749644602515865,
    35.01956809631416,
    38.06728483683297,
    40.026694094496115,
    36.83751531459134,
    42.28999271271405,
    41.632153120424064,
    38.44116473836558,
    39.00600232646383,
    41.532198136406286,
    32.01053888946772,
    38.64381251164845,
    32.201905214581,
    26.607997014157235,
    38.07112533419296,
    32.51626189309975,
    25.79040971165523,
    18.170722894784475,
    18.694101071094764,
    16.218004437370432,
    17.52624328796928,
    18.084697402599787,
    18.227508663303322,
    19.66197134086064,
    18.219602893624042,
    17.54448574119144,
    16.3546479179247,
    17.215512956596083,
    25.701348424834364,
    31.659169978716157,
    19.43898218125105,
    13.8313353214609,
    11.789172321557999,
    11.3118699773764,
    12.857546201662013,
    20.983686496956008,
    25.43497769760363,
    17.914778530597687,
    11.343437626565757,
    12.974880655875078,
    15.487489721662289,
    15.567830791076025,
    9.55274382664969,
    6.571161783859134,
    9.324337102864918,
    9.00927362915797,
    33.95420600939542,
    30.182843859307468
  ],