{
  "algorithm": "dqn",
  "seed": 0,
  "episodes": 450,
  "episode_returns": [
    -183.3544726371765,
    -189.43384104967117,
    -171.247397005558,
    -172.8918541073799,
    -167.95579463243484,
    -183.56422168016434,
    -184.11970096826553,
    -181.66003662347794,
    -166.00411987304688,
    -175.345105946064,
    -185.01821821928024,
    -179.43982577323914,
    -172.15416568517685,
    -181.99384635686874,
    -176.19638466835022,
    -185.53601163625717,
    -181.50762552022934,
    -163.67713153362274,
    -182.6481145620346,
    -186.8035707473755,
    -165.08323150873184,
    -174.54551416635513,
    -180.86032783985138,
    -176.78670781850815,
    -187.99622583389282,
    -152.98628306388855,
    -174.11515200138092,
    -178.40376156568527,
    -176.39469021558762,
    -174.99119836091995,
    -184.7096944451332,
    -170.96169716119766,
    -178.5582823753357,
    -184.7706639766693,
    -180.09149312973022,
    -175.18321132659912,
    -186.4001989364624,
    -180.62433701753616,
    -176.58605831861496,
    -182.61385130882263,
    -187.8283513188362,
    -183.82530009746552,
    -182.45186018943787,
    -183.40679216384888,
    -176.81409764289856,
    -174.33187866210938,
    -187.206056535244,
    -171.12131881713867,
    -175.06500351428986,
    -167.13989621400833,
    -180.27623963356018,
    -170.7390794157982,
    -165.4832779765129,
    -174.38710755109787,
    -176.56740617752075,
    -173.94536590576172,
    -177.6329945921898,
    -180.0979271531105,
    -173.71267706155777,
    -165.8556433916092,
    -175.9354848265648,
    -180.62608110904694,
    -166.3073856830597,
    -170.38584357500076,
    -160.1980276107788,
    -176.76167863607407,
    -165.52853631973267,
    -180.01767748594284,
    -169.7570196390152,
    -185.61312633752823,
    -153.84547525644302,
    -171.41344791650772,
    -158.12120735645294,
    -180.6453486084938,
    -177.61610555648804,
    -160.1503095626831,
    -149.9746811389923,
    -152.27662408351898,
    -172.6492052078247,
    -146.7754562497139,
    -161.66683959960938,
    -160.88084304332733,
    -160.59929376840591,
    -165.87616020441055,
    -158.32141709327698,
    -176.64193898439407,
    -129.8497193455696,
    -135.64718717336655,
    -144.65656679868698,
    -165.91705930233002,
    -131.95420026779175,
    -150.6575818657875,
    -127.88353109359741,
    -147.70444005727768,
    -129.49215084314346,
    -165.11611759662628,
    -174.71116030216217,
    -155.33406615257263,
    -142.50717347860336,
    -136.43826872110367,
    -175.48281580209732,
    -152.05016720294952,
    -135.32966113090515,
    -173.88036340475082,
    -139.7308177947998,
    -124.59386801719666,
    -132.77153170108795,
    -116.67168188095093,
    -143.20199638605118,
    -142.98596501350403,
    -171.75980454683304,
    -148.66805392503738,
    -133.43534535169601,
    -119.64345568418503,
    -138.1744556427002,
    -128.44894361495972,
    -149.80653929710388,
    -121.06813079118729,
    -131.3873866200447,
    -129.08585888147354,
    -148.76444965600967,
    -126.1090977191925,
    -135.71207177639008,
    -161.2309222817421,
    -168.27309334278107,
    -119.86685049533844,
    -163.43689554929733,
    -148.10164308547974,
    -152.1683909893036,
    -115.88651823997498,
    -146.65463733673096,
    -135.21399533748627,
    -131.6046061515808,
    -131.38397485017776,
    -112.71907597780228,
    -126.39479023218155,
    -118.64427399635315,
    -114.5956301689148,
    -129.40711349248886,
    -123.37321531772614,
    -128.14673960208893,
    -85.3476322889328,
    -157.25574135780334,
    -156.6114947795868,
    -124.7219922542572,
    -134.85643464326859,
    -110.06452924013138,
    -133.95338767766953,
    -102.43194705247879,
    -144.77319985628128,
    -111.6228615641594,
    -123.09237408638,
    -101.70123171806335,
    -115.88606345653534,
    -93.77666223049164,
    18.88619738817215,
    -126.87748193740845,
    -93.06842315196991,
    -130.17245602607727,
    -105.10971283912659,
    -120.65376752614975,
    -121.20386171340942,
    23.712865114212036,
    19.707359433174133,
    -96.71030235290527,
    -109.90539938211441,
    -86.08730745315552,
    -103.5803307890892,
    6.63261866569519,
    -144.9729803800583,
    16.963184773921967,
    -116.14994812011719,
    -134.76290333271027,
    23.742541790008545,
    -75.48087698221207,
    -98.10465610027313,
    -97.15812981128693,
    -83.7013321518898,
    7.9266791343688965,
    -100.04802882671356,
    -116.5308912396431,
    -123.89496952295303,
    -111.39658135175705,
    -118.20248556137085,
    -169.55091804265976,
    11.026496231555939,
    -117.48315125703812,
    -123.99670106172562,
    17.612413942813873,
    -107.87831169366837,
    -90.43256908655167,
    19.54670125246048,
    -128.80284786224365,
    -101.44269400835037,
    8.67015677690506,
    -90.2121376991272,
    -113.63942497968674,
    20.8946795463562,
    -109.26430016756058,
    -125.36077052354813,
    -109.13059091567993,
    -110.27341103553772,
    -113.7201474905014,
    17.346225202083588,
    -111.38451033830643,
    19.38856166601181,
    -116.69864147901535,
    -112.15957254171371,
    14.7586829662323,
    -107.35077208280563,
    10.15122789144516,
    -95.34101289510727,
    13.174674272537231,
    -1.5691262483596802,
    5.794358611106873,
    22.664820432662964,
    12.574912428855896,
    20.925532281398773,
    -102.9000580906868,
    20.876763224601746,
    6.918621242046356,
    -105.17287874221802,
    -114.09856188297272,
    21.002354562282562,
    -113.55315226316452,
    -81.2666785120964,
    16.37044793367386,
    16.588235080242157,
    15.181594491004944,
    -106.86487674713135,
    -100.80181556940079,
    13.701924622058868,
    20.029578685760498,
    -146.600255548954,
    14.370417356491089,
    13.296780169010162,
    19.35399615764618,
    16.620125949382782,
    15.206692337989807,
    -99.61520421504974,
    18.651590526103973,
    15.264471292495728,
    17.264284551143646,
    14.444243788719177,
    9.532269299030304,
    12.604408919811249,
    14.081841170787811,
    -4.375606119632721,
    20.20829176902771,
    16.171737015247345,
    16.838134050369263,
    18.788808465003967,
    17.772473990917206,
    15.029520452022552,
    18.766304433345795,
    14.71502012014389,
    -111.56603121757507,
    17.420201361179352,
    17.23065710067749,
    11.3009894490242,
    13.089061319828033,
    19.68380516767502,
    11.541560173034668,
    16.9912189245224,
    11.430391252040863,
    2.214523494243622,
    17.66097456216812,
    16.01775097846985,
    22.947050034999847,
    12.460806787014008,
    11.425350606441498,
    7.0418661236763,
    10.912529468536377,
    11.540397942066193,
    18.8562451004982,
    20.607126116752625,
    10.121102273464203,
    24.61512064933777,
    29.571555733680725,
    9.606169402599335,
    11.281801164150238,
    27.805798411369324,
    8.191930770874023,
    9.596202433109283,
    13.322623491287231,
    20.825615406036377,
    21.669513702392578,
    2.6241081953048706,
    -95.85610073804855,
    18.081435978412628,
    34.94915670156479,
    17.26888471841812,
    15.01122373342514,
    6.458044111728668,
    14.631109356880188,
    36.86062932014465,
    18.45624154806137,
    13.616401433944702,
    17.22116792201996,
    20.93989646434784,
    7.726489901542664,
    30.3247811794281,
    20.819664001464844,
    21.354113936424255,
    18.94473546743393,
    19.146928131580353,
    16.218920469284058,
    22.45983850955963,
    10.844995498657227,
    37.25121486186981,
    11.65005749464035,
    20.694186985492706,
    -3.085090935230255,
    13.732248961925507,
    36.203209698200226,
    26.071240782737732,
    18.42645436525345,
    38.46348065137863,
    17.891659379005432,
    18.872507452964783,
    19.31209295988083,
    19.20120084285736,
    40.28108686208725,
    17.059554934501648,
    16.83456063270569,
    37.72418040037155,
