{
  "algorithm": "safe_ppo",
  "seed": 2,
  "epochs": 150,
  "epoch_returns": [
    -182.09104309380055,
    -175.1713395923376,
    -178.57582335472108,
    -182.26972711980343,
    -173.81308635771273,
    -175.69743560552598,
    -177.1824378103018,
    -175.29908421337603,
    -175.56087161302565,
    -171.8806546986103,
    -171.8831378608942,
    -176.2628498017788,
    -175.9490006953478,
    -179.69444799721242,
    -179.44267781078815,
    -176.32962839901447,
    -173.22037281095982,
    -169.23620158433914,
    -165.72017859220506,
    -164.3316340237856,
    -165.07380661964416,
    -166.66751669347286,
    -169.13696255385875,
    -171.05477925539017,
    -173.87398472130297,
    -174.0188062161207,
    -169.53988618552685,
    -176.82970802783967,
    -177.34603012800216,
    -175.18757762610912,
    -173.12076408565045,
    -172.54551180005075,
    -177.92680184841157,
    -176.73515885174274,
    -170.4202683210373,
    -177.18800928592682,
    -178.3823867201805,
    -181.1061621248722,
    -175.78256721794605,
    -170.5190680861473,
    -172.23561956882477,
    -167.23373054862023,
    -168.9598681986332,
    -163.61256103515626,
    -164.0375613927841,
    -163.59220572412013,
    -162.8733824670315,
    -158.9000816732645,
    -164.17545058727265,
    -160.38663155436515,
    -167.33092965185642,
    -170.35272637605667,
    -167.70015292167665,
    -166.6890321880579,
    -161.53495914936065,
    -161.85661871135235,
    -162.23979224860668,
    -166.06455865204333,
    -165.39710095226764,
    -165.49300498068334,
    -169.45645306706427,
    -165.83421684801579,
    -170.321966445446,
    -161.93953467309476,
    -160.76992246210574,
    -163.39965213537215,
    -162.30927919447421,
    -159.036151728034,
    -160.76287767589093,
    -160.63050723969937,
    -163.67335807085038,
    -158.67855406701565,
    -160.89125635921954,
    -155.97499577701092,
    -155.01861462891102,
    -157.3442219465971,
    -159.3672724932432,
    -154.92991566061974,
    -129.2379221588373,
    -103.40227808654308,
    -99.98440513908864,
    -73.7981196131025,
    -61.6004815724763,
    -57.117455590854995,
    -25.22965891410907,
    -24.60028527677059,
    -30.155551068160843,
    -7.731552948554357,
    -10.598313937584559,
    5.793319885730743,
    -11.92061755557855,
    -6.250597236156463,
    -3.339256110191345,
    12.946858649070446,
    -2.969884231090546,
    23.537930071353912,
    24.721498505427288,
    22.122147285021267,
    16.10863802753962,
    26.041734982419896,
    27.85499194374791,
    23.472686746945747,
    22.7225105877106,
    26.54735181287483,
    28.357573637255914,
    27.152464475896622,
    32.20202652613322,
    28.722471003179198,
    30.000190288932234,
    31.737913500379634,
    30.660109879793943,
    30.517402130144614,
    31.257596588560514,
    31.287498871485393,
    30.454284204377068,
    28.12334837736907,
    32.9839614374297,
    31.745772187198913,
    35.525690855651064,
    36.51661719535959,
    37.70883801291066,
    35.89685008238102,
    35.87751468502242,
    34.721214647950795,
    37.95269650220871,
    37.44938502113025,
    36.055099155505495,
    35.99896658620527,
    36.78708818458742,
    39.459155474106474,
    39.03291995823383,
    39.31943899579346,
    38.398916999499,
    39.43558413721621,
    41.52659506689418,
    37.61300985977567,
    39.83441157080233,
    40.50717212446034,
    40.35599014253327,
    39.678250800818205,
    39.43540912482046,
    39.93706519565275,
    40.8268174584955,
    40.57188237272203,
    40.135775031521916,
    40.33808963263736,
    40.402306758305606,
    40.80086322041119,
    39.98704318386136,
    38.47008289712848
  ],
  "epoch_costs": [
    0.0,
    0.0,
    0.0,
    0.0,
    0.0,
    0.0,
    0.0,
    0.0,
    0.0,
    0.0,
    0.0,
    0.0,
    0.0,
    0.0,
    0.0,
    0.0,
    0.0,
    0.0,
    0.0,
    0.0,
    0.0,
    0.0,
    0.0,
    0.0,
    0.0,
    0.0,
    0.0,
    0.0,
    0.0,
    0.0,
    0.0,
    0.0,
    0.0,
    0.0,
    0.0,
    0.0,
    0.0,
    0.0,
    0.0,
    0.0,
    0.0,
    0.0,
    0.0,
    0.0,
    0.0,
    0.0,
    0.0,
    0.0,
    0.0,
    0.05142040476202965,
    0.0,
    0.0,
    0.0,
    0.0,
    0.0,
    0.0,
    0.0,
    0.0,
    0.0,
    0.0,
    0.0,
    0.0,
    0.0,
    0.0,
    0.0,
    0.0,
    0.0,
    0.0,
    0.0,
    0.0,
    0.3183057740330696,
    0.20541947335004807,
    0.017706267535686493,
    0.14876402914524078,
    0.0,
    0.05410876125097275,
    0.067879668623209,
    0.13252418413758277,
    22.204764628410338,
    20.91448846384883,
    28.513177032768727,
    27.719986884366897,
    32.445322367955335,
    33.809866798194975,
    39.8303321643422,
    36.516310596217714,
    43.65019225620705,
    47.0593227725476,
    44.65487103474637,
    48.06262149512768,
    46.60264419826368,
    49.26184161186218,
    55.460507512688636,
    45.96647339027662,
    56.40688509106636,
    50.939604074314786,
    58.115808572906715,
    58.953664808892285,
    59.69189887551161,
    58.693320407359685,
    61.60255989818661,
    55.897850187925194,
    62.71698937737025,
    56.34181260786675,
    61.30388489365578,
    58.41764127821834,
    69.38275877579495,
    62.51925145586332,
    64.29614714339927,
    65.85761459006204,
    63.16445917442993,
    65.54328963381273,
    63.45571322632687,
    65.15318913040338,
    63.9219439636778,
    60.50536447542685,
    63.429608495639904,
    59.28720868538533,
    58.67394356224044,
    61.591249492147874,
    51.69130525762035,
    63.7085274201015,
    57.348178043961525,
    56.32112521190068,
    56.59184019764265,
    56.83102675179641,
    53.352264286080995,
    46.590101872240346,
    49.41791921854019,
    53.35725159645081,
    44.98980518290773,
    45.62619432481006,
    51.87984965989987,
    45.79756317706779,
    44.075810089707375,
    55.23278313823815,
    43.68742490326986,
    48.26293641142547,
    42.502476861982636,
    44.89708768343553,
    48.703018799904854,
    45.14034955107397,
    45.19411356328055,
    44.31288415379822,
    43.490786280017346,
    36.826813492266574,
    33.66811330353512,
    38.15929313354633,
    39.041394449093126,
    38.176452762249745
  ],