{
  "algorithm": "safe_ppo",
  "seed": 1,
  "epochs": 150,
  "epoch_returns": [
    -181.15941573381423,
    -177.8768933057785,
    -176.14828402400016,
    -170.49494977593423,
    -173.0246464252472,
    -168.74291935563087,
    -174.510206463933,
    -172.24835712313651,
    -165.70842125117778,
    -168.2063690751791,
    -164.44605781435968,
    -169.78515205979346,
    -167.7339858263731,
    -167.8313504129648,
    -164.43614293932916,
    -167.56833366155624,
    -171.13951558172704,
    -171.436211758852,
    -172.06537057459354,
    -166.97842442691325,
    -165.3195325553417,
    -167.679806175828,
    -163.73619923889638,
    -156.32545432150363,
    -158.24237242043017,
    -160.69481143653394,
    -153.6364449262619,
    -157.08002748787402,
    -158.2900613874197,
    -156.52810207903386,
    -161.6821619927883,
    -165.74124305844308,
    -161.57936422228812,
    -156.02078442573549,
    -159.34918235838413,
    -159.89401654303074,
    -159.06709077954292,
    -154.44996384680272,
    -154.83712641000747,
    -154.86527550816535,
    -154.95771222412586,
    -154.34671601355075,
    -156.36587990224362,
    -156.56796817779542,
    -157.74141106903554,
    -161.55077165961265,
    -158.71000935137272,
    -163.00514650940895,
    -161.37336325645447,
    -158.7154576778412,
    -156.04036030471326,
    -154.94684201180934,
    -154.39566761255264,
    -158.13922668099403,
    -151.50225560963153,
    -152.58705629706384,
    -154.04624405503273,
    -155.92096990644933,
    -151.8380240470171,
    -149.89136623442172,
    -154.11624958217143,
    -153.80938129127026,
    -152.20747630000113,
    -157.5248720228672,
    -152.38014410734178,
    -156.6821637183428,
    -154.48014318048953,
    -152.68522202372552,
    -151.80469931066037,
    -152.10398710668088,
    -149.57176751792431,
    -152.03334863185881,
    -152.75579723715782,
    -150.1270759880543,
    -148.74041271209717,
    -153.1853623062372,
    -151.33947264254093,
    -152.19425586164,
    -148.3105782866478,
    -149.52748043239117,
    -149.6078084409237,
    -147.5735470175743,
    -146.21037751436234,
    -148.25055774152278,
    -150.37790514230727,
    -148.16867339015008,
    -147.78918032050132,
    -148.39896373450756,
    -150.12844396531582,
    -147.41078734099864,
    -146.3847742676735,
    -149.91517381370068,
    -149.64125402271748,
    -148.40601374506952,
    -147.15190441310406,
    -146.28625588715076,
    -148.06632224023343,
    -149.08890573084355,
    -148.3267915725708,
    -147.46511728167533,
    -147.1954172760248,
    -147.1582026809454,
    -145.76589039564132,
    -148.55793278515338,
    -147.9784607797861,
    -148.57422205209733,
    -144.33967963457107,
    -147.83154047131538,
    -147.20082792043686,
    -143.56916849017142,
    -145.82503887116908,
    -148.26067937612532,
    -142.98312197625637,
    -144.89891124665738,
    -146.49471011161805,
    -147.13769652843476,
    -145.58608646690845,
    -144.13456572890283,
    -148.22855693399907,
    -135.46151288151742,
    -136.97677940130234,
    -130.87506429851055,
    -129.4905566394329,
    -133.9280425876379,
    -111.27044425606728,
    -81.13825325667858,
    -99.37203708291054,
    -76.75234158039093,
    -75.6918253093958,
    -59.86836483180523,
    -65.13906596004963,
    -36.15807226896286,
    -53.52371281683445,
    -30.61986100077629,
    -15.084581860899926,
    -16.34561322927475,
    -0.26187057154519217,
    -18.99648796376728,
    -0.44924170591614465,
    -8.41306985276086,
    -9.796982682886577,
    10.223352903905122,
    6.505989168001258,
    -9.874841744249517,
    2.071790898388082,
    12.807579239209494,
    20.080322996928142,
    33.67308560212453,
    36.75474573373795,
    28.126690485647746
  ],
  "epoch_costs": [
    0.0,
    0.0,
    0.0,
    0.0,
    0.0,
    0.0,
    0.0,
    0.0,
    0.0,
    0.0,
    0.0,
    0.0,
    0.0,
    0.0,
    0.0,
    0.0,
    0.0,
    0.0,
    0.0,
    0.0,
    0.0,
    0.0,
    0.0,
    0.0,
    0.0,
    0.0,
    0.0,
    0.0,
    0.0,
    0.0,
    0.0,
    0.0,
    0.0,
    0.0,
    0.0,
    0.0,
    0.0,
    0.0,
    0.0,
    0.0,
    0.0,
    0.0,
    0.0,
    0.0,
    0.0,
    0.0,
    0.0,
    0.0,
    0.0,
    0.0,
    0.0,
    0.0,
    0.0,
    0.0,
    0.0,
    0.0,
    0.0,
    0.0,
    0.0,
    0.0,
    0.0,
    0.0,
    0.0,
    0.0,
    0.0,
    0.0,
    0.0,
    0.0,
    0.0,
    0.0,
    0.0,
    0.0,
    0.0,
    0.0,
    0.0,
    0.0,
    0.0,
    0.0,
    0.0,
    0.0,
    0.0,
    0.0,
    0.0,
    0.0,
    0.0,
    0.0,
    0.0,
    0.0,
    0.0,
    0.0,
    0.0,
    0.0,
    0.0,
    0.0,
    0.0,
    0.0,
    0.0,
    0.0,
    0.0,
    0.0,
    0.0,
    0.0,
    0.0,
    0.0,
    0.0,
    0.0,
    0.0,
    0.0,
    0.0,
    0.0,
    0.0,
    0.0,
    0.0,
    0.0,
    0.0,
    0.0,
    0.0,
    0.13968417644500733,
    0.0,
    0.0,
    0.0102991983294487,
    0.4990819662809372,
    0.44664006754755975,
    0.47905252799391745,
    1.7964009001851082,
    4.576451209932566,
    5.649342615902424,
    6.967407616972923,
    10.455653221160173,
    8.65188505128026,
    12.51587907448411,
    14.242770275473594,
    15.15198631361127,
    18.650837062299253,
    21.183454594016077,
    20.366083046048878,
    22.62472649415334,
    23.785222780136834,
    21.93274112045765,
    29.624592837833223,
    34.2565356464613,
    28.692910715937614,
    34.037466402934946,
    31.46014193039049,
    40.678709947250105,
    33.248824002842106,
    25.50969754044826,
    18.48686907192071,
    22.31797281652689,
    29.804321363568306
  ],