{
  "algorithm": "ppo",
  "seed": 1,
  "epochs": 150,
  "epoch_returns": [
    -181.69765654802322,
    -178.87251120507716,
    -176.24151917099954,
    -171.71151798069477,
    -174.23041799068451,
    -167.10445289313793,
    -174.85295404195784,
    -169.92636900544167,
    -171.5216397970915,
    -167.12934035658836,
    -170.5640438646078,
    -171.63407142460346,
    -169.55641223490238,
    -170.27982393503189,
    -165.21514248251916,
    -169.00823927223684,
    -165.15807762742043,
    -166.27370976507663,
    -163.6044752806425,
    -164.3526487439871,
    -160.01039344370366,
    -166.8472528964281,
    -164.77793460190296,
    -163.11406198740005,
    -163.0452359765768,
    -161.01194510161878,
    -157.11880114674568,
    -163.7879333794117,
    -160.53114181160927,
    -154.9501852363348,
    -158.20905418097973,
    -162.5797492980957,
    -157.57807870507241,
    -156.4907596588135,
    -160.58067782223225,
    -167.52707962989808,
    -173.22062093019485,
    -172.20949877798557,
    -168.6160737812519,
    -173.01615264415742,
    -169.42492875754834,
    -169.57671456336976,
    -173.77962053716183,
    -167.21360784769058,
    -161.68652714788914,
    -168.13680000305175,
    -164.31128229498864,
    -166.19217162132264,
    -168.6516034156084,
    -168.06439409852027,
    -164.22726440429688,
    -162.16632709205152,
    -162.68023521006108,
    -162.830269703269,
    -162.92912684381008,
    -169.23627769649028,
    -165.58841623663903,
    -171.57108370661734,
    -164.5831559598446,
    -159.88025310337542,
    -162.36358725428582,
    -159.47954913973808,
    -157.21589616537094,
    -159.19617547988892,
    -159.83769196271896,
    -153.3331925690174,
    -159.1654251486063,
    -156.48270566761494,
    -159.27335611581802,
    -164.6435648202896,
    -158.63312088251115,
    -165.52531276643276,
    -167.22603647112845,
    -161.10004763007163,
    -165.00145794451237,
    -163.53318001925945,
    -161.7361957371235,
    -165.5990713685751,
    -160.82088334858418,
    -160.0751743555069,
    -161.9507934331894,
    -158.43892292380332,
    -155.2195834696293,
    -156.10186900794506,
    -153.8461396932602,
    -152.05589765310287,
    -148.27549530863763,
    -149.7979495882988,
    -150.4409781575203,
    -146.98541825711726,
    -148.41513965427876,
    -150.03911772668363,
    -150.91811428368092,
    -151.69435493052006,
    -148.18890916407108,
    -148.39815821945666,
    -148.95045266151428,
    -148.09279814958572,
    -148.00742289721967,
    -147.9581706225872,
    -147.49141137897968,
    -147.7075801551342,
    -148.03626030087472,
    -148.9345893740654,
    -147.3755290210247,
    -150.30866867899894,
    -146.06476644873618,
    -150.30694018006324,
    -149.0941837400198,
    -145.57505175173281,
    -148.2975320637226,
    -149.09732854962348,
    -144.18677131831646,
    -145.98259077072143,
    -147.27107394635678,
    -147.6526385307312,
    -147.00722115337848,
    -146.9134603470564,
    -147.68670324683188,
    -145.87986007332802,
    -147.28540540635586,
    -146.32067124545574,
    -145.42544586360455,
    -147.5747059226036,
    -146.92200126051904,
    -145.34287949502468,
    -145.40241288244724,
    -145.16862927675248,
    -145.51382863223552,
    -145.00550029575825,
    -146.8879717350006,
    -146.80540679991245,
    -146.20679160654544,
    -145.0128785610199,
    -145.8994765639305,
    -146.18011977076532,
    -147.01369576752185,
    -146.42345837950705,
    -145.4013114094734,
    -146.2841475337744,
    -145.8244731336832,
    -147.99907322824,
    -146.29961930513383,
    -145.57912822663783,
    -144.7496434479952,
    -146.13202411532401,
    -145.54255048036575,
    -144.89394406974316,
    -144.11987892091275,
    -144.55970522761345
  ],
  "epoch_costs": [
    0.0,
    0.0,
    0.0,
    0.0,
    0.0,
    0.0,
    0.0,
    0.0,
    0.0,
    0.0,
    0.0,
    0.0,
    0.0,
    0.0,
    0.0,
    0.0,
    0.0,
    0.0,
    0.0,
    0.0,
    0.0,
    0.0,
    0.0,
    0.0,
    0.0,
    0.0,
    0.0,
    0.0,
    0.0,
    0.0,
    0.0,
    0.0,
    0.0,
    0.0,
    0.0,
    0.0,
    0.0,
    0.0,
    0.0,
    0.0,
    0.0,
    0.0,
    0.0,
    0.0,
    0.0,
    0.0,
    0.0,
    0.0,
    0.0,
    0.0,
    0.0,
    0.0,
    0.0,
    0.0,
    0.0,
    0.0,
    0.0,
    0.0,
    0.0,
    0.0,
    0.0,
    0.003011520206928249,
    0.0,
    0.0,
    0.0,
    0.0,
    0.0,
    0.0,
    0.0,
    0.0,
    0.0,
    0.0,
    0.0,
    0.0,
    0.0,
    0.0,
    0.0,
    0.0,
    0.0,
    0.0,
    0.0,
    0.0,
    0.0,
    0.0,
    0.0,
    0.0,
    0.0,
    0.0,
    0.0,
    0.0,
    0.0,
    0.0,
    0.0,
    0.0,
    0.0,
    0.0,
    0.0,
    0.0,
    0.0,
    0.0,
    0.0,
    0.0,
    0.0,
    0.0,
    0.0,
    0.0,
    0.0,
    0.0,
    0.0,
    0.0,
    0.0,
    0.0,
    0.0,
    0.0,
    0.0,
    0.0,
    0.0,
    0.0,
    0.0,
    0.0,
    0.0,
    0.0,
    0.0,
    0.0,
    0.0,
    0.0,
    0.0,
    0.0,
    0.0,
    0.0,
    0.0,
    0.0,
    0.0,
    0.0,
    0.0,
    0.0,
    0.0,
    0.0,
    0.0,
    0.0,
    0.0,
    0.0,
    0.0,
    0.0,
    0.0,
    0.0,
    0.0,
    0.0,
    0.0,
    0.0
  ],
  "epoch_solved_rates": [
    0.0,
    0.0,
    0.0,
    0.0,
    0.0,
    0.0,
    0.0,
    0.0,
    0.0,
    0.0,
    0.0,
    0.0,
    0.0,
    0.0,
    0.0,
    0.0,
    0.0,
    0.0,
    0.0,
    0.0,
    0.0,
    0.0,
    0.0,
    0.0,
    0.0,
    0.0,
    0.0,
    0.0,
    0.0,
    0.0,
    0.0,
    0.0,
    0.0,
    0.0,
    0.0,
    0.0,
    0.0,
    0.0,
    0.0,
    0.0,
    0.0,
    0.0,
    0.0,
    0.0,
    0.0,
    0.0,
    0.0,
    0.0,
    0.0,
    0.0,
    0.0,
    0.0,
    0.0,
    0.0,
    0.0,
    0.0,
    0.0,
    0.0,
    0.0,
    0.0,
    0.0,
    0.0,
    0.0,
    0.0,
    0.0,
    0.0,
    0.0,
    0.0,
    0.0,
    0.0,
    0.0,
    0.0,
    0.0,
    0.0,
    0.0,
    0.0,
    0.0,
    0.0,
    0.0,
    0.0,
    0.0,
    0.0,
    0.0,
    0.0,
    0.0,
    0.0,
    0.0,
    0.0,
    0.0,
    0.0,
    0.0,
    0.0,
    0.0,
    0.0,
    0.0,
    0.0,
    0.0,
    0.0,
    0.0,
    0.0,
    0.0,
    0.0,
    0.0,
    0.0,
    0.0,
    0.0,
    0.0,
    0.0,
    0.0,
    0.0,
    0.0,
    0.0,
    0.0,
    0.0,
    0.0,
    0.0,
    0.0,
    0.0,
    0.0,
    0.0,
    0.0,
    0.0,
    0.0,
    0.0,
    0.0,
    0.0,
    0.0,
    0.0,
    0.0,
    0.0,
    0.0,
    0.0,
    0.0,
    0.0,
    0.0,
    0.0,
    0.0,
    0.0,
    0.0,
    0.0,
    0.0,
    0.0,
    0.0,
    0.0,
    0.0,
    0.0,
    0.0,
    0.0,
    0.0,
    0.0
  ],
  "wall_time_sec": 302.356258392334,
  "config": {
    "epochs": 150,
    "steps_per_epoch": 4000,
    "max_ep_len": 200,
    "clip_ratio": 0.2,
    "pi_lr": 0.0001,
    "vf_lr": 0.001,
    "train_pi_iters": 80,
    "train_v_iters": 80,
    "gamma": 0.99,
    "lam": 0.95,
    "ent_coef": 0.01,
    "hidden_size": 64,
    "max_speed": 0.04,
    "log_every": 5,
    "record_every": 10
  }
}