{
  "algorithm": "ppo",
  "seed": 0,
  "epochs": 150,
  "epoch_returns": [
    -181.16702820658685,
    -179.43875471651555,
    -182.34741902649404,
    -178.02124262154103,
    -175.40711278617383,
    -177.90810346603394,
    -174.4492617458105,
    -171.20461235940456,
    -169.281844240427,
    -172.14282376170158,
    -170.13620772659777,
    -172.30457572042943,
    -171.69969827532768,
    -173.4163633465767,
    -168.6135085016489,
    -166.21674348413944,
    -162.65163284540176,
    -160.47195665836335,
    -160.32386782169343,
    -153.2296432852745,
    -156.1062429189682,
    -155.28553320765496,
    -153.06264499127866,
    -156.1024862855673,
    -152.42301219403743,
    -150.50972400605679,
    -151.31802186369896,
    -151.44086378514766,
    -153.07182427048684,
    -149.9162468492985,
    -150.8043701440096,
    -149.0306587100029,
    -148.69760054945945,
    -151.57460097670554,
    -150.30077556073667,
    -147.30102214217186,
    -148.7624198436737,
    -146.9183781504631,
    -148.24649865031242,
    -147.6793748140335,
    -149.06901603341103,
    -148.10436443388463,
    -148.37919072806835,
    -144.91588369309903,
    -144.35714733600616,
    -147.3604067414999,
    -147.3853344410658,
    -146.63814512193204,
    -144.3487322986126,
    -146.62981795072557,
    -146.64579736292362,
    -147.56615734696388,
    -146.87940840125083,
    -144.72768190205096,
    -146.9874005138874,
    -147.22326506078244,
    -145.66012788116933,
    -146.7744429409504,
    -144.7245705217123,
    -147.2652688354254,
    -147.20028345286846,
    -146.33451706171036,
    -146.0705659121275,
    -145.90410216450692,
    -144.15670147538185,
    -147.52264418303966,
    -147.6220489472151,
    -147.24710904955865,
    -143.28677345216275,
    -141.11736170351506,
    -142.72240537405014,
    -144.2922459870577,
    -147.0847781687975,
    -143.67024142742156,
    -144.67321376800538,
    -144.8169051826,
    -144.94480345249175,
    -144.25352701842786,
    -145.65857177376748,
    -142.99693606197835,
    -144.31251025795936,
    -147.11015913784505,
    -143.53678374290467,
    -144.87234213352204,
    -145.13049414157868,
    -144.43947170376777,
    -145.10056714713573,
    -143.86259691715242,
    -143.43479379415513,
    -146.98670909106733,
    -146.8792719900608,
    -146.35816398262978,
    -144.72113364338875,
    -145.67073794305324,
    -146.8835702031851,
    -144.06283230781554,
    -143.86716949045658,
    -146.3590021312237,
    -146.14391985535622,
    -145.06079995334147,
    -145.27947728037833,
    -145.1967099249363,
    -146.166816046834,
    -145.08291718661786,
    -146.20270909368992,
    -145.08016485869885,
    -144.91677348911762,
    -144.26546669006348,
    -145.12409774959087,
    -143.72683126330375,
    -144.3171267449856,
    -147.234487298131,
    -144.97498045563697,
    -145.59317972958087,
    -143.86314170062542,
    -145.46264420747758,
    -145.3871241480112,
    -143.68300133347512,
    -142.54598287940024,
    -144.5601967960596,
    -145.97686329483986,
    -143.40350208580494,
    -142.4531261473894,
    -144.0549245238304,
    -144.75349404513835,
    -144.99096641540527,
    -144.7071236371994,
    -146.124727922678,
    -145.06478826999665,
    -145.27708985507488,
    -144.13996481895447,
    -141.94465065300466,
    -146.1461722046137,
    -144.73793364167213,
    -147.61845610439778,
    -145.80721282064914,
    -144.83075141608714,
    -145.63492331802846,
    -145.05176742076873,
    -145.3797773450613,
    -143.3016458541155,
    -143.92942807376386,
    -143.36782509982586,
    -144.2287628799677,
    -143.806642639637,
    -143.40404711961747,
    -144.44876309633256,
    -145.38332172036172,
    -145.18388455808162,
    -145.42194223105906
  ],
  "epoch_costs": [
    0.0,
    0.0,
    0.0,
    0.0,
    0.0,
    0.0,
    0.0,
    0.0,
    0.0,
    0.0,
    0.0,
    0.0,
    0.0,
    0.0,
    0.0,
    0.0,
    0.0,
    0.0,
    0.0,
    0.0,
    0.0,
    0.0,
    0.0,
    0.0,
    0.0,
    0.0,
    0.0,
    0.0,
    0.0,
    0.0,
    0.0,
    0.0,
    0.0,
    0.0,
    0.0,
    0.0,
    0.0,
    0.0,
    0.0,
    0.0,
    0.0,
    0.0,
    0.0,
    0.0,
    0.0,
    0.0,
    0.0,
    0.0,
    0.0,
    0.0,
    0.0,
    0.0,
    0.0,
    0.0,
    0.0,
    0.0,
    0.0,
    0.0,
    0.0,
    0.0,
    0.0,
    0.0,
    0.0,
    0.0,
    0.0,
    0.0,
    0.0,
    0.0,
    0.0,
    0.0,
    0.0,
    0.0,
    0.0,
    0.0,
    0.0,
    0.0,
    0.0,
    0.0,
    0.0,
    0.0,
    0.0,
    0.0,
    0.0,
    0.0,
    0.0,
    0.0,
    0.0,
    0.0,
    0.0,
    0.0,
    0.0,
    0.0,
    0.0,
    0.0,
    0.0,
    0.0,
    0.0,
    0.0,
    0.0,
    0.0,
    0.0,
    0.0,
    0.0,
    0.0,
    0.0,
    0.0,
    0.0,
    0.0,
    0.0,
    0.0,
    0.0,
    0.0,
    0.0,
    0.0,
    0.0,
    0.0,
    0.0,
    0.0,
    0.0,
    0.0,
    0.0,
    0.0,
    0.0,
    0.0,
    0.0,
    0.0,
    0.0,
    0.0,
    0.0,
    0.0,
    0.0,
    0.0,
    0.0,
    0.0,
    0.0,
    0.0,
    0.0,
    0.0,
    0.0,
    0.0,
    0.0,
    0.0,
    0.0,
    0.0,
    0.0,
    0.0,
    0.0,
    0.0,
    0.0,
    0.0
  ],
  "epoch_solved_rates": [
    0.0,
    0.0,
    0.0,
    0.0,
    0.0,
    0.0,
    0.0,
    0.0,
    0.0,
    0.0,
    0.0,
    0.0,
    0.0,
    0.0,
    0.0,
    0.0,
    0.0,
    0.0,
    0.0,
    0.0,
    0.0,
    0.0,
    0.0,
    0.0,
    0.0,
    0.0,
    0.0,
    0.0,
    0.0,
    0.0,
    0.0,
    0.0,
    0.0,
    0.0,
    0.0,
    0.0,
    0.0,
    0.0,
    0.0,
    0.0,
    0.0,
    0.0,
    0.0,
    0.0,
    0.0,
    0.0,
    0.0,
    0.0,
    0.0,
    0.0,
    0.0,
    0.0,
    0.0,
    0.0,
    0.0,
    0.0,
    0.0,
    0.0,
    0.0,
    0.0,
    0.0,
    0.0,
    0.0,
    0.0,
    0.0,
    0.0,
    0.0,
    0.0,
    0.0,
    0.0,
    0.0,
    0.0,
    0.0,
    0.0,
    0.0,
    0.0,
    0.0,
    0.0,
    0.0,
    0.0,
    0.0,
    0.0,
    0.0,
    0.0,
    0.0,
    0.0,
    0.0,
    0.0,
    0.0,
    0.0,
    0.0,
    0.0,
    0.0,
    0.0,
    0.0,
    0.0,
    0.0,
    0.0,
    0.0,
    0.0,
    0.0,
    0.0,
    0.0,
    0.0,
    0.0,
    0.0,
    0.0,
    0.0,
    0.0,
    0.0,
    0.0,
    0.0,
    0.0,
    0.0,
    0.0,
    0.0,
    0.0,
    0.0,
    0.0,
    0.0,
    0.0,
    0.0,
    0.0,
    0.0,
    0.0,
    0.0,
    0.0,
    0.0,
    0.0,
    0.0,
    0.0,
    0.0,
    0.0,
    0.0,
    0.0,
    0.0,
    0.0,
    0.0,
    0.0,
    0.0,
    0.0,
    0.0,
    0.0,
    0.0,
    0.0,
    0.0,
    0.0,
    0.0,
    0.0,
    0.0
  ],
  "wall_time_sec": 277.69947385787964,
  "config": {
    "epochs": 150,
    "steps_per_epoch": 4000,
    "max_ep_len": 200,
    "clip_ratio": 0.2,
    "pi_lr": 0.0001,
    "vf_lr": 0.001,
    "train_pi_iters": 80,
    "train_v_iters": 80,
    "gamma": 0.99,
    "lam": 0.95,
    "ent_coef": 0.0,
    "hidden_size": 64,
    "max_speed": 0.04,
    "log_every": 5,
    "record_every": 10
  }
}