{
  "algorithm": "safe_ppo",
  "seed": 2,
  "epochs": 150,
  "epoch_returns": [
    -182.09104309380055,
    -175.23063633143903,
    -176.77028095126153,
    -182.80221459567548,
    -174.44497135579587,
    -173.04874728322028,
    -172.48121506869794,
    -168.93502784073354,
    -169.4190052330494,
    -163.23177237808704,
    -162.46970287263395,
    -166.54240665733815,
    -169.4289843916893,
    -172.50042057931424,
    -174.29192091226577,
    -171.3716107159853,
    -168.72224453389646,
    -166.069024258852,
    -162.9187863647938,
    -162.35866395831107,
    -165.81314219832421,
    -164.85915232896804,
    -165.69552265405656,
    -163.7628671616316,
    -165.87419119477272,
    -167.62629489302634,
    -161.70422036349774,
    -163.588921892643,
    -161.5134673476219,
    -161.64004012346268,
    -157.21544857621194,
    -159.08094547986985,
    -163.2799527078867,
    -168.67883593142034,
    -162.5199949890375,
    -166.9973155140877,
    -165.72955818474293,
    -170.49861333668233,
    -163.67078192234038,
    -161.3040808200836,
    -164.86257721483707,
    -159.5628575026989,
    -163.81980051994324,
    -159.89381576776503,
    -160.63960581123828,
    -158.14306692779064,
    -160.81512188613414,
    -154.42319697737693,
    -157.43423905670642,
    -151.2040980398655,
    -148.83033462762833,
    -152.66292954981327,
    -147.83226430416107,
    -148.5185396015644,
    -133.1835679322481,
    -130.06737544834613,
    -116.8231159567833,
    -107.3307874172926,
    -72.31745143163772,
    -57.92830233953216,
    -67.46269472440083,
    -66.75216221267527,
    -31.978596666584846,
    -13.540376176436743,
    -14.18669838955005,
    -20.315768477709398,
    -21.44767619215924,
    8.863094782829284,
    -8.02246352036794,
    5.906051017343998,
    -14.334604944871819,
    9.68887027601401,
    0.7390224685271581,
    7.529477660854657,
    7.625091470777988,
    10.165810286998749,
    19.763267716536156,
    16.254476652145385,
    15.531872481107712,
    14.280838640836569,
    22.09801826953888,
    11.154372186660767,
    16.15721304655075,
    24.846495745358645,
    14.062960672837038,
    30.845019666211947,
    29.968581515329856,
    28.760159509522573,
    18.575455517680556,
    35.71228993966662,
    30.964954154244786,
    34.5767221348039,
    33.70804777315685,
    38.04052386085193,
    37.83250241279602,
    40.95551634219385,
    40.39056580297409,
    38.86356138189634,
    41.23057784380451,
    40.775547133338065,
    37.577039430218356,
    40.25501045488542,
    45.11879936386557,
    41.721087096259,
    41.52461761236191,
    42.50915082587915,
    43.709412753582,
    43.798187175104694,
    42.1400067748562,
    44.14881985657143,
    44.32307877786019,
    45.295280759675165,
    48.18844317538397,
    45.655221092350345,
    43.91198734121938,
    48.15983500351777,
    47.868924491545734,
    43.875863180441016,
    43.32290795716372,
    46.829296193189094,
    45.500088955904985,
    47.145472844441734,
    47.44433765636908,
    46.22387308563505,
    47.08719168437852,
    46.061408497606,
    48.0756333015467,
    47.17310066803081,
    47.43541922834184,
    47.75413019624021,
    49.34412739151403,
    48.389669503714586,
    46.34320115881997,
    46.592293038561536,
    45.1744047644976,
    46.376557519561366,
    45.37912306444986,
    44.965724679401944,
    50.85409275843547,
    46.39577593030156,
    47.1744770674329,
    46.40348121523857,
    49.173171488138344,
    46.22624633657305,
    48.520238503813744,
    47.39796172082424,
    47.396359883450174,
    46.73659232415651,
    46.61021331194285,
    45.955383386160875
  ],
  "epoch_costs": [
    0.0,
    0.0,
    0.0,
    0.0,
    0.0,
    0.0,
    0.0,
    0.0,
    0.0,
    0.0,
    0.0,
    0.0,
    0.0,
    0.0,
    0.0,
    0.0,
    0.0,
    0.0,
    0.0,
    0.0,
    0.0,
    0.0,
    0.0,
    0.0,
    0.0,
    0.0,
    0.0,
    0.0,
    0.0,
    0.0,
    0.0,
    0.0,
    0.0,
    0.0,
    0.0,
    0.0,
    0.0019730255007743835,
    0.0,
    0.0,
    0.3051285453140736,
    0.0,
    0.0,
    0.0,
    0.0,
    0.0,
    0.0,
    0.0,
    0.0,
    0.0,
    0.40687867626547813,
    0.0,
    0.0,
    0.10151846408843994,
    1.491887030750513,
    9.484988488256931,
    14.13272879049182,
    19.239237827062606,
    18.67303646504879,
    22.187141723576048,
    25.79800780659372,
    41.185894819952196,
    32.757372316989034,
    36.56249310205812,
    32.922381373743214,
    38.54782616905868,
    40.15110218460145,
    44.176249403668486,
    41.73623698294163,
    47.27457120207449,
    47.111068638662495,
    46.60458626565726,
    49.16023800087472,
    45.70412027090788,
    48.666061616813145,
    50.52610573731363,
    57.81798223592341,
    47.28284684855204,
    50.34235959112644,
    49.166023577061985,
    52.5958550325953,
    51.01671849489212,
    54.00369881212711,
    50.654356559515,
    45.03028666586788,
    52.907650493085384,
    42.6765440138323,
    45.605816518267,
    48.78889886768801,
    45.25374066057029,
    44.30992872910253,
    40.49536173867768,
    43.3186910193542,
    54.31956404873303,
    45.95708424001932,
    47.36658742229144,
    42.202744282061055,
    45.94758552120578,
    47.35917812337478,
    46.420228947074186,
    43.05101223001557,
    43.38991515578762,
    40.50988233810471,
    33.577544293859425,
    35.570671637076885,
    29.418536047725116,
    29.80079027484445,
    30.62934374721611,
    42.246904104948044,
    44.73195282922637,
    40.697418159607686,
    32.467821060734636,
    31.46010044685432,
    28.958305481927734,
    33.106828307842505,
    43.893495316466975,
    28.54345673926779,
    34.87255169538891,
    34.215197042069015,
    39.22506070046714,
    30.766502025640673,
    26.133361651285274,
    28.350967882408035,
    25.840242506684483,
    33.71286025813648,
    29.418662175950075,
    32.3532707874264,
    23.422633936138528,
    22.283131835831178,
    26.330854384435547,
    27.383687576486004,
    20.73803905240799,
    24.723132963116104,
    22.977550165476025,
    24.157514626512658,
    22.340796034481073,
    21.984894123124448,
    26.229150918126106,
    26.166810596840723,
    13.802555942000486,
    21.80514489235105,
    14.902428828964108,
    20.59824336124094,
    17.385180692642162,
    17.665586682918825,
    26.386363959560793,
    26.62353417277336,
    22.717568805894338,
    16.41961715252776,
    21.274929405064196,
    23.606776135998803
  ],