{
  "algorithm": "safe_ppo",
  "seed": 0,
  "epochs": 150,
  "epoch_returns": [
    -178.75869366526604,
    -179.44596580862998,
    -182.18146968483924,
    -180.46447175741196,
    -175.72168676257132,
    -175.62250612676144,
    -173.5661800056696,
    -174.69993035793306,
    -176.48675939142703,
    -174.29050022065638,
    -169.39211119115353,
    -174.37626865804197,
    -174.21569142639638,
    -177.1588758945465,
    -177.0896978676319,
    -177.02273301780224,
    -173.87574377655983,
    -175.53353244364263,
    -176.38810562491417,
    -175.15757104754448,
    -166.3177624017,
    -166.484122723341,
    -161.53171450793744,
    -169.88029200732709,
    -171.77513268887998,
    -161.36265869438648,
    -160.16932115256787,
    -158.49419537782668,
    -160.34600715339184,
    -154.418128490448,
    -153.11979291439056,
    -158.01632373631,
    -154.17897452414036,
    -161.22746529877185,
    -144.78724725544453,
    -145.5819457948208,
    -147.71077718138696,
    -140.42885295450688,
    -139.66525146961212,
    -147.98907522559165,
    -121.19815250337123,
    -133.5331106096506,
    -134.35295747220516,
    -130.5295974522829,
    -136.2293615281582,
    -129.89312353730202,
    -131.66891966760159,
    -127.39225468337536,
    -142.0028836250305,
    -114.8232917457819,
    -88.23791349828244,
    -113.16388027667999,
    -129.3111618101597,
    -110.27044294178486,
    -83.3570190578699,
    -102.69886241853237,
    -97.45269027650356,
    -88.45576877593994,
    -75.28298562197457,
    -71.8344661025774,
    -81.31270039975644,
    -76.21182890449252,
    -63.35258419173105,
    -58.635333841755276,
    -14.66472160557042,
    -36.83515373685143,
    -12.578425997779483,
    -14.578846915201707,
    -1.4416703365065835,
    15.308701475461325,
    12.642967150211334,
    14.047188327312469,
    4.058573442956676,
    2.3763804697990416,
    17.134506324927013,
    23.862401746786556,
    17.68812354326248,
    15.751713392527208,
    25.47791573736403,
    25.2752797970405,
    30.647632977058148,
    28.263081967830658,
    36.61779416600863,
    25.083480481590545,
    34.18535127310917,
    33.95402561823527,
    32.84980589973515,
    38.054050030246856,
    35.11678756311022,
    30.45984105552946,
    25.71898827644495,
    29.204424767582505,
    28.966360964945384,
    39.1402849872907,
    31.51648542497839,
    39.67347746491432,
    36.468448875411866,
    36.34268784324328,
    41.01311028965058,
    43.42852306552231,
    37.33266953825951,
    44.56270243665751,
    44.04457904212177,
    37.540650333127665,
    48.334323339992096,
    47.00668175561088,
    42.528668969869614,
    43.36878629164262,
    47.28621082339022,
    37.82372512058778,
    44.10058248229325,
    41.772062303338735,
    46.09278007017242,
    43.14177926438195,
    47.722871066795456,
    46.596702701515625,
    46.15345871282948,
    49.08417857498736,
    46.86728335089154,
    47.79102053191211,
    47.73815968162135,
    47.88213138966947,
    43.06691153730665,
    48.854363786207664,
    44.61040560988819,
    45.7837884255818,
    47.63600978013631,
    47.73304792907503,
    48.19255372355966,
    49.358218650519845,
    49.0367343502167,
    48.66553050738115,
    52.72419987916946,
    46.83908288865476,
    49.2177398900191,
    49.05941649173435,
    47.86340671616632,
    43.9650598297248,
    48.70779692133268,
    45.3193559885025,
    46.51159528063403,
    46.2923313346174,
    48.1078345317107,
    48.19146277048649,
    47.46679889528375,
    47.960946743304916,
    48.84185524433851,
    48.901496555560676,
    44.79804133044349,
    47.296994460953606
  ],
  "epoch_costs": [
    0.0,
    0.0,
    0.0,
    0.0,
    0.0,
    0.0,
    0.0,
    0.0,
    0.0,
    0.0,
    0.0,
    0.0,
    0.0,
    0.0,
    0.0,
    0.0,
    0.0,
    0.0,
    0.0,
    0.0,
    0.0,
    0.0,
    0.0,
    0.0,
    0.0,
    0.0,
    0.0,
    0.0,
    0.014918707311153412,
    0.0,
    0.0,
    0.0,
    0.0,
    0.0,
    0.06786413490772247,
    0.1373057819902897,
    0.16705028861761093,
    0.38586711660027506,
    0.5358640879392624,
    0.5328435689210892,
    2.5565190903842447,
    2.2256390020251273,
    1.186801080405712,
    1.7314294099807739,
    1.237783581763506,
    2.0238327398896216,
    0.9701958797872067,
    1.7864258415997027,
    2.3615549467504025,
    2.4579924143850804,
    2.1691209219396113,
    2.993537472933531,
    1.02869917973876,
    1.930947130918503,
    2.5445606097579003,
    3.711487551778555,
    3.327585430443287,
    2.250379990786314,
    3.355997771734283,
    2.9957342126539777,
    6.132955490797758,
    4.873930757954007,
    3.483330698240371,
    11.384237590999831,
    9.527060900045479,
    14.080999278886752,
    27.892007531154725,
    28.464863065291535,
    35.50740439783443,
    28.12409250686566,
    30.86062335014343,
    29.229926912784578,
    37.117276009658106,
    26.207370926737784,
    37.35361789042751,
    31.74118899038205,
    36.080359179973605,
    46.44032637580581,
    29.80676187630053,
    32.36982096903599,
    27.755031379132436,
    25.54243216740674,
    29.263822056849797,
    34.627650912851095,
    26.50199342493353,
    23.57449817061424,
    32.52629462244182,
    25.855501133588053,
    31.652905478559692,
    33.90322227988924,
    35.023021696851806,
    37.807990493045914,
    33.48913707637361,
    27.330255788067976,
    35.214551970894846,
    32.60870575805505,
    24.963742467184222,
    29.37965340067943,
    32.69152198107012,
    24.97006799140945,
    33.25561165362596,
    22.10877787365633,
    25.87395024392754,
    29.591717871446765,
    15.131230340649685,
    21.30620581465108,
    25.069038576939526,
    24.623087565104168,
    18.03795789099402,
    25.153292795022328,
    28.3007324016653,
    23.07037050596305,
    13.525569440590012,
    20.03172436271395,
    17.76477825310495,
    17.053192409376305,
    15.696437069939243,
    15.935654273307001,
    15.110504997273287,
    16.62123692237042,
    12.656433179974556,
    14.46784436380541,
    22.64552256805556,
    16.594123669975513,
    22.221508987686214,
    20.085010320799693,
    16.970134091135616,
    16.80811017213596,
    20.652266157024048,
    11.445558738335967,
    12.604018768438927,
    12.530381265359047,
    10.753882302343845,
    16.173264288419002,
    16.14880599702398,
    14.229859995998835,
    16.273465657153643,
    15.025211760321179,
    17.443585845331352,
    22.764820167848043,
    19.437633529719378,
    22.966873941322167,
    11.4318606815277,
    14.092916425986168,
    11.763429872299495,
    10.073168611297241,
    10.779798191040754,
    9.600045512119928,
    14.42092350166705,
    21.283025798698265
  ],