{
  "algorithm": "safe_ppo",
  "seed": 2,
  "epochs": 150,
  "epoch_returns": [
    -182.09104309380055,
    -175.1713395923376,
    -178.57582335472108,
    -182.26972711980343,
    -173.81308635771273,
    -175.69743560552598,
    -177.1824378103018,
    -175.29908421337603,
    -175.56087161302565,
    -171.8806546986103,
    -171.8831378608942,
    -176.2628498017788,
    -175.9490006953478,
    -179.69444799721242,
    -179.44267781078815,
    -176.32962839901447,
    -173.22037281095982,
    -169.23620158433914,
    -165.72017859220506,
    -164.3316340237856,
    -165.07380661964416,
    -166.66751669347286,
    -169.13696255385875,
    -171.05477925539017,
    -173.87398472130297,
    -174.0188062161207,
    -169.53988618552685,
    -176.82970802783967,
    -177.34603012800216,
    -175.18757762610912,
    -173.12076408565045,
    -172.54551180005075,
    -177.92680184841157,
    -176.73515885174274,
    -170.4202683210373,
    -177.18800928592682,
    -178.3823867201805,
    -181.1061621248722,
    -175.78256721794605,
    -170.5190680861473,
    -172.23561956882477,
    -167.23373054862023,
    -168.9598681986332,
    -163.61256103515626,
    -164.0375613927841,
    -163.59220572412013,
    -162.8733824670315,
    -158.9000816732645,
    -164.17545058727265,
    -160.38663155436515,
    -167.35450100004672,
    -170.34778772890567,
    -167.84557510316372,
    -166.7546421200037,
    -161.52287257015706,
    -161.11308293342591,
    -162.13337723612784,
    -166.17470054328442,
    -165.5726893901825,
    -166.29125959575177,
    -169.8978857934475,
    -166.2468002706766,
    -170.52369889318942,
    -162.2024639904499,
    -161.44843074679375,
    -164.49714968502522,
    -165.50438663363457,
    -163.85387269854544,
    -165.9303665339947,
    -165.0475340694189,
    -169.84513075649738,
    -166.35815671682357,
    -162.32472671568394,
    -167.0717907935381,
    -165.54354659318923,
    -163.74552772045135,
    -162.52340448498725,
    -154.6013935148716,
    -134.97026140093803,
    -134.00322478413582,
    -119.996735984087,
    -84.40030232497624,
    -69.52177335534778,
    -54.625408405607395,
    -21.44290366380111,
    -33.80775521371675,
    -46.89201973514123,
    -8.169531886577607,
    -23.729721128940582,
    9.555828724916164,
    -8.479520092407862,
    -8.848761174678803,
    -7.570570719242096,
    3.3085380425819984,
    -5.705121653079987,
    16.313832752979717,
    6.147445625983751,
    23.20289750010879,
    17.58475567676403,
    16.47044139641982,
    24.896999054484898,
    21.016262184690547,
    15.966363072395325,
    19.559836118309587,
    21.557936123123877,
    26.83493589290551,
    30.153177501978696,
    28.449695499879972,
    29.321011036634445,
    29.870460993477277,
    29.0712345795972,
    29.615737700036593,
    28.55592208462102,
    29.456997500998632,
    28.166100189089775,
    29.36278715303966,
    29.82849728848253,
    31.378601308379853,
    31.952777198676404,
    33.80485618540219,
    33.0951679246179,
    34.175700352109715,
    32.3346871307918,
    32.34751953338755,
    35.58537598252296,
    36.134536268382234,
    36.0285376171271,
    30.25836080312729,
    36.1913200328427,
    38.59759494950694,
    37.742474623264805,
    37.33585626482964,
    36.55388927254184,
    38.0600723400712,
    39.23058615066111,
    37.46785792311032,
    39.04491109214723,
    38.96437866264774,
    39.77887654490769,
    38.12110652654402,
    38.805885003879666,
    37.05198882023493,
    40.04902211762965,
    36.24082784691164,
    39.74625130494436,
    39.979802722111344,
    40.256377530448574,
    40.2565250787884,
    38.77209945158525,
    39.02134127770701
  ],
  "epoch_costs": [
    0.0,
    0.0,
    0.0,
    0.0,
    0.0,
    0.0,
    0.0,
    0.0,
    0.0,
    0.0,
    0.0,
    0.0,
    0.0,
    0.0,
    0.0,
    0.0,
    0.0,
    0.0,
    0.0,
    0.0,
    0.0,
    0.0,
    0.0,
    0.0,
    0.0,
    0.0,
    0.0,
    0.0,
    0.0,
    0.0,
    0.0,
    0.0,
    0.0,
    0.0,
    0.0,
    0.0,
    0.0,
    0.0,
    0.0,
    0.0,
    0.0,
    0.0,
    0.0,
    0.0,
    0.0,
    0.0,
    0.0,
    0.0,
    0.0,
    0.05142040476202965,
    0.0,
    0.0,
    0.0,
    0.0,
    0.0,
    0.0,
    0.0,
    0.0,
    0.0,
    0.0,
    0.0,
    0.0,
    0.0,
    0.0,
    0.0,
    0.0022071972489356995,
    0.0,
    0.10177617967128753,
    0.0,
    0.0,
    0.0,
    0.2940746955573559,
    0.47575013265013694,
    0.14604346752166747,
    0.5321614630520344,
    0.1299983263015747,
    1.4071035444736482,
    5.814576500654221,
    24.20649635642767,
    26.485862901061772,
    48.1611214607954,
    43.24576281082062,
    42.812386504241395,
    39.56776378845627,
    46.81533184064471,
    49.427541493073754,
    46.019592083990574,
    45.1268909907341,
    48.061200666686766,
    44.11040298411479,
    46.07774776841203,
    48.603907761573794,
    47.28548088371754,
    44.20952654687258,
    48.277431089878085,
    50.40537130660736,
    48.78920212789224,
    50.529616876884745,
    50.49692980117268,
    48.473920883467564,
    48.66195638036287,
    47.91688492176709,
    52.92471907094673,
    47.93576715224319,
    54.70698013736142,
    52.32054574415088,
    59.8258677141534,
    55.58837511762977,
    57.47917672353132,
    59.48259081425412,
    57.379393256136346,
    57.47626738303474,
    54.822343302092385,
    58.66110406869224,
    58.10073191832219,
    58.53705330193043,
    58.21906903013587,
    57.1889458846833,
    56.424393081459506,
    60.511864436524256,
    51.52096283333055,
    59.71875057292396,
    60.59198388457298,
    56.298168390989304,
    55.192342737317084,
    57.439989472771515,
    53.82582192222277,
    50.34355737320308,
    45.61413081182587,
    49.00217341944094,
    48.765633000481515,
    52.560309922198456,
    57.26222072284797,
    46.553999388590455,
    47.57998866401613,
    51.868710527817406,
    43.74514605849981,
    48.19314826544254,
    43.251716087106615,
    49.2295579891051,
    43.812697660177946,
    50.13816053370635,
    45.588678082916886,
    46.34551440227416,
    38.56785860477072,
    41.95622976729646,
    34.60645803239416,
    47.84500004071742,
    37.885670736883625,
    47.491048991680145
  ],