{
  "algorithm": "safe_ppo",
  "seed": 2,
  "epochs": 150,
  "epoch_returns": [
    -182.09104309380055,
    -175.23063633143903,
    -176.77028095126153,
    -182.80221459567548,
    -174.44497135579587,
    -173.04874728322028,
    -172.48121506869794,
    -168.93502784073354,
    -169.4190052330494,
    -163.23177237808704,
    -162.46970287263395,
    -166.54240665733815,
    -169.4289843916893,
    -172.50042057931424,
    -174.29192091226577,
    -171.3716107159853,
    -168.72224453389646,
    -166.069024258852,
    -162.9187863647938,
    -162.35866395831107,
    -165.81314219832421,
    -164.85915232896804,
    -165.69552265405656,
    -163.7628671616316,
    -165.87419119477272,
    -167.62629489302634,
    -161.70422036349774,
    -163.588921892643,
    -161.5134673476219,
    -161.64004012346268,
    -157.21544857621194,
    -159.08094547986985,
    -163.2799527078867,
    -168.67883593142034,
    -162.5199949890375,
    -166.9973155140877,
    -165.72955818474293,
    -170.38697570562363,
    -163.58051761984825,
    -159.19124372303486,
    -163.08848071694374,
    -158.78678052425386,
    -162.54800804555416,
    -160.24290941655636,
    -159.27336534261704,
    -154.76844018101693,
    -158.3602223008871,
    -153.2556787133217,
    -157.22827038466932,
    -152.2417457997799,
    -153.73288584947585,
    -157.24678350389004,
    -155.50125756263733,
    -156.01376869082452,
    -150.96621229052545,
    -153.01430502235888,
    -152.80507697463037,
    -157.43360630273818,
    -148.7802960127592,
    -139.13909633159636,
    -132.7079815119505,
    -133.5940792143345,
    -118.24031383693219,
    -88.28356898427009,
    -68.26493959767478,
    -78.66586840436572,
    -26.900461743707243,
    -51.67809696630998,
    -27.397952522920527,
    -17.264213604231674,
    -21.40691857493442,
    -21.186218215071637,
    -0.06983022143443425,
    -23.16213323758996,
    -42.05392931596093,
    0.004200375080108643,
    -14.879357091758562,
    9.501966545581817,
    8.577103176116943,
    -7.935855433344841,
    1.09691787759463,
    17.969325165748597,
    -2.9325074503819146,
    22.029772989749908,
    5.013402846952279,
    16.911960861682893,
    13.237942521770796,
    19.010251264572144,
    18.199994218349456,
    20.568461535068657,
    16.717526276111602,
    20.301551609039308,
    17.888721060752868,
    21.170631868839266,
    25.47592256160883,
    28.012540570011847,
    24.037201918088474,
    28.31043341645488,
    27.25623742077086,
    26.610818613852775,
    30.803637188893777,
    33.34789996456217,
    31.484811419043048,
    32.025791375725355,
    21.829285504641355,
    30.769420585462026,
    31.665518842361593,
    21.284303607848976,
    31.967123035873687,
    35.584875976217205,
    36.856829380989076,
    36.847863900661466,
    36.78967772270071,
    37.554454805389526,
    41.13484673538515,
    39.858321226876356,
    41.23819314472137,
    39.78850125670433,
    37.94825184922065,
    39.259261829237786,
    48.94345208438667,
    48.70258369165308,
    44.38381117922919,
    44.750032116685595,
    46.97981094347464,
    46.45574650168419,
    48.712982074634446,
    32.72752729256948,
    36.72575304200572,
    41.79060174479629,
    46.19945799963815,
    45.83238888914521,
    46.425233183722746,
    48.63962878835829,
    48.084357920445896,
    49.29765399297079,
    47.31744346022606,
    45.9815305858045,
    44.77026084562143,
    45.15832743710942,
    47.53102973260378,
    45.2809684904846,
    45.51320717993536,
    50.86038535535336,
    48.153210057662086,
    46.966681451410864,
    46.704869715791,
    49.76315974577879,
    49.59491877525281,
    38.336773473769426
  ],
  "epoch_costs": [
    0.0,
    0.0,
    0.0,
    0.0,
    0.0,
    0.0,
    0.0,
    0.0,
    0.0,
    0.0,
    0.0,
    0.0,
    0.0,
    0.0,
    0.0,
    0.0,
    0.0,
    0.0,
    0.0,
    0.0,
    0.0,
    0.0,
    0.0,
    0.0,
    0.0,
    0.0,
    0.0,
    0.0,
    0.0,
    0.0,
    0.0,
    0.0,
    0.0,
    0.0,
    0.0,
    0.0,
    0.0019730255007743835,
    0.0,
    0.0,
    0.20579382851719857,
    0.0,
    0.0,
    0.0,
    0.0,
    0.0,
    0.0,
    0.0,
    0.0,
    0.0,
    0.3221869468688965,
    0.0,
    0.0,
    0.004549603909254074,
    0.26477413401007655,
    0.04799814894795418,
    0.09707320556044578,
    0.2888383477926254,
    0.0,
    2.4083526387810705,
    6.800679437816143,
    18.977769199758768,
    13.734418192505837,
    15.91053010970354,
    23.612226527184248,
    24.754030405055907,
    30.553606424303283,
    26.523671703494113,
    36.545473742214114,
    37.03709661701451,
    37.088707753146686,
    37.440234708397284,
    37.69894970305588,
    40.14766028647622,
    34.71587275810864,
    35.18620820797008,
    36.04454089105129,
    39.747541346627735,
    35.08205302238464,
    40.66872476577759,
    40.0236268521597,
    43.175482388585806,
    39.349245391488076,
    41.57204118060569,
    41.68281975209713,
    42.98379358711342,
    46.08935108482838,
    46.668890145917736,
    43.809647023677826,
    43.922940495610234,
    47.510471916542606,
    47.95653959929943,
    51.92216769874096,
    51.29027042508125,
    53.33143579363823,
    49.00782348731389,
    46.261292134170176,
    52.26445764532456,
    51.81504636119913,
    49.966790056339015,
    46.75357617012092,
    51.37336277740973,
    51.61090892994845,
    42.95268559815555,
    53.2249075135699,
    49.85906078583665,
    47.07966931164265,
    54.168810777090215,
    58.71450079519015,
    48.78096466405051,
    43.17844178193602,
    40.075104918579264,
    43.705278210838635,
    45.62312298550688,
    38.767521586629655,
    43.33306826410755,
    47.22553012699917,
    43.28648671892382,
    42.679796721537905,
    38.84530631669106,
    35.78806237155391,
    19.866008031207162,
    28.530952650834532,
    25.748254343867302,
    26.874453412634985,
    22.760475901333063,
    18.465640345294226,
    18.118655754504978,
    37.96047958880663,
    39.63616357984081,
    29.319443118391614,
    21.935111515436855,
    15.29849531199481,
    17.052516429047834,
    13.852365615336518,
    14.564433238616115,
    11.003370763781744,
    16.17015474642578,
    19.23891241566555,
    17.478822799606455,
    18.071558860441048,
    14.898440634341616,
    14.290650022593704,
    12.733023728587126,
    8.70801459699869,
    12.035197993119558,
    18.256324276730822,
    10.819259230635668,
    10.974033359533701,
    10.104900668064753,
    37.01638689218089
  ],