{
  "algorithm": "safe_ppo",
  "seed": 1,
  "epochs": 150,
  "epoch_returns": [
    -181.15941573381423,
    -178.79595949947833,
    -175.92271605432035,
    -172.35316261947156,
    -175.45194408893585,
    -173.38775244355202,
    -177.84729968607425,
    -175.90750780999662,
    -169.39330858588218,
    -169.54325636029245,
    -163.62050944566727,
    -169.45960501134397,
    -165.65378558039666,
    -164.02270756065846,
    -160.34395051300527,
    -162.94942011833191,
    -164.2699021846056,
    -167.21758529245852,
    -164.6366765588522,
    -160.5881479293108,
    -162.8624556452036,
    -164.91974729299545,
    -161.7759923994541,
    -155.56181406974792,
    -155.5648710012436,
    -159.18852864801883,
    -154.48821407854558,
    -158.31558424830436,
    -160.88320960104465,
    -159.6401082366705,
    -163.45132350325585,
    -162.04599658548833,
    -159.04856697618962,
    -156.38495710492134,
    -153.8624229043722,
    -154.70178357958793,
    -153.41493994891644,
    -150.37084543704987,
    -148.9044382363558,
    -148.619996291399,
    -150.1792607665062,
    -149.59650553464888,
    -151.09604345858097,
    -150.37442483305932,
    -150.43900673389436,
    -151.8510518670082,
    -158.67968295514584,
    -157.89956229925156,
    -160.78910750448705,
    -157.835541716218,
    -155.44422689080238,
    -153.2947172522545,
    -151.17401742637156,
    -154.98727371096612,
    -149.5508064776659,
    -150.07819220721723,
    -149.78717034459115,
    -151.69879594147204,
    -147.00437801480294,
    -143.19069273769855,
    -147.6799147516489,
    -143.26280761361122,
    -139.82497178912163,
    -152.14841587245465,
    -137.3803380101919,
    -138.5746418684721,
    -140.33737469911574,
    -129.83845044970514,
    -141.21509579718114,
    -99.72984709143638,
    -105.86484139561654,
    -101.11551195085049,
    -57.124366253614426,
    -40.70153216123581,
    -35.30860483646393,
    -57.561851024627686,
    -2.4144055871736434,
    -7.080660479409354,
    -10.50151933374859,
    -25.841005135150183,
    -18.2555255095164,
    -10.692326520170484,
    -7.6707815527915955,
    10.704579589041797,
    -22.24198604197729,
    -13.571455467314948,
    8.917602614922957,
    22.49334899238918,
    15.867726995944977,
    24.419810973107815,
    21.23028424878915,
    32.130227948610596,
    31.41803731597387,
    31.75280389547348,
    40.18059470398085,
    33.95417138420302,
    37.4048923474771,
    38.74801003316353,
    37.4809377292792,
    44.10469315201044,
    42.9190733730793,
    42.293151419609785,
    36.35410686654429,
    49.38593732799802,
    45.96589789968549,
    46.017207981962144,
    45.562418287291244,
    47.28398781664231,
    44.7660209496816,
    45.17745650340529,
    46.26425331305055,
    49.21375221327732,
    51.10782861709595,
    46.24748283975265,
    45.037763772739304,
    46.66766568928054,
    49.21042870453426,
    45.99479076356599,
    49.443113294086956,
    47.636217662266326,
    49.66602799296379,
    48.162085016031526,
    44.571596536371445,
    49.609965899051765,
    52.5049597053993,
    44.76531203644616,
    45.47444347540537,
    43.093630772084,
    37.852074709431875,
    48.608876071657455,
    48.070447090509774,
    49.248064692083155,
    48.50947819571746,
    49.31736458264864,
    51.16332618296146,
    45.70654731161065,
    48.88829365775392,
    53.35399775356054,
    48.06844091415405,
    51.28107179466047,
    47.808039707106516,
    47.831244314039076,
    49.10361129809649,
    49.41591894477606,
    49.0096064836551,
    38.464566476643085,
    38.99018972367048,
    29.906348245759165,
    33.613195572048426,
    36.534783310962446
  ],
  "epoch_costs": [
    0.0,
    0.0,
    0.0,
    0.0,
    0.0,
    0.0,
    0.0,
    0.0,
    0.0,
    0.0,
    0.0,
    0.0,
    0.0,
    0.0,
    0.0,
    0.0,
    0.0,
    0.0,
    0.0,
    0.0,
    0.0,
    0.0,
    0.0,
    0.0,
    0.0,
    0.0,
    0.0,
    0.0,
    0.0,
    0.0,
    0.0,
    0.0,
    0.0,
    0.0,
    0.0,
    0.0,
    0.0,
    0.0,
    0.0,
    0.0,
    0.0,
    0.0,
    0.0,
    0.0,
    0.0,
    0.0,
    0.0,
    0.0,
    0.0,
    0.0,
    0.0,
    0.0,
    0.0,
    0.0,
    0.0,
    0.0,
    0.0,
    0.0,
    0.0,
    0.0,
    0.0,
    0.03037877380847931,
    0.0,
    0.0,
    0.1678932264447212,
    0.5888484209775925,
    0.010179802775382996,
    0.5524714671075344,
    0.8196138188242912,
    2.9492065481841565,
    3.1528944611549377,
    3.7349703788757322,
    8.151124818623066,
    13.299035911262035,
    14.980746940523385,
    10.911266554892062,
    19.071927361545107,
    18.805847847745532,
    21.635776642532576,
    15.696653111349969,
    20.927502312830516,
    24.730563678911754,
    23.587079653427715,
    21.357610057700764,
    22.031502627191088,
    25.438117725508555,
    25.774270155213095,
    24.56418573985929,
    22.728128919005393,
    23.024864243964355,
    27.44751461657385,
    25.842128596053673,
    26.554465825167988,
    33.191169835329056,
    23.61280500675951,
    23.773470771209947,
    29.229586308201153,
    24.15299862674598,
    24.586286641160648,
    20.422168447636068,
    22.685222406405956,
    18.306906655430794,
    25.464853609281203,
    16.567720405970302,
    22.89669748824654,
    22.286335277737994,
    22.376332450000678,
    18.627022793626082,
    34.91987726142009,
    26.418344490230083,
    25.382470029680167,
    18.305585029093844,
    16.038706804968808,
    24.370036829043837,
    22.719764579501415,
    24.905411050175175,
    18.936212424295288,
    25.032452203559153,
    19.353990395602427,
    21.923234644106458,
    16.67889650518957,
    17.915068948993813,
    17.675518629865515,
    15.49151640595534,
    10.919860346288216,
    23.452865300008227,
    28.29103221179861,
    30.62165793310851,
    42.75454748550366,
    20.266535647000584,
    15.319777256330928,
    14.481292336394912,
    15.00550101697445,
    13.511525828104753,
    12.007901963964105,
    18.26709087441365,
    20.046683837433118,
    10.174710759148002,
    17.134318886979205,
    14.124891048983523,
    16.407463275097513,
    15.082330322346172,
    14.034363282032501,
    10.257782731577754,
    14.4448443456338,
    39.05650636134669,
    38.12608215631917,
    29.288652186912874,
    32.53209929307923,
    32.516833019075975
  ],