{
  "algorithm": "safe_ppo",
  "seed": 2,
  "epochs": 150,
  "epoch_returns": [
    -182.09104309380055,
    -175.1713395923376,
    -178.57582335472108,
    -182.26972711980343,
    -173.81308635771273,
    -175.69743560552598,
    -177.1824378103018,
    -175.29908421337603,
    -175.56087161302565,
    -171.8806546986103,
    -171.8831378608942,
    -176.2628498017788,
    -175.9490006953478,
    -179.69444799721242,
    -179.44267781078815,
    -176.32962839901447,
    -173.22037281095982,
    -169.23620158433914,
    -165.72017859220506,
    -164.3316340237856,
    -165.07380661964416,
    -166.66751669347286,
    -169.13696255385875,
    -171.05477925539017,
    -173.87398472130297,
    -174.0188062161207,
    -169.53988618552685,
    -176.82970802783967,
    -177.34603012800216,
    -175.18757762610912,
    -173.12076408565045,
    -172.54551180005075,
    -177.92680184841157,
    -176.73515885174274,
    -170.4202683210373,
    -177.18800928592682,
    -178.3823867201805,
    -181.1061621248722,
    -175.78256721794605,
    -170.5190680861473,
    -172.23561956882477,
    -167.23373054862023,
    -168.9598681986332,
    -163.61256103515626,
    -164.0375613927841,
    -163.59220572412013,
    -162.8733824670315,
    -158.9000816732645,
    -164.17545058727265,
    -160.38663155436515,
    -167.25410069525242,
    -170.42685064971448,
    -167.65919733941556,
    -166.7872111916542,
    -161.6418264836073,
    -161.9882428497076,
    -162.36584329009057,
    -166.9117654979229,
    -165.93337675035,
    -166.17435773313045,
    -169.42616261839868,
    -166.02298628091813,
    -171.1336250424385,
    -162.6634970009327,
    -162.4358533143997,
    -164.26884317696096,
    -162.8563287138939,
    -159.467996224761,
    -161.43956604301928,
    -161.55275943279267,
    -163.93212809860705,
    -158.66717917621136,
    -162.34039372205734,
    -158.3084699690342,
    -155.84984694719316,
    -158.55982886850833,
    -156.3318017989397,
    -151.7172155290842,
    -140.34228438436986,
    -139.87218661010266,
    -125.01279925107956,
    -101.15923892259597,
    -83.47629822152001,
    -83.86578453438622,
    -37.183775305747986,
    -51.595677297223695,
    -38.36213735653006,
    -24.373480014503002,
    -21.77657225728035,
    -11.843364824851355,
    -17.628796460727852,
    -21.08779665331046,
    -18.243388312558334,
    1.83894672870636,
    8.2876495718956,
    11.075519692439299,
    19.575887966614502,
    24.248739432405543,
    21.859488368034363,
    21.550811669001213,
    25.259718552783685,
    11.466187046124386,
    19.886943560380203,
    24.85998496082094,
    25.360608708399994,
    25.152327597141266,
    21.765175177500797,
    28.8399628332028,
    28.01097856848328,
    30.49488717759097,
    30.004140723210114,
    28.880319162056995,
    30.703426996866863,
    29.1621951173853,
    28.981750082086634,
    31.056628931451726,
    31.563681962234632,
    33.65318397113255,
    33.74730587644236,
    33.63252047981535,
    36.80668640988214,
    36.304505654176076,
    38.053387056136955,
    35.933824826564106,
    36.374833313624066,
    39.02165389253247,
    38.13775852719943,
    37.35180098395194,
    37.293593687936664,
    39.463518504053354,
    39.748550459742546,
    39.59453125730638,
    39.23309444077313,
    39.5993542382794,
    40.806267281373344,
    40.580430921280026,
    38.28697155944763,
    39.97325864061713,
    41.169468545552455,
    38.888720414330884,
    39.42969074845314,
    37.99315841736332,
    39.458296698908654,
    40.26539435237646,
    39.224066983908415,
    40.48817083414863,
    40.304309010505676,
    40.74370271689964,
    39.80874001618588,
    39.96338049694896
  ],
  "epoch_costs": [
    0.0,
    0.0,
    0.0,
    0.0,
    0.0,
    0.0,
    0.0,
    0.0,
    0.0,
    0.0,
    0.0,
    0.0,
    0.0,
    0.0,
    0.0,
    0.0,
    0.0,
    0.0,
    0.0,
    0.0,
    0.0,
    0.0,
    0.0,
    0.0,
    0.0,
    0.0,
    0.0,
    0.0,
    0.0,
    0.0,
    0.0,
    0.0,
    0.0,
    0.0,
    0.0,
    0.0,
    0.0,
    0.0,
    0.0,
    0.0,
    0.0,
    0.0,
    0.0,
    0.0,
    0.0,
    0.0,
    0.0,
    0.0,
    0.0,
    0.05142040476202965,
    0.0,
    0.0,
    0.0,
    0.0,
    0.0,
    0.0,
    0.0,
    0.0,
    0.0,
    0.0,
    0.0,
    0.0,
    0.0,
    0.0,
    0.0,
    0.0,
    0.0,
    0.0,
    0.0,
    0.0,
    0.3183057740330696,
    0.017657260596752166,
    0.0,
    0.06521377637982369,
    0.0,
    0.0,
    0.0,
    0.007968693971633911,
    3.5637520879507063,
    10.060058785974979,
    19.274164651334285,
    29.974364259094,
    26.929694463099754,
    31.374035760760307,
    34.962770463979766,
    29.79173819111152,
    28.03516908313917,
    38.60572054423392,
    41.133073433612786,
    41.30061019832889,
    42.1976267217348,
    45.60853250324726,
    51.02298098554214,
    41.719860129356384,
    49.14880200704703,
    48.98080126081522,
    51.94118935844073,
    51.562465526439524,
    56.0924131092098,
    48.97263724528826,
    57.61728233098984,
    55.14876903880101,
    56.293193195301754,
    51.831292778253555,
    61.08959085895465,
    62.37261367302675,
    65.55999761189406,
    67.0026266053319,
    59.20408758189943,
    67.61791277594037,
    67.72353523625777,
    67.43674767647798,
    67.52810229912951,
    65.30067749321461,
    64.97077056599989,
    68.13969330765583,
    63.28530504501292,
    59.42029864181365,
    59.58851105400494,
    65.22430173148003,
    64.23488577295628,
    55.81577971080939,
    58.69688922372357,
    61.68397181108594,
    53.15870088040829,
    53.077436829286235,
    56.760142309467,
    49.046417786709725,
    38.569929127115756,
    43.30295222485438,
    46.1479437337257,
    46.16755854795056,
    44.95061938231811,
    47.3618390012172,
    41.44965962207679,
    41.425758753310554,
    50.12925111718716,
    46.02002169145271,
    44.72857837649909,
    46.23489274084568,
    37.55808763904497,
    46.82494450721048,
    44.745442404862374,
    48.056188985705376,
    43.47722243471071,
    36.47219579666853,
    33.9050740717965,
    40.20194915794965,
    36.991496269901596,
    43.27588500874117
  ],