{
  "algorithm": "safe_ppo",
  "seed": 2,
  "epochs": 150,
  "epoch_returns": [
    -182.09104309380055,
    -175.23063633143903,
    -176.77028095126153,
    -182.80221459567548,
    -174.44497135579587,
    -173.04874728322028,
    -172.48121506869794,
    -168.93502784073354,
    -169.4190052330494,
    -163.23177237808704,
    -162.46970287263395,
    -166.54240665733815,
    -169.4289843916893,
    -172.50042057931424,
    -174.29192091226577,
    -171.3716107159853,
    -168.72224453389646,
    -166.069024258852,
    -162.9187863647938,
    -162.35866395831107,
    -165.81314219832421,
    -164.85915232896804,
    -165.69552265405656,
    -163.7628671616316,
    -165.87419119477272,
    -167.62629489302634,
    -161.70422036349774,
    -163.588921892643,
    -161.5134673476219,
    -161.64004012346268,
    -157.21544857621194,
    -159.08094547986985,
    -163.2799527078867,
    -168.67883593142034,
    -162.5199949890375,
    -166.9973155140877,
    -165.72955818474293,
    -170.42885228693484,
    -163.77242070436478,
    -160.60721859037875,
    -164.24293835759164,
    -158.65382718145847,
    -162.35675898194313,
    -158.95799132883548,
    -159.5932630479336,
    -155.7075460344553,
    -160.9486137956381,
    -146.5093415260315,
    -155.80844617784024,
    -145.5505182504654,
    -149.3566028445959,
    -146.34501236379145,
    -137.18519198298455,
    -128.11470780968665,
    -120.13192610144615,
    -111.78036461174489,
    -86.99210132658482,
    -94.70811469554901,
    -72.59810535113017,
    -46.674890369176865,
    -50.89217311414805,
    -52.39234987443144,
    -33.97315924323124,
    -17.68135930846135,
    -19.011661215968754,
    -17.237953734894592,
    -28.353059351444244,
    -0.45113706827163697,
    5.985337607860565,
    -8.09851555277904,
    -9.011906365553537,
    13.806243797907463,
    -15.08607949068149,
    7.230344135027665,
    7.170100384033644,
    15.079583945182653,
    13.386177427493609,
    16.79453244474199,
    25.90962389442656,
    22.66351553687343,
    24.059399324434775,
    26.87225573371958,
    27.85415071690524,
    28.995807583842957,
    22.53227126121521,
    19.54558896101438,
    25.67883112695482,
    26.38957368639799,
    28.118577385390246,
    28.228462444411385,
    30.027985797988045,
    30.234074409361238,
    30.033405612621987,
    31.2636684690203,
    28.256910502910614,
    33.12025805382893,
    37.676658966848926,
    26.636801523821696,
    37.56414046883583,
    35.26376428686339,
    37.86378012696902,
    37.07940793614234,
    38.41431854963302,
    31.84246357350514,
    36.284314009650004,
    36.038938620994834,
    38.16534805105579,
    36.68187990585963,
    38.85119207828276,
    40.26208288019354,
    40.53875490926927,
    38.718869217236836,
    31.96364369193713,
    39.44340121944745,
    35.734759940255074,
    40.05925824786677,
    36.62413776743001,
    38.40758306384087,
    40.272321453318,
    40.375382132389966,
    40.723981178168096,
    40.869528790935874,
    40.72125614993274,
    39.56888662837446,
    40.89916102588177,
    41.54837123011098,
    41.894561957229264,
    39.79621565534222,
    40.754236510023475,
    41.36053612269461,
    35.73453379472097,
    40.641924159093335,
    40.55758348588021,
    42.620438104675664,
    42.90848907347648,
    44.8822925379782,
    41.489473991321795,
    42.038157934801916,
    42.95747712509973,
    41.88443777236071,
    41.156474821908134,
    44.692364806788305,
    45.18489942720958,
    43.3225013597144,
    43.65163008655821,
    42.535801319515,
    43.98901356458664,
    41.78313934803009,
    46.96485840146606,
    43.362926239626745
  ],
  "epoch_costs": [
    0.0,
    0.0,
    0.0,
    0.0,
    0.0,
    0.0,
    0.0,
    0.0,
    0.0,
    0.0,
    0.0,
    0.0,
    0.0,
    0.0,
    0.0,
    0.0,
    0.0,
    0.0,
    0.0,
    0.0,
    0.0,
    0.0,
    0.0,
    0.0,
    0.0,
    0.0,
    0.0,
    0.0,
    0.0,
    0.0,
    0.0,
    0.0,
    0.0,
    0.0,
    0.0,
    0.0,
    0.0019730255007743835,
    0.0,
    0.0014352798461914062,
    0.3051285453140736,
    0.0,
    0.04594201222062111,
    0.0,
    0.03909403532743454,
    0.0,
    0.0651283748447895,
    0.0,
    2.7256030730903147,
    3.351021009683609,
    11.625714511424302,
    5.803835120052099,
    10.02058805897832,
    21.87697353363037,
    32.32790323421359,
    44.960823664814235,
    51.21786106079817,
    61.365426793694496,
    63.96392667889595,
    62.738256832673436,
    53.09208172424273,
    52.89587816866961,
    55.08328322253444,
    54.35903037501418,
    52.58870595196883,
    48.59166615553524,
    51.62284851633012,
    52.358446577968806,
    48.678934608697894,
    48.888045545816425,
    49.75373773276806,
    47.87833207659423,
    45.41185933408829,
    48.57111687834064,
    43.90085696772887,
    45.985124725561874,
    42.478723876178265,
    46.85214838041709,
    44.21072319149971,
    43.87025154740722,
    47.43651745882299,
    48.450730039013756,
    45.32200164265103,
    48.98482851463336,
    49.05480215804918,
    52.991663424372675,
    50.68125111495073,
    50.350545289891734,
    55.10006921107952,
    53.906421865578054,
    57.331801862076475,
    53.74161571650593,
    50.52804665433036,
    43.05679345556668,
    46.36145321173327,
    46.81251435780099,
    43.93491886299232,
    36.58378694711193,
    50.07492043290819,
    45.65463676104943,
    47.0810663037259,
    45.87098696430524,
    38.59768319706763,
    47.62771362066269,
    47.14066871435478,
    48.226188603660155,
    47.67485679942986,
    40.54108584359769,
    47.056069674094516,
    39.14538897093265,
    32.61952910775488,
    42.45159146958782,
    43.2598801796635,
    46.57995444436868,
    41.197836395601435,
    40.039495895466494,
    29.532096915172808,
    48.4194187994661,
    42.696426736811794,
    38.33442624285817,
    31.048976874088538,
    34.806151134949744,
    37.581076013855636,
    38.059229378122836,
    39.49127895478159,
    39.3420337587595,
    35.73972402513027,
    38.73511295878526,
    43.928310983604,
    39.08138501690701,
    43.15582028357312,
    46.32605256686608,
    34.64261171447508,
    39.13305151991306,
    43.268803565732895,
    42.64577459664114,
    32.74533688164119,
    37.107617562015854,
    32.14675753627505,
    30.2381365946361,
    39.29037889206048,
    27.626555163093975,
    32.424569708108905,
    27.664172801801136,
    29.1495285373595,
    28.964602654320853,
    34.90388465015327,
    33.5056725616966,
    33.19099435736151,
    23.927940766553622,
    27.499534987551826
  ],