{
  "algorithm": "safe_ppo",
  "seed": 1,
  "epochs": 150,
  "epoch_returns": [
    -181.15941573381423,
    -177.8768933057785,
    -176.14828402400016,
    -170.49494977593423,
    -173.0246464252472,
    -168.74291935563087,
    -174.510206463933,
    -172.24835712313651,
    -165.70842125117778,
    -168.2063690751791,
    -164.44605781435968,
    -169.78515205979346,
    -167.7339858263731,
    -167.8313504129648,
    -164.43614293932916,
    -167.56833366155624,
    -171.13951558172704,
    -171.436211758852,
    -172.06537057459354,
    -166.97842442691325,
    -165.3195325553417,
    -167.679806175828,
    -163.73619923889638,
    -156.32545432150363,
    -158.24237242043017,
    -160.69481143653394,
    -153.6364449262619,
    -157.08002748787402,
    -158.2900613874197,
    -156.52810207903386,
    -161.6821619927883,
    -165.74124305844308,
    -161.57936422228812,
    -156.02078442573549,
    -159.34918235838413,
    -159.89401654303074,
    -159.06709077954292,
    -154.44996384680272,
    -154.83712641000747,
    -154.86527550816535,
    -154.95771222412586,
    -154.34671601355075,
    -156.36587990224362,
    -156.56796817779542,
    -157.74141106903554,
    -161.55077165961265,
    -158.71000935137272,
    -163.00514650940895,
    -161.37336325645447,
    -158.7154576778412,
    -156.04036030471326,
    -154.94684201180934,
    -154.39566761255264,
    -158.13922668099403,
    -151.50225560963153,
    -152.58705629706384,
    -154.04624405503273,
    -155.92096990644933,
    -151.8380240470171,
    -149.89136623442172,
    -154.11624958217143,
    -153.80938129127026,
    -152.20747630000113,
    -157.5248720228672,
    -152.38014410734178,
    -156.6821637183428,
    -154.48014318048953,
    -152.68522202372552,
    -151.80469931066037,
    -152.10398710668088,
    -149.57176751792431,
    -152.03334863185881,
    -152.75579723715782,
    -150.1270759880543,
    -148.74041271209717,
    -153.1853623062372,
    -151.33947264254093,
    -152.19425586164,
    -148.3105782866478,
    -149.52748043239117,
    -149.6078084409237,
    -147.5735470175743,
    -146.21037751436234,
    -148.25055774152278,
    -150.37790514230727,
    -148.16867339015008,
    -147.78918032050132,
    -148.39896373450756,
    -150.12844396531582,
    -147.41078734099864,
    -146.3847742676735,
    -149.91517381370068,
    -149.64125402271748,
    -148.40601374506952,
    -147.15190441310406,
    -146.28625588715076,
    -148.06632224023343,
    -149.08890573084355,
    -148.3267915725708,
    -147.46511728167533,
    -147.1954172760248,
    -147.1582026809454,
    -145.76589039564132,
    -148.55793278515338,
    -147.9784607797861,
    -148.57422205209733,
    -144.33967963457107,
    -147.83154047131538,
    -147.20082792043686,
    -143.56916849017142,
    -145.82503887116908,
    -148.26067937612532,
    -142.98312197625637,
    -144.89891124665738,
    -146.49471011161805,
    -147.13769652843476,
    -145.58608646690845,
    -144.13456572890283,
    -147.9072102278471,
    -134.608292016387,
    -137.62540785372258,
    -131.7169112086296,
    -127.70138740539551,
    -133.62093316316606,
    -97.99762474298477,
    -61.734926319122316,
    -72.57674234807492,
    -44.55209958553314,
    -41.42016309201718,
    -50.691258668899536,
    -50.58613341152668,
    -25.62736965417862,
    -28.384458749067214,
    4.612577716509501,
    0.605871441818419,
    -10.534891105833507,
    -8.010581249282474,
    14.21444364140431,
    -5.081623507582623,
    7.486489842767301,
    12.87516220331192,
    12.153736279010772,
    9.395343036651612,
    24.385928715268772,
    19.93487685918808,
    24.49377245562417,
    41.275766197712194,
    40.87743385953288,
    37.54928251792644,
    33.374770338888524
  ],
  "epoch_costs": [
    0.0,
    0.0,
    0.0,
    0.0,
    0.0,
    0.0,
    0.0,
    0.0,
    0.0,
    0.0,
    0.0,
    0.0,
    0.0,
    0.0,
    0.0,
    0.0,
    0.0,
    0.0,
    0.0,
    0.0,
    0.0,
    0.0,
    0.0,
    0.0,
    0.0,
    0.0,
    0.0,
    0.0,
    0.0,
    0.0,
    0.0,
    0.0,
    0.0,
    0.0,
    0.0,
    0.0,
    0.0,
    0.0,
    0.0,
    0.0,
    0.0,
    0.0,
    0.0,
    0.0,
    0.0,
    0.0,
    0.0,
    0.0,
    0.0,
    0.0,
    0.0,
    0.0,
    0.0,
    0.0,
    0.0,
    0.0,
    0.0,
    0.0,
    0.0,
    0.0,
    0.0,
    0.0,
    0.0,
    0.0,
    0.0,
    0.0,
    0.0,
    0.0,
    0.0,
    0.0,
    0.0,
    0.0,
    0.0,
    0.0,
    0.0,
    0.0,
    0.0,
    0.0,
    0.0,
    0.0,
    0.0,
    0.0,
    0.0,
    0.0,
    0.0,
    0.0,
    0.0,
    0.0,
    0.0,
    0.0,
    0.0,
    0.0,
    0.0,
    0.0,
    0.0,
    0.0,
    0.0,
    0.0,
    0.0,
    0.0,
    0.0,
    0.0,
    0.0,
    0.0,
    0.0,
    0.0,
    0.0,
    0.0,
    0.0,
    0.0,
    0.0,
    0.0,
    0.0,
    0.0,
    0.0,
    0.0,
    0.0,
    0.13968417644500733,
    0.0,
    0.0,
    0.054100342094898224,
    0.30967045575380325,
    0.5992102943360805,
    0.536977594345808,
    2.321277031302452,
    8.46960170865059,
    8.171633882820606,
    10.806849356740713,
    13.391483367979527,
    14.890245812386274,
    13.14840404316783,
    18.534480559825898,
    25.336424804159574,
    28.27255409388315,
    27.875715609817277,
    30.452190816402435,
    34.67146000620865,
    28.87688541226089,
    24.3185719990212,
    27.140807845670246,
    27.99994316101074,
    24.087860477566718,
    32.59731797039509,
    40.19674733777841,
    38.02075520277023,
    28.35425735318235,
    21.292711574704416,
    23.43901934210331,
    35.60320931107834,
    46.09534730348322
  ],