{
  "algorithm": "safe_ppo",
  "seed": 0,
  "epochs": 150,
  "epoch_returns": [
    -178.75869366526604,
    -177.41673891842365,
    -182.44795595109463,
    -181.95659913420678,
    -175.0350958734751,
    -176.85897317528725,
    -171.6117813140154,
    -177.4853691995144,
    -173.30062140822412,
    -168.609838911891,
    -164.21589056849479,
    -170.66048043370247,
    -162.28742732405664,
    -166.08941235244274,
    -163.83038240373133,
    -159.919674795866,
    -158.6762211918831,
    -157.18588542640208,
    -157.32904872894287,
    -155.46484543085097,
    -153.48137603402137,
    -154.1005839973688,
    -149.59087728857995,
    -154.67299593389035,
    -153.76047160029412,
    -150.32700673639775,
    -150.20439181029798,
    -150.98741913437843,
    -151.17733970880508,
    -150.2712878793478,
    -152.85972301363944,
    -150.72165132164955,
    -148.75842739641666,
    -149.583796864748,
    -149.1017988592386,
    -147.3613642692566,
    -148.82082465291023,
    -147.23852297067643,
    -149.70959573686122,
    -149.00359426140784,
    -149.57623314261437,
    -150.21376865208148,
    -150.51550138294698,
    -150.82755464315414,
    -148.6096283376217,
    -150.62944884598255,
    -151.4750023305416,
    -152.08494077920915,
    -152.135040345788,
    -153.22014897763728,
    -151.8602257758379,
    -152.42502232789994,
    -153.43585012853146,
    -153.69753298163414,
    -153.69890031516553,
    -157.37762222290038,
    -155.3878792196512,
    -156.07433634400368,
    -149.7087733209133,
    -153.21245705485345,
    -154.39018744528295,
    -153.81936330497265,
    -157.17641683220864,
    -159.43690632283688,
    -157.2613915681839,
    -158.8264587968588,
    -159.2551290810108,
    -158.009180444479,
    -150.9699860572815,
    -146.99950797259808,
    -149.41752177774907,
    -152.02223917245865,
    -153.2584764868021,
    -144.0906555891037,
    -146.79008717238904,
    -143.61707992851734,
    -144.14242797493935,
    -134.48565511107444,
    -141.38940089643,
    -128.46863661110402,
    -104.18900672197341,
    -127.42377515435219,
    -96.16471451222897,
    -69.95386075377465,
    -72.35111314058304,
    -37.152915799617766,
    1.4203742891550064,
    -13.419814270734786,
    -37.74842509925365,
    -11.090412250586919,
    -10.588851755573636,
    -9.689688815957023,
    -14.686352289858318,
    -18.185467373757135,
    -12.495677533474835,
    -12.427456872029738,
    5.068789460442283,
    -7.177397329698909,
    12.69729912529389,
    8.654543246911919,
    -0.7746219712754955,
    16.727180369198322,
    17.501520066261293,
    15.016968642671904,
    33.17745446055024,
    25.33174364655106,
    30.23864135035762,
    26.825989592533844,
    38.52734595921732,
    40.23801834737101,
    32.53737872640292,
    40.88854428599863,
    42.09724708526365,
    45.874704359155714,
    46.72593776157924,
    45.88929271697998,
    41.42401191033423,
    44.190441864909545,
    45.75313777273352,
    47.29602475133207,
    46.047263723962445,
    44.134149344528424,
    45.55425046997912,
    46.23968425989151,
    48.22583446502686,
    49.516325845911695,
    47.63715621001191,
    49.20132637829394,
    46.1434839282717,
    47.455540327562225,
    47.280869492226174,
    46.28190373352596,
    46.01525513993369,
    48.14296440283457,
    46.6000389614526,
    45.58147561725448,
    47.77245219051838,
    46.1206519951423,
    47.35784422329494,
    49.621026799867025,
    48.3717855591523,
    48.063193363112376,
    53.49670113967015,
    46.443228882220055,
    48.75738205297573,
    48.577829978532264,
    48.21019327157253,
    45.585276055335996,
    43.85603368457626,
    47.72581015567522
  ],
  "epoch_costs": [
    0.0,
    0.0,
    0.0,
    0.0,
    0.0,
    0.0,
    0.0,
    0.0,
    0.0,
    0.0,
    0.0,
    0.0,
    0.0,
    0.0,
    0.0,
    0.0,
    0.0,
    0.0,
    0.0,
    0.0,
    0.0,
    0.0,
    0.0,
    0.0,
    0.0,
    0.0,
    0.0,
    0.0,
    0.0,
    0.0,
    0.0,
    0.0,
    0.0,
    0.0,
    0.0,
    0.0,
    0.0,
    0.0,
    0.0,
    0.0,
    0.0,
    0.0,
    0.0,
    0.0,
    0.0,
    0.0,
    0.0,
    0.0,
    0.0,
    0.0,
    0.0,
    0.0,
    0.0,
    0.0,
    0.0,
    0.0,
    0.0,
    0.0,
    0.0,
    0.0,
    0.0,
    0.0,
    0.0,
    0.0,
    0.0,
    0.0,
    0.0,
    0.0,
    0.0,
    0.0,
    0.0,
    0.0,
    0.0,
    0.0,
    0.0,
    0.016421470791101456,
    0.12627624049782754,
    0.09297389537096024,
    0.05310971289873123,
    0.41875922679901123,
    2.5094151705503465,
    0.6234388388693333,
    4.928216770291328,
    6.8003374800086025,
    8.036339022219181,
    12.244088567048312,
    15.307653331756592,
    16.832186135649682,
    19.081728426367043,
    17.791310308235033,
    19.743344746175268,
    24.318039717418806,
    24.82027141891775,
    24.238320888507936,
    23.034145178442653,
    24.958660599182952,
    28.422639786519788,
    32.95236326483163,
    28.391216047108173,
    33.06977886479834,
    34.65200089825236,
    36.952697187041245,
    32.65627661705017,
    37.71310212214788,
    31.545315993604838,
    35.986063508523834,
    34.854696030969976,
    42.15659818225182,
    24.30877117716497,
    27.262464862196676,
    33.15861334403356,
    19.619647120289944,
    32.29649225021562,
    27.31101465631615,
    21.35227418584483,
    26.73546237392085,
    37.551406302955,
    30.28481922005162,
    30.172920138095364,
    24.718450046247906,
    30.05213368333438,
    31.994522060979815,
    31.28604301371995,
    31.404427956257546,
    28.066785947339877,
    22.530680704761195,
    24.42876390616099,
    22.691253203797984,
    31.886780515738895,
    30.407323357959587,
    28.679814730667406,
    30.092649141379766,
    27.433811496943235,
    27.078688682781326,
    31.53399121761322,
    28.905085976509486,
    26.44959430396557,
    27.60865770280361,
    30.614154122556958,
    23.339640549923246,
    23.646812478178425,
    24.749476164982127,
    16.875472886440082,
    27.847265544864868,
    21.922848834379298,
    27.043930346353186,
    23.130536046785277,
    27.860763841015952,
    36.35900253232788,
    23.373694803666424
  ],