{
  "algorithm": "safe_ppo",
  "seed": 2,
  "epochs": 150,
  "epoch_returns": [
    -182.09104309380055,
    -175.1713395923376,
    -178.57582335472108,
    -182.26972711980343,
    -173.81308635771273,
    -175.69743560552598,
    -177.1824378103018,
    -175.29908421337603,
    -175.56087161302565,
    -171.8806546986103,
    -171.8831378608942,
    -176.2628498017788,
    -175.9490006953478,
    -179.69444799721242,
    -179.44267781078815,
    -176.32962839901447,
    -173.22037281095982,
    -169.23620158433914,
    -165.72017859220506,
    -164.3316340237856,
    -165.07380661964416,
    -166.66751669347286,
    -169.13696255385875,
    -171.05477925539017,
    -173.87398472130297,
    -174.0188062161207,
    -169.53988618552685,
    -176.82970802783967,
    -177.34603012800216,
    -175.18757762610912,
    -173.12076408565045,
    -172.54551180005075,
    -177.92680184841157,
    -176.73515885174274,
    -170.4202683210373,
    -177.18800928592682,
    -178.3823867201805,
    -181.1061621248722,
    -175.78256721794605,
    -170.5190680861473,
    -172.23561956882477,
    -167.23373054862023,
    -168.9598681986332,
    -163.61256103515626,
    -164.0375613927841,
    -163.59220572412013,
    -162.8733824670315,
    -158.9000816732645,
    -164.17545058727265,
    -160.38663155436515,
    -167.1750878214836,
    -170.43174910247325,
    -167.83928581774234,
    -166.7027835637331,
    -161.39856327176093,
    -161.11492251157762,
    -162.42634987831116,
    -166.62334139347075,
    -166.02347059845926,
    -165.62810175418855,
    -169.55839886963366,
    -166.49132648706436,
    -171.27610798180103,
    -162.7200129598379,
    -162.18123497962952,
    -163.790805503726,
    -162.36452791690826,
    -159.36797374486923,
    -160.6119331240654,
    -161.10928071141242,
    -165.16722915172576,
    -160.78403881192207,
    -163.4480892956257,
    -159.87347741127013,
    -158.61424286067486,
    -160.80330989062787,
    -158.73960135579108,
    -154.9934175848961,
    -147.44959856271743,
    -151.74190240502358,
    -152.46745943129062,
    -151.5365589886904,
    -147.841820782423,
    -149.7723687529564,
    -140.50960192382337,
    -145.6064011722803,
    -141.3728525698185,
    -137.97500708699226,
    -130.73689369559287,
    -130.14783401191235,
    -118.06617194414139,
    -122.25570819377899,
    -89.28922773259026,
    -91.19312795570919,
    -52.813126569444485,
    -57.51279814405875,
    -39.72191631534825,
    -27.326405983904134,
    -10.337688413759073,
    -7.730420420567195,
    -5.167891755104065,
    -11.555740840733051,
    1.0887941861152648,
    -4.623514862060547,
    -3.663668674727281,
    -4.000643603801727,
    -8.659685020446778,
    -4.141017279624939,
    14.392785821969692,
    5.799660637378692,
    17.78419795173865,
    10.16227174282074,
    25.851677704315918,
    20.21569891847097,
    24.59936639895806,
    27.139849093225266,
    16.900857622806843,
    26.999685267607372,
    26.22568906457336,
    26.833587204968488,
    27.876465126320166,
    28.698684487077927,
    27.382988305003554,
    30.018699595221765,
    23.352721563091986,
    30.21646581534986,
    30.23540420617376,
    29.897613702075823,
    29.736243173480034,
    30.30988526770047,
    30.556161563311303,
    30.861298563224928,
    31.297534675433717,
    30.52876135494028,
    33.265763884988324,
    29.14922055176326,
    33.09025155059223,
    34.083692491054535,
    35.68015334407489,
    37.843293245881796,
    34.28592362691616,
    35.6809018433094,
    37.49162202496682,
    37.94858448021114,
    37.42137264628564,
    37.333080705135096,
    32.29575868927199,
    13.418743299941221,
    22.61707337476589,
    27.13269636247839
  ],
  "epoch_costs": [
    0.0,
    0.0,
    0.0,
    0.0,
    0.0,
    0.0,
    0.0,
    0.0,
    0.0,
    0.0,
    0.0,
    0.0,
    0.0,
    0.0,
    0.0,
    0.0,
    0.0,
    0.0,
    0.0,
    0.0,
    0.0,
    0.0,
    0.0,
    0.0,
    0.0,
    0.0,
    0.0,
    0.0,
    0.0,
    0.0,
    0.0,
    0.0,
    0.0,
    0.0,
    0.0,
    0.0,
    0.0,
    0.0,
    0.0,
    0.0,
    0.0,
    0.0,
    0.0,
    0.0,
    0.0,
    0.0,
    0.0,
    0.0,
    0.0,
    0.05142040476202965,
    0.0,
    0.0,
    0.0,
    0.0,
    0.0,
    0.0,
    0.0,
    0.0,
    0.0,
    0.0,
    0.0,
    0.0,
    0.0,
    0.0,
    0.0,
    0.0,
    0.0,
    0.0,
    0.0,
    0.0,
    0.29680456817150114,
    0.0,
    0.0,
    0.0,
    0.0,
    0.0,
    0.0,
    0.0,
    0.0,
    0.0,
    0.0,
    0.0,
    0.0,
    0.0,
    0.28325598761439325,
    0.0,
    0.35667306259274484,
    2.0558667697012423,
    8.826598507165908,
    10.921587768942118,
    23.012608744204044,
    15.650556816160679,
    26.035129844432785,
    24.86923601513817,
    33.56284897774458,
    33.93635122613473,
    35.75994160641795,
    36.33332236564678,
    41.21090504961709,
    40.55426449763278,
    41.47565624296665,
    38.023697432751455,
    43.2271716350317,
    44.4954981726408,
    43.38362114069363,
    52.00203282892704,
    42.97088564455509,
    53.708491907715796,
    52.3437328258386,
    51.164524552822115,
    55.938456774904175,
    44.79316033661365,
    50.34940561422935,
    54.23770894626012,
    56.82607922874964,
    55.523516714021014,
    56.874258616795906,
    54.24508965898443,
    56.80752167767949,
    55.40452555705,
    57.31131885725039,
    56.542334942354096,
    56.83772235832833,
    61.002412375476624,
    58.16461339924071,
    61.564102733024846,
    59.30178312212229,
    59.753852736737045,
    57.54783905829702,
    60.03203223592469,
    56.038368329405785,
    56.323582409215824,
    52.801366856899755,
    57.023051060204,
    52.639234991936846,
    54.46337884770973,
    51.501650485499155,
    56.90478512233701,
    46.02661078820626,
    43.71827269857749,
    58.64059223131887,
    48.9727900693814,
    45.79050648212433,
    42.51255644578487,
    48.775905990312175,
    49.5539707036749,
    54.880551929103916,
    50.46627863124013,
    42.90735404414159,
    42.778474116964
  ],