{
  "algorithm": "safe_ppo",
  "seed": 0,
  "epochs": 150,
  "epoch_returns": [
    -178.75869366526604,
    -177.41673891842365,
    -182.44795595109463,
    -181.95659913420678,
    -175.0350958734751,
    -176.85897317528725,
    -171.6117813140154,
    -177.4853691995144,
    -173.30062140822412,
    -168.609838911891,
    -164.21589056849479,
    -170.66048043370247,
    -162.28742732405664,
    -166.08941235244274,
    -163.83038240373133,
    -159.919674795866,
    -158.6762211918831,
    -157.18588542640208,
    -157.32904872894287,
    -155.46484543085097,
    -153.48137603402137,
    -154.1005839973688,
    -149.59087728857995,
    -154.67299593389035,
    -153.76047160029412,
    -150.32700673639775,
    -150.20439181029798,
    -150.98741913437843,
    -151.17733970880508,
    -150.2712878793478,
    -152.85972301363944,
    -150.72165132164955,
    -148.75842739641666,
    -149.583796864748,
    -149.1017988592386,
    -147.3613642692566,
    -148.82082465291023,
    -147.23852297067643,
    -149.70959573686122,
    -149.00359426140784,
    -149.57623314261437,
    -150.21376865208148,
    -150.51550138294698,
    -150.82755464315414,
    -148.6096283376217,
    -150.62944884598255,
    -151.4750023305416,
    -152.08494077920915,
    -152.135040345788,
    -153.22014897763728,
    -151.8602257758379,
    -152.42502232789994,
    -153.43585012853146,
    -153.69753298163414,
    -153.69890031516553,
    -157.37762222290038,
    -155.3878792196512,
    -156.07433634400368,
    -149.7087733209133,
    -153.21245705485345,
    -154.39018744528295,
    -153.81936330497265,
    -157.17641683220864,
    -159.43690632283688,
    -157.2613915681839,
    -158.8264587968588,
    -159.2551290810108,
    -158.009180444479,
    -150.9699860572815,
    -146.99950797259808,
    -149.41752177774907,
    -152.02223917245865,
    -153.2584764868021,
    -144.0906555891037,
    -146.79008717238904,
    -143.61707992851734,
    -143.14382973909377,
    -133.23183422982692,
    -138.57339335381985,
    -123.96407826840877,
    -104.96116625666619,
    -113.86970925033093,
    -75.54840767383575,
    -49.84032731056213,
    -22.120928364992142,
    -28.55538592040539,
    -8.564577957987785,
    -5.346831812745049,
    -26.99662925004959,
    -42.64034290015697,
    -35.236097222566606,
    -30.488502479734876,
    -17.746053567954473,
    4.805573673475356,
    13.831638981466709,
    0.19326693103426978,
    7.245658851188162,
    18.52725663781166,
    24.96473048512752,
    24.194005923271177,
    27.512993594774834,
    24.03142723109987,
    26.03259389904829,
    36.38149481806262,
    35.67432009789251,
    37.57694636711052,
    31.374566438106392,
    37.499894674482015,
    41.84306302378255,
    38.176068264862586,
    45.126159141744886,
    42.23075180873275,
    44.310861599795956,
    48.619073146098366,
    46.206728615079605,
    42.767272633133516,
    43.15373664010655,
    44.6713833989519,
    46.60525891009499,
    43.22412201017141,
    42.35713946096825,
    45.034418175901685,
    45.067605091844285,
    46.19022260563714,
    48.816682169566285,
    44.34302248849588,
    48.418793178893424,
    46.854690352508,
    46.408055153157974,
    46.985305907045095,
    48.31026986966262,
    45.31505500442452,
    47.432086334035205,
    48.45244888630178,
    44.69784995100715,
    48.49378351204925,
    46.04170532567161,
    47.897335872456836,
    50.32386554228632,
    48.4140202290303,
    49.55389040081125,
    52.258892186590145,
    48.203453584297286,
    48.699821488724815,
    49.759172249484706,
    49.147455358827436,
    46.29057004716661,
    46.11439686843327,
    47.44973032304219,
    49.32171391612954
  ],
  "epoch_costs": [
    0.0,
    0.0,
    0.0,
    0.0,
    0.0,
    0.0,
    0.0,
    0.0,
    0.0,
    0.0,
    0.0,
    0.0,
    0.0,
    0.0,
    0.0,
    0.0,
    0.0,
    0.0,
    0.0,
    0.0,
    0.0,
    0.0,
    0.0,
    0.0,
    0.0,
    0.0,
    0.0,
    0.0,
    0.0,
    0.0,
    0.0,
    0.0,
    0.0,
    0.0,
    0.0,
    0.0,
    0.0,
    0.0,
    0.0,
    0.0,
    0.0,
    0.0,
    0.0,
    0.0,
    0.0,
    0.0,
    0.0,
    0.0,
    0.0,
    0.0,
    0.0,
    0.0,
    0.0,
    0.0,
    0.0,
    0.0,
    0.0,
    0.0,
    0.0,
    0.0,
    0.0,
    0.0,
    0.0,
    0.0,
    0.0,
    0.0,
    0.0,
    0.0,
    0.0,
    0.0,
    0.0,
    0.0,
    0.0,
    0.0,
    0.0,
    0.016421470791101456,
    0.12627624049782754,
    0.1420469768345356,
    0.07169827818870544,
    0.6426767103374005,
    2.991066087037325,
    1.6081963509321213,
    7.354844386130571,
    9.318834225088358,
    13.492815475165845,
    17.168678790330887,
    16.8056003049016,
    27.04928578152543,
    20.465520196408033,
    21.120063177496196,
    23.621595288068058,
    25.843018382787704,
    29.791887111607053,
    32.015848447169574,
    28.05693555590899,
    36.40804317522617,
    33.58202156748461,
    34.5344300561895,
    31.884941046627667,
    34.85668881356716,
    36.14279823578321,
    33.99323394232326,
    38.72530381496136,
    31.040321596737567,
    25.430720409558667,
    36.55683208789144,
    42.475461449187534,
    34.21674525069779,
    30.69191926861963,
    42.37063464059912,
    23.26349165397031,
    32.51336307451129,
    24.343377236496,
    19.286407285848178,
    28.63406783427511,
    35.44865221101226,
    35.577185586997956,
    32.649738908265576,
    29.505596277468346,
    37.91287549491972,
    39.905278422164194,
    28.778986065728322,
    30.034706672600336,
    30.25106510903154,
    22.871010783556347,
    31.713016479330904,
    24.979552179977702,
    30.245455300382204,
    31.371192552149296,
    33.635512431604525,
    22.55615575088037,
    28.509512262211906,
    26.86458619663844,
    28.165249053388834,
    36.59188470741113,
    25.79886483690805,
    31.017898306250572,
    24.242062869104178,
    21.23950441809077,
    25.675577468163258,
    23.74756212767802,
    24.318357354885823,
    22.55732489719584,
    29.37130696947376,
    24.932274061280328,
    25.358390546731048,
    27.897109885596567,
    30.786237345848765,
    32.218601149320605,
    24.26681019200219
  ],