{
  "algorithm": "safe_ppo",
  "seed": 0,
  "epochs": 150,
  "epoch_returns": [
    -178.75869366526604,
    -177.41673891842365,
    -182.44795595109463,
    -181.95659913420678,
    -175.0350958734751,
    -176.85897317528725,
    -171.6117813140154,
    -177.4853691995144,
    -173.30062140822412,
    -168.609838911891,
    -164.21589056849479,
    -170.66048043370247,
    -162.28742732405664,
    -166.08941235244274,
    -163.83038240373133,
    -159.919674795866,
    -158.6762211918831,
    -157.18588542640208,
    -157.32904872894287,
    -155.46484543085097,
    -153.48137603402137,
    -154.1005839973688,
    -149.59087728857995,
    -154.67299593389035,
    -153.76047160029412,
    -150.32700673639775,
    -150.20439181029798,
    -150.98741913437843,
    -151.17733970880508,
    -150.2712878793478,
    -152.85972301363944,
    -150.72165132164955,
    -148.75842739641666,
    -149.583796864748,
    -149.1017988592386,
    -147.3613642692566,
    -148.82082465291023,
    -147.23852297067643,
    -149.70959573686122,
    -149.00359426140784,
    -149.57623314261437,
    -150.21376865208148,
    -150.51550138294698,
    -150.82755464315414,
    -148.6096283376217,
    -150.62944884598255,
    -151.4750023305416,
    -152.08494077920915,
    -152.135040345788,
    -153.22014897763728,
    -151.8602257758379,
    -152.42502232789994,
    -153.43585012853146,
    -153.69753298163414,
    -153.69890031516553,
    -157.37762222290038,
    -155.3878792196512,
    -156.07433634400368,
    -149.7087733209133,
    -153.21245705485345,
    -154.39018744528295,
    -153.81936330497265,
    -157.17641683220864,
    -159.43690632283688,
    -157.2613915681839,
    -158.8264587968588,
    -159.2551290810108,
    -158.009180444479,
    -150.9699860572815,
    -146.99950797259808,
    -149.41752177774907,
    -152.02223917245865,
    -153.2584764868021,
    -144.0906555891037,
    -146.79008717238904,
    -143.61707992851734,
    -143.9738625884056,
    -135.48904007971288,
    -147.68212476074694,
    -130.79872898757458,
    -127.76969398260117,
    -136.57264804542064,
    -113.30436930954457,
    -122.80054344236851,
    -113.25957796275615,
    -86.8151234447956,
    -100.54496738910674,
    -75.57133612632751,
    -52.518597948551175,
    -79.72859644591809,
    -49.585817685723306,
    -47.41207894980907,
    -42.76835127770901,
    -5.377429289477212,
    -15.572774270176888,
    -18.368597768601916,
    -5.897579604671115,
    -35.80257376318886,
    -25.03455859138852,
    -13.592496409302665,
    -7.856161188511622,
    -6.838627193655286,
    -21.565764966465178,
    -17.619696622803097,
    -17.908359158606757,
    -11.08935458887191,
    10.848495345224034,
    5.679231366385585,
    8.049210591749711,
    12.159793450832368,
    8.455438608924547,
    17.071059140066307,
    4.343707263469696,
    18.72070645860263,
    30.649337569187427,
    32.62557806770007,
    30.063622915319034,
    40.20490335673094,
    30.604101133346557,
    35.23142755826314,
    35.021932224432625,
    41.82170140201395,
    45.21295042774256,
    42.260347409173846,
    38.16161325375239,
    42.538735608259834,
    41.6086308973677,
    43.73777496288805,
    46.56399955819635,
    43.50845271535218,
    47.696178226007355,
    47.37303000007357,
    45.24463572502136,
    46.222620013781956,
    48.81761230165894,
    45.57474156863549,
    46.600569009780884,
    46.68104505042235,
    44.85819607792479,
    45.34000412623087,
    47.379241867197884,
    45.93005232512951,
    47.04676946742194,
    47.554361901349495,
    48.56842792356336,
    47.98558342291249,
    53.22881361001577,
    47.772597441802155,
    49.123933748618974,
    48.84762879543834
  ],
  "epoch_costs": [
    0.0,
    0.0,
    0.0,
    0.0,
    0.0,
    0.0,
    0.0,
    0.0,
    0.0,
    0.0,
    0.0,
    0.0,
    0.0,
    0.0,
    0.0,
    0.0,
    0.0,
    0.0,
    0.0,
    0.0,
    0.0,
    0.0,
    0.0,
    0.0,
    0.0,
    0.0,
    0.0,
    0.0,
    0.0,
    0.0,
    0.0,
    0.0,
    0.0,
    0.0,
    0.0,
    0.0,
    0.0,
    0.0,
    0.0,
    0.0,
    0.0,
    0.0,
    0.0,
    0.0,
    0.0,
    0.0,
    0.0,
    0.0,
    0.0,
    0.0,
    0.0,
    0.0,
    0.0,
    0.0,
    0.0,
    0.0,
    0.0,
    0.0,
    0.0,
    0.0,
    0.0,
    0.0,
    0.0,
    0.0,
    0.0,
    0.0,
    0.0,
    0.0,
    0.0,
    0.0,
    0.0,
    0.0,
    0.0,
    0.0,
    0.0,
    0.016421470791101456,
    0.1180330090224743,
    0.1249559037387371,
    0.0,
    0.11007804572582244,
    0.3305414117872715,
    0.6240539968013763,
    2.465380258858204,
    2.4988944217562676,
    3.838360258191824,
    7.831496148556471,
    6.649858428537845,
    9.250354067981243,
    9.283063209801913,
    6.781805857270956,
    11.618886118382216,
    13.037119739502668,
    14.976557037979365,
    19.937282892210142,
    18.614101705700158,
    21.067838660308293,
    20.349117850973492,
    15.888722725567364,
    20.75559309834526,
    25.309425671895344,
    23.645551747509412,
    21.83416176835696,
    23.95962115767456,
    23.27252816870099,
    21.712959935267765,
    25.911261667807896,
    26.80367104776881,
    26.310897615940675,
    33.73001296140931,
    20.978842048048975,
    22.362065576016903,
    25.38641504322489,
    25.46287541320691,
    23.00081234265651,
    16.18403933274335,
    21.48523943424225,
    22.097843493734086,
    18.96464380994439,
    25.70451906224092,
    24.985619670152666,
    26.62962500701348,
    20.52673428889477,
    17.52835171450587,
    28.201451614499092,
    35.675496105849746,
    27.538385340210162,
    25.59146097214783,
    29.420488411889355,
    28.007972352206707,
    33.49983675451949,
    21.887256364855503,
    23.705401798657007,
    29.578200402004377,
    25.513378683584076,
    20.903516674363935,
    26.039226288304608,
    29.08490614549202,
    21.688854053202604,
    33.46399731256745,
    33.622478496847734,
    24.400723915133213,
    24.889079719367956,
    27.23899033835956,
    28.833970381981796,
    24.974422107677203,
    28.000062910632955,
    14.336079186353928,
    24.04858172664771,
    23.229053820709925,
    27.405138531906736
  ],