{
  "algorithm": "safe_ppo",
  "seed": 1,
  "epochs": 150,
  "epoch_returns": [
    -181.15941573381423,
    -178.79595949947833,
    -175.92271605432035,
    -172.35316261947156,
    -175.45194408893585,
    -173.38775244355202,
    -177.84729968607425,
    -175.90750780999662,
    -169.39330858588218,
    -169.54325636029245,
    -163.62050944566727,
    -169.45960501134397,
    -165.65378558039666,
    -164.02270756065846,
    -160.34395051300527,
    -162.94942011833191,
    -164.2699021846056,
    -167.21758529245852,
    -164.6366765588522,
    -160.5881479293108,
    -162.8624556452036,
    -164.91974729299545,
    -161.7759923994541,
    -155.56181406974792,
    -155.5648710012436,
    -159.18852864801883,
    -154.48821407854558,
    -158.31558424830436,
    -160.88320960104465,
    -159.6401082366705,
    -163.45132350325585,
    -162.04599658548833,
    -159.04856697618962,
    -156.38495710492134,
    -153.8624229043722,
    -154.70178357958793,
    -153.41493994891644,
    -150.37084543704987,
    -148.9044382363558,
    -148.619996291399,
    -150.1792607665062,
    -149.59650553464888,
    -151.09604345858097,
    -150.37442483305932,
    -150.43900673389436,
    -151.8510518670082,
    -158.67968295514584,
    -157.89956229925156,
    -160.78910750448705,
    -157.835541716218,
    -155.44422689080238,
    -153.2947172522545,
    -151.17401742637156,
    -154.98727371096612,
    -149.5508064776659,
    -150.07819220721723,
    -149.78717034459115,
    -151.69879594147204,
    -147.00437801480294,
    -143.19069273769855,
    -147.6799147516489,
    -143.26280761361122,
    -140.61677836477756,
    -152.11475562751292,
    -136.49285513460637,
    -138.24149219691753,
    -140.27658581733704,
    -136.15742592215537,
    -142.4680291593075,
    -135.63565490841864,
    -123.30439758598804,
    -129.80401198863984,
    -97.02819614112377,
    -95.26229422688485,
    -64.74287507832051,
    -130.0469295233488,
    -67.49579456746578,
    -31.709196978807448,
    -55.692515805363655,
    -27.136540660262106,
    -57.21903651356697,
    -18.293547108059837,
    -33.316379353404045,
    7.493515341054826,
    -18.017837913263413,
    6.971457047895952,
    -14.350680041880835,
    0.32846381989392365,
    2.0613903023979883,
    5.492016648704356,
    18.263686817625295,
    13.327505553310568,
    22.061183576782543,
    25.53671158137529,
    30.88041604757309,
    20.44307527691126,
    31.181486139297487,
    24.74966866731644,
    24.834515042304993,
    25.62933202336232,
    37.17673193344048,
    38.33911012370011,
    42.58485405147076,
    45.465106872841716,
    41.13349732124444,
    48.828318864958625,
    44.933566599181205,
    42.77000944688916,
    44.1229373198567,
    47.28489104741149,
    48.03203705449899,
    39.775515019893646,
    47.85716151840546,
    45.203204318455285,
    50.62853400958212,
    45.91946658657657,
    43.53775740934141,
    48.94806158883231,
    47.63328157229857,
    48.50617306457983,
    46.68373878172466,
    48.349729976138555,
    48.498481752056826,
    43.40869954499331,
    50.02074885193039,
    50.093386590480804,
    50.32578485398679,
    43.56905195405406,
    38.006673917688175,
    38.37249168465215,
    40.28882231431849,
    39.77533328719437,
    42.32696463664373,
    46.505996410911145,
    47.04639783501625,
    47.318139713061484,
    50.061022992432115,
    48.38238971484335,
    48.920936740361725,
    35.48351853092512,
    41.68147389503086,
    40.997981304631516,
    41.1951185464859,
    45.94807988888508,
    45.09101243151559,
    48.800772107564484,
    48.14556751282591,
    48.468740940093994,
    50.82696923842797,
    48.76190201011864
  ],
  "epoch_costs": [
    0.0,
    0.0,
    0.0,
    0.0,
    0.0,
    0.0,
    0.0,
    0.0,
    0.0,
    0.0,
    0.0,
    0.0,
    0.0,
    0.0,
    0.0,
    0.0,
    0.0,
    0.0,
    0.0,
    0.0,
    0.0,
    0.0,
    0.0,
    0.0,
    0.0,
    0.0,
    0.0,
    0.0,
    0.0,
    0.0,
    0.0,
    0.0,
    0.0,
    0.0,
    0.0,
    0.0,
    0.0,
    0.0,
    0.0,
    0.0,
    0.0,
    0.0,
    0.0,
    0.0,
    0.0,
    0.0,
    0.0,
    0.0,
    0.0,
    0.0,
    0.0,
    0.0,
    0.0,
    0.0,
    0.0,
    0.0,
    0.0,
    0.0,
    0.0,
    0.0,
    0.0,
    0.03037877380847931,
    0.0,
    0.0,
    0.08584584966301918,
    0.4733969934284687,
    0.05460666567087173,
    0.4236063726246357,
    0.3571217700839043,
    0.1593988962471485,
    2.2248916208744047,
    1.6708776578307152,
    3.5725183941423895,
    4.7843907184898855,
    8.57712226137519,
    2.7276747316122054,
    8.426658245921136,
    12.317912860959769,
    12.579589045792819,
    14.323415005207062,
    11.478657847642898,
    19.0865835689363,
    18.657285813242197,
    20.480305416952994,
    19.38660899443286,
    21.367405472153965,
    25.995756494147436,
    25.42939101972363,
    30.644980384544894,
    28.208538411015812,
    32.158518607201785,
    30.568363535133276,
    26.922224997853238,
    31.11001001039277,
    25.236894242167473,
    33.88880028637747,
    29.49762421011925,
    25.23974928677082,
    27.452407597899438,
    29.285521335278947,
    24.31091954505869,
    21.301741680194592,
    20.431447259150445,
    17.079257746692747,
    16.514846247705545,
    15.167566061445646,
    18.22961727823272,
    20.066672302782536,
    18.94748290379842,
    13.561012863285011,
    12.060294849177202,
    20.751669878605753,
    16.699106469312134,
    13.534590973172868,
    10.122851221184982,
    12.030460943364435,
    20.12761264994289,
    12.15072917171887,
    13.497209870454038,
    11.251941626136368,
    15.55038861632347,
    12.031050324440002,
    10.727517769917062,
    20.05320740107334,
    15.280036876306815,
    12.461120799989313,
    12.480144697266656,
    31.370403949291475,
    39.094534882697566,
    32.50392975970622,
    21.54789742520627,
    29.67407294875011,
    28.911374441150464,
    15.526913290088242,
    12.353390856793052,
    12.564943794749285,
    8.864358543232083,
    8.75959435654314,
    12.385570679719631,
    43.76664819618066,
    27.574545314206798,
    26.51558667421341,
    31.007053872852616,
    14.67667980008834,
    18.468034710321163,
    10.577182857654034,
    11.123734724364782,
    11.891641504489458,
    9.050501859722994,
    12.365416641170913
  ],