{
  "algorithm": "ppo",
  "seed": 0,
  "epochs": 150,
  "epoch_returns": [
    -181.16702820658685,
    -179.27185105085374,
    -181.5505249351263,
    -178.0446420699358,
    -175.43353365063666,
    -177.4182698637247,
    -174.73831987977027,
    -171.6673109292984,
    -169.35637949109076,
    -171.8484645575285,
    -169.67590081691742,
    -171.53168614804744,
    -173.41955495774747,
    -173.696507447958,
    -168.79001867175103,
    -166.37190299928187,
    -165.68231582343577,
    -162.5284441947937,
    -167.01269728243352,
    -161.0195426404476,
    -158.70466469228268,
    -162.00699096024036,
    -165.98588960468769,
    -169.6796889036894,
    -162.49383821487427,
    -159.99211979210378,
    -165.90034072697162,
    -165.7171401053667,
    -166.23983651995658,
    -163.3385145485401,
    -162.50649391710758,
    -163.8439173221588,
    -161.5119517803192,
    -162.18499780595303,
    -163.98316974043846,
    -163.12239129543303,
    -166.41900268793106,
    -164.59644570946693,
    -163.8376364916563,
    -162.5761860370636,
    -160.63596495091915,
    -156.91207543611526,
    -155.39997922480106,
    -151.54275616407395,
    -154.89926949739456,
    -157.0338647544384,
    -156.19660313427448,
    -159.9443413734436,
    -155.72630834579468,
    -155.0917518168688,
    -156.82267228066922,
    -159.90394703149795,
    -155.59922665953636,
    -151.41601418554782,
    -154.89035602211953,
    -155.8549133092165,
    -153.45428470671177,
    -155.34259999394416,
    -153.60266808569432,
    -155.41459084153175,
    -154.32449241280557,
    -152.92836094796658,
    -154.94206068217756,
    -151.935540792346,
    -152.21577537357808,
    -153.3177904754877,
    -154.1383417457342,
    -153.10038102269172,
    -147.98686484396458,
    -145.3588525623083,
    -147.19163749814032,
    -147.73506213128567,
    -152.6507585465908,
    -146.08736336231232,
    -147.42940980494024,
    -147.8143759280443,
    -147.5193578630686,
    -146.45332200229169,
    -148.67114903330804,
    -146.6511869609356,
    -148.5429419785738,
    -151.4684914022684,
    -143.03757469654084,
    -145.17825239896774,
    -146.60938574969768,
    -141.66688891351222,
    -142.24391893148422,
    -134.05935197174549,
    -126.26497866511345,
    -138.5605609148741,
    -134.25775826871396,
    -129.95675730407237,
    -88.67299050092697,
    -87.11554942727089,
    -62.84516175687313,
    -61.09014931023121,
    -59.89699034392834,
    -39.73208390176296,
    -33.312150314450264,
    -19.92271444797516,
    -1.8774600681804476,
    -14.69643184813586,
    -5.084405164827,
    -0.0026228842527970023,
    14.082999484539032,
    15.435406352082888,
    16.824055410921574,
    18.625654608011246,
    16.727063566446304,
    14.945575955121413,
    28.486696211191322,
    23.404285622967613,
    30.023748165794782,
    34.4289540151755,
    39.251551788300276,
    36.53542855484732,
    47.3276451948811,
    39.895970249548554,
    40.35435125604272,
    37.442088240385054,
    41.43495547398925,
    41.458532491151026,
    43.589706885464054,
    41.201705107465386,
    43.621894558891654,
    42.039171036332846,
    42.83400698378682,
    46.868253672122954,
    48.242550504207614,
    44.49907120971969,
    47.92911478957615,
    45.15954619120149,
    43.400903282796634,
    45.114739302226475,
    47.63685109549098,
    43.48262928290801,
    46.092096962247574,
    48.70876788609737,
    43.694304050821245,
    47.62355877546703,
    44.44835763147899,
    46.546157620634354,
    49.00597679937208,
    47.23378277487225,
    49.42792742189608,
    47.967230362551554,
    51.4973069977116,
    46.374580366270884,
    48.60806265231725,
    49.36199238815823
  ],
  "epoch_solved_rates": [
    0.0,
    0.0,
    0.0,
    0.0,
    0.0,
    0.0,
    0.0,
    0.0,
    0.0,
    0.0,
    0.0,
    0.0,
    0.0,
    0.0,
    0.0,
    0.0,
    0.0,
    0.0,
    0.0,
    0.0,
    0.0,
    0.0,
    0.0,
    0.0,
    0.0,
    0.0,
    0.0,
    0.0,
    0.0,
    0.0,
    0.0,
    0.0,
    0.0,
    0.0,
    0.0,
    0.0,
    0.0,
    0.0,
    0.0,
    0.0,
    0.0,
    0.0,
    0.0,
    0.0,
    0.0,
    0.0,
    0.0,
    0.0,
    0.0,
    0.0,
    0.0,
    0.0,
    0.0,
    0.0,
    0.0,
    0.0,
    0.0,
    0.0,
    0.0,
    0.0,
    0.0,
    0.0,
    0.0,
    0.0,
    0.0,
    0.0,
    0.0,
    0.0,
    0.0,
    0.0,
    0.0,
    0.0,
    0.0,
    0.0,
    0.0,
    0.0,
    0.0,
    0.0,
    0.0,
    0.0,
    0.0,
    0.0,
    0.0,
    0.0,
    0.0,
    0.0,
    0.0,
    0.0,
    0.0,
    0.0,
    0.0,
    0.0,
    0.25,
    0.25,
    0.45,
    0.45,
    0.45,
    0.65,
    0.7,
    0.8,
    0.9047619047619048,
    0.8181818181818182,
    0.8636363636363636,
    0.8695652173913043,
    0.92,
    0.9583333333333334,
    0.9583333333333334,
    0.9230769230769231,
    0.9583333333333334,
    0.9565217391304348,
    1.0,
    0.9259259259259259,
    0.9642857142857143,
    0.9666666666666667,
    1.0,
    0.9655172413793104,
    1.0,
    1.0,
    1.0,
    1.0,
    1.0,
    1.0,
    1.0,
    1.0,
    1.0,
    1.0,
    1.0,
    1.0,
    1.0,
    1.0,
    1.0,
    1.0,
    1.0,
    1.0,
    1.0,
    1.0,
    1.0,
    1.0,
    1.0,
    1.0,
    1.0,
    1.0,
    1.0,
    1.0,
    1.0,
    1.0,
    1.0,
    1.0,
    1.0,
    1.0
  ],
  "wall_time_sec": 458.0985872745514,
  "config": {
    "epochs": 150,
    "steps_per_epoch": 4000,
    "max_ep_len": 200,
    "clip_ratio": 0.2,
    "pi_lr": 0.0003,
    "vf_lr": 0.001,
    "train_pi_iters": 80,
    "train_v_iters": 80,
    "gamma": 0.99,
    "lam": 0.95,
    "ent_coef": 0.01,
    "hidden_size": 64,
    "log_every": 5
  }
}