{
  "algorithm": "safe_ppo",
  "seed": 1,
  "epochs": 150,
  "epoch_returns": [
    -181.15941573381423,
    -177.8768933057785,
    -176.14828402400016,
    -170.49494977593423,
    -173.0246464252472,
    -168.74291935563087,
    -174.510206463933,
    -172.24835712313651,
    -165.70842125117778,
    -168.2063690751791,
    -164.44605781435968,
    -169.78515205979346,
    -167.7339858263731,
    -167.8313504129648,
    -164.43614293932916,
    -167.56833366155624,
    -171.13951558172704,
    -171.436211758852,
    -172.06537057459354,
    -166.97842442691325,
    -165.3195325553417,
    -167.679806175828,
    -163.73619923889638,
    -156.32545432150363,
    -158.24237242043017,
    -160.69481143653394,
    -153.6364449262619,
    -157.08002748787402,
    -158.2900613874197,
    -156.52810207903386,
    -161.6821619927883,
    -165.74124305844308,
    -161.57936422228812,
    -156.02078442573549,
    -159.34918235838413,
    -159.89401654303074,
    -159.06709077954292,
    -154.44996384680272,
    -154.83712641000747,
    -154.86527550816535,
    -154.95771222412586,
    -154.34671601355075,
    -156.36587990224362,
    -156.56796817779542,
    -157.74141106903554,
    -161.55077165961265,
    -158.71000935137272,
    -163.00514650940895,
    -161.37336325645447,
    -158.7154576778412,
    -156.04036030471326,
    -154.94684201180934,
    -154.39566761255264,
    -158.13922668099403,
    -151.50225560963153,
    -152.58705629706384,
    -154.04624405503273,
    -155.92096990644933,
    -151.8380240470171,
    -149.89136623442172,
    -154.11624958217143,
    -153.80938129127026,
    -152.20747630000113,
    -157.5248720228672,
    -152.38014410734178,
    -156.6821637183428,
    -154.48014318048953,
    -152.68522202372552,
    -151.80469931066037,
    -152.10398710668088,
    -149.57176751792431,
    -152.03334863185881,
    -152.75579723715782,
    -150.1270759880543,
    -148.74041271209717,
    -153.1853623062372,
    -151.33947264254093,
    -152.19425586164,
    -148.3105782866478,
    -149.52748043239117,
    -149.6078084409237,
    -147.5735470175743,
    -146.21037751436234,
    -148.25055774152278,
    -150.37790514230727,
    -148.16867339015008,
    -147.78918032050132,
    -148.39896373450756,
    -150.12844396531582,
    -147.41078734099864,
    -146.3847742676735,
    -149.91517381370068,
    -149.64125402271748,
    -148.40601374506952,
    -147.15190441310406,
    -146.28625588715076,
    -148.06632224023343,
    -149.08890573084355,
    -148.3267915725708,
    -147.46511728167533,
    -147.1954172760248,
    -147.1582026809454,
    -145.76589039564132,
    -148.55793278515338,
    -147.9784607797861,
    -148.57422205209733,
    -144.33967963457107,
    -147.83154047131538,
    -147.20082792043686,
    -143.56916849017142,
    -145.82503887116908,
    -148.26067937612532,
    -142.98312197625637,
    -144.89891124665738,
    -146.49471011161805,
    -147.13769652843476,
    -145.58608646690845,
    -144.13456572890283,
    -147.9072102278471,
    -134.7079715937376,
    -137.95325943529605,
    -131.62949771881102,
    -123.00740368962288,
    -127.35613938271999,
    -89.5247095644474,
    -85.42145150601864,
    -69.3482984572649,
    -73.08272813558578,
    -17.609117889404295,
    -27.642267206311224,
    -37.64957455992699,
    -24.284430415857408,
    -32.21403201421102,
    -14.209962745507559,
    4.864190575869187,
    -12.366074789138068,
    6.8329270631074905,
    12.489504199028016,
    4.54937115907669,
    16.59406489133835,
    21.506596961846718,
    18.220551268412517,
    20.781372954845427,
    19.169027123451233,
    25.575490002448742,
    32.90132163763046,
    37.243578750511695,
    40.645768342596114,
    39.44534112176588,
    40.771433003487125
  ],
  "epoch_costs": [
    0.0,
    0.0,
    0.0,
    0.0,
    0.0,
    0.0,
    0.0,
    0.0,
    0.0,
    0.0,
    0.0,
    0.0,
    0.0,
    0.0,
    0.0,
    0.0,
    0.0,
    0.0,
    0.0,
    0.0,
    0.0,
    0.0,
    0.0,
    0.0,
    0.0,
    0.0,
    0.0,
    0.0,
    0.0,
    0.0,
    0.0,
    0.0,
    0.0,
    0.0,
    0.0,
    0.0,
    0.0,
    0.0,
    0.0,
    0.0,
    0.0,
    0.0,
    0.0,
    0.0,
    0.0,
    0.0,
    0.0,
    0.0,
    0.0,
    0.0,
    0.0,
    0.0,
    0.0,
    0.0,
    0.0,
    0.0,
    0.0,
    0.0,
    0.0,
    0.0,
    0.0,
    0.0,
    0.0,
    0.0,
    0.0,
    0.0,
    0.0,
    0.0,
    0.0,
    0.0,
    0.0,
    0.0,
    0.0,
    0.0,
    0.0,
    0.0,
    0.0,
    0.0,
    0.0,
    0.0,
    0.0,
    0.0,
    0.0,
    0.0,
    0.0,
    0.0,
    0.0,
    0.0,
    0.0,
    0.0,
    0.0,
    0.0,
    0.0,
    0.0,
    0.0,
    0.0,
    0.0,
    0.0,
    0.0,
    0.0,
    0.0,
    0.0,
    0.0,
    0.0,
    0.0,
    0.0,
    0.0,
    0.0,
    0.0,
    0.0,
    0.0,
    0.0,
    0.0,
    0.0,
    0.0,
    0.0,
    0.0,
    0.13968417644500733,
    0.0,
    0.0,
    0.054100342094898224,
    0.31999360844492913,
    0.6263249352574348,
    0.8290061540901661,
    2.301014698296785,
    7.259766982495785,
    7.331717462837696,
    8.06636684536934,
    16.65054258033633,
    18.01353104561567,
    16.990553364157677,
    21.454257383942604,
    24.535542096410477,
    31.59050447813102,
    33.57676115955996,
    38.597891069593885,
    33.306817857548594,
    32.221757791638375,
    27.326953068375587,
    30.99767381966114,
    31.651191999132816,
    27.756345035364994,
    43.291350798010825,
    42.41017762184143,
    37.80629956493011,
    28.271330237885316,
    28.83662789494827,
    23.238483243819438,
    27.752417816269784,
    30.891795166557834
  ],