{
  "algorithm": "safe_ppo",
  "seed": 2,
  "epochs": 150,
  "epoch_returns": [
    -182.09104309380055,
    -175.3905889004469,
    -177.78103332221508,
    -182.91564144194126,
    -174.66826626360415,
    -173.63671619296073,
    -172.41422798633576,
    -168.21705767214297,
    -163.8852425247431,
    -160.51101704537868,
    -161.28573141992092,
    -162.60949911177158,
    -161.76764937937259,
    -166.44487417638302,
    -162.0841739922762,
    -156.08560016155243,
    -154.83456565737725,
    -152.63176240324975,
    -151.34966887533665,
    -153.74602256119252,
    -155.385299500823,
    -155.8338148266077,
    -154.1036154806614,
    -153.35979329347612,
    -151.02197758853436,
    -153.78304022550583,
    -149.87033478617667,
    -152.6819907516241,
    -147.8114713817835,
    -150.35221188962458,
    -147.501549834013,
    -147.8437544107437,
    -150.25563112795354,
    -152.04720921218396,
    -147.26524497270583,
    -150.46499708592893,
    -148.14980319142342,
    -150.6515150755644,
    -146.93395262360573,
    -147.02006287574767,
    -148.58434627950191,
    -146.6539131462574,
    -148.31986807584764,
    -147.38267669975758,
    -147.40682869255542,
    -146.5374951004982,
    -146.9511218190193,
    -147.50767591297625,
    -146.86373473405837,
    -143.85636574029922,
    -145.22729447185992,
    -143.7293100297451,
    -137.05113162994385,
    -132.69959551095963,
    -128.93594234287738,
    -126.12059300839901,
    -129.04318729937077,
    -127.25202699303627,
    -125.4058811903,
    -123.0224148452282,
    -129.39938646554947,
    -122.082674908638,
    -119.66402685940265,
    -112.73069154918194,
    -111.63804909586906,
    -109.10084870755672,
    -105.4992783010006,
    -105.87699651122094,
    -100.0947581142187,
    -94.3281554877758,
    -90.62266439795494,
    -88.95065976083279,
    -84.76963133811951,
    -71.43519498407841,
    -60.897336181998256,
    -24.352448695898055,
    -4.871849477291107,
    13.347245982715062,
    9.946754336357117,
    17.95276153939111,
    8.868267276070334,
    0.1194400977004658,
    21.33905301145885,
    6.907241961230403,
    22.59340903411309,
    19.009705742200214,
    -0.530299723148346,
    28.2715119100534,
    25.449362339881752,
    31.45566423597007,
    39.10975140717722,
    41.29822046868503,
    39.677775824069975,
    41.68588582674662,
    41.86672521459645,
    49.62881142623497,
    42.42299629189074,
    43.87418402010395,
    44.61255478474401,
    44.65728885127652,
    46.49450598043554,
    45.924850213177066,
    47.74108772418078,
    48.30817853742175,
    44.09853832511341,
    49.371664875083496,
    42.437747039113724,
    48.36544896875109,
    46.26650783845356,
    48.5179946836498,
    49.79847317271762,
    47.545502632004876,
    50.331805389788414,
    51.53060516549481,
    51.78407274065791,
    52.77279217619645,
    50.73118235291661,
    51.21768532144396,
    51.879797191996325,
    47.17083467074803,
    47.3275110568319,
    50.67999435920973,
    49.73284449066435,
    51.903248604890464,
    49.23700931412833,
    49.9699883586482,
    51.82312522166305,
    43.14480503834784,
    46.76906149352298,
    47.76608546574911,
    47.8512967709038,
    51.19932407611295,
    50.97379990157328,
    49.00137082369704,
    41.15482674439748,
    42.358415458351374,
    41.337307656964946,
    45.07648627587727,
    39.74674657980601,
    45.074358237140316,
    47.13964663914272,
    49.42740872905061,
    47.030707337175095,
    47.96863728430536,
    48.071970089485774,
    47.830455391793635,
    49.559822397354324,
    50.261375308036804,
    49.843232333660126,
    50.65035518774619
  ],
  "epoch_costs": [
    0.0,
    0.0,
    0.0,
    0.0,
    0.0,
    0.0,
    0.0,
    0.0,
    0.0,
    0.0,
    0.0,
    0.0,
    0.0,
    0.0,
    0.0,
    0.0,
    0.0,
    0.0,
    0.0,
    0.0,
    0.0,
    0.0,
    0.0,
    0.0,
    0.0,
    0.0,
    0.0,
    0.0,
    0.0,
    0.0,
    0.0,
    0.0,
    0.0,
    0.0,
    0.0,
    0.0,
    0.0,
    0.0,
    0.0,
    0.0,
    0.0,
    0.0,
    0.0,
    0.0,
    0.0,
    0.0,
    0.0,
    0.0,
    0.0,
    0.015373528003692627,
    0.0,
    0.7920909315347672,
    0.8896592788398265,
    2.162968009710312,
    3.3137950740754603,
    3.6689780175685884,
    2.724337146431208,
    3.4132768362760544,
    2.802365292608738,
    2.5645676903426646,
    2.5673803970217706,
    2.787718503177166,
    3.8854489475488663,
    8.516624351590872,
    7.88250682502985,
    9.11415784060955,
    13.884461122751237,
    13.183756785094738,
    15.16866236180067,
    20.219965694844724,
    21.619033402204515,
    24.570628668367863,
    23.535553795844315,
    29.589934109151365,
    31.329648393392564,
    29.261822460591794,
    35.49578889707724,
    30.423116060239927,
    35.6808197143532,
    42.65546346065544,
    32.920778432352975,
    37.732782732356675,
    30.703959461139597,
    27.45161353310813,
    26.2067490555346,
    34.24249528348446,
    35.19459771923721,
    31.09485649317503,
    26.531101022775356,
    25.1154923999104,
    19.24941363498088,
    19.271196512971073,
    22.605966055889926,
    27.398823902010918,
    30.45292275835728,
    16.359769549785238,
    23.21713298978284,
    28.837768806565194,
    28.36133767376023,
    28.344465572987833,
    20.268451154670295,
    22.361895718556994,
    21.935893201652696,
    21.179031116267044,
    22.762366952703278,
    19.542782769848902,
    21.789786559343337,
    20.516213637590408,
    20.259536932195935,
    19.963614591707785,
    18.531182733674843,
    22.016006817987986,
    19.316238676094347,
    19.218877363950014,
    17.811235452423226,
    14.04307056179172,
    16.60538508320177,
    19.21312098989361,
    17.291638089638006,
    24.587092041543553,
    22.80075295354639,
    20.012625612922616,
    24.126240268349648,
    18.261059755409086,
    24.459472945758275,
    20.358977165269224,
    21.12700064563089,
    38.491245694924146,
    29.699044728103807,
    23.836923118680716,
    23.843592931826908,
    19.64865824423338,
    18.883257009481127,
    20.236032023241645,
    46.24816818535328,
    36.45698327058926,
    38.67802858304593,
    27.397548527376994,
    43.6347160667181,
    31.45435518026352,
    24.61567989034312,
    17.829255258312095,
    23.12676375934056,
    22.450191352516413,
    16.472535035327862,
    19.026028441013516,
    13.768130963429426,
    16.048135876263444,
    10.237062285725887,
    9.337425662921024
  ],