{
  "algorithm": "safe_ppo",
  "seed": 2,
  "epochs": 150,
  "epoch_returns": [
    -182.09104309380055,
    -175.23063633143903,
    -176.77028095126153,
    -182.80221459567548,
    -174.44497135579587,
    -173.04874728322028,
    -172.48121506869794,
    -168.93502784073354,
    -169.4190052330494,
    -163.23177237808704,
    -162.46970287263395,
    -166.54240665733815,
    -169.4289843916893,
    -172.50042057931424,
    -174.29192091226577,
    -171.3716107159853,
    -168.72224453389646,
    -166.069024258852,
    -162.9187863647938,
    -162.35866395831107,
    -165.81314219832421,
    -164.85915232896804,
    -165.69552265405656,
    -163.7628671616316,
    -165.87419119477272,
    -167.62629489302634,
    -161.70422036349774,
    -163.588921892643,
    -161.5134673476219,
    -161.64004012346268,
    -157.21544857621194,
    -159.08094547986985,
    -163.2799527078867,
    -168.67883593142034,
    -162.5199949890375,
    -166.9973155140877,
    -165.72955818474293,
    -170.36851801276208,
    -163.8184705287218,
    -160.7549599647522,
    -164.19996480345725,
    -159.69097878038883,
    -163.93822696208954,
    -160.4570203512907,
    -160.58262161910534,
    -156.92511383891105,
    -159.8032542258501,
    -154.85048158466816,
    -158.57542904317378,
    -154.49786039292812,
    -154.45819598436356,
    -156.93038434386253,
    -148.60686474740504,
    -147.71789153814316,
    -133.47559822201728,
    -128.2560306996107,
    -117.40342509150506,
    -119.46020010113716,
    -70.60916649159931,
    -45.36502375810043,
    -61.47308921001174,
    -32.18252164384593,
    -45.45745878893396,
    -11.589206198851267,
    -27.130393798152607,
    -2.5157983708381653,
    -60.88994971730492,
    2.796453981399536,
    14.49907395702142,
    -27.76304647196894,
    -6.828623545666535,
    11.474052243232727,
    -19.623396672308445,
    -15.252112604677677,
    16.811311985437687,
    0.28926969289779664,
    15.75278398165336,
    24.4491565823555,
    4.119382174015045,
    10.679902045726775,
    20.58660854972326,
    10.842104790302423,
    17.9194464637683,
    25.496052803816617,
    24.4826856645254,
    22.514411999629093,
    26.186422738764023,
    15.103117365103502,
    22.989110346193666,
    28.29220790774734,
    26.643454628962058,
    26.530977807663106,
    32.49221180379391,
    30.784946856754168,
    30.999831035733223,
    33.043311388328156,
    35.854056066480176,
    36.743398491413366,
    37.97193645834923,
    36.37855896949768,
    36.61358391622017,
    38.77440208004367,
    38.52406672040622,
    34.08345446387927,
    39.870790679608625,
    37.87840306182061,
    37.00257267554601,
    32.696726811343225,
    38.35865377226183,
    35.60362606471585,
    40.771240366622806,
    38.86408411463102,
    39.53893693993169,
    39.648500842432824,
    40.50602957420051,
    39.48985814086853,
    43.70956098288298,
    47.026661674718596,
    43.83143091201782,
    40.59988979317925,
    45.54288897093605,
    47.084255135721634,
    47.77147943278154,
    50.15869332487519,
    46.846518239554236,
    45.369015509741644,
    50.03155758551189,
    46.56157136474337,
    45.81379105481837,
    47.92924919881319,
    49.66767885394999,
    51.913400111971676,
    47.87227853366307,
    48.58695646292634,
    43.879340975625176,
    47.0145020162737,
    45.140856637273515,
    45.26174351407422,
    45.89318038786159,
    46.504170701691976,
    46.529050808813835,
    43.65023785318647,
    46.19842955389538,
    45.46514233866253,
    47.236115595227794,
    48.783405429277664,
    50.46271884288543,
    41.614705253731124,
    39.58130989343889,
    41.226830812061536
  ],
  "epoch_costs": [
    0.0,
    0.0,
    0.0,
    0.0,
    0.0,
    0.0,
    0.0,
    0.0,
    0.0,
    0.0,
    0.0,
    0.0,
    0.0,
    0.0,
    0.0,
    0.0,
    0.0,
    0.0,
    0.0,
    0.0,
    0.0,
    0.0,
    0.0,
    0.0,
    0.0,
    0.0,
    0.0,
    0.0,
    0.0,
    0.0,
    0.0,
    0.0,
    0.0,
    0.0,
    0.0,
    0.0,
    0.0019730255007743835,
    0.0,
    0.0,
    0.15388607904314994,
    0.0,
    0.0,
    0.0,
    0.0,
    0.0,
    0.0,
    0.0,
    0.0,
    0.0,
    0.9464636340737342,
    0.1258552260696888,
    0.5868641577661038,
    3.3213901527225973,
    4.920215378701687,
    19.251952006667853,
    27.409521962702275,
    33.16734306514263,
    39.402160722762346,
    41.77562285746847,
    39.12089203233304,
    46.654492883519694,
    38.91185724216959,
    39.674677909716316,
    43.06262853989998,
    41.51441776752472,
    44.37566888451576,
    40.180099704726175,
    44.799266104698184,
    43.30944855110003,
    46.645195593004644,
    43.772533943876624,
    42.84989116311073,
    43.202805245916046,
    40.49115148683389,
    44.86882495307005,
    44.6068280017376,
    45.811314814938946,
    47.986147573700656,
    43.938488654494286,
    47.43814025580883,
    53.56203482128107,
    46.89707723546486,
    50.94717080088762,
    52.95304853772676,
    51.67906163690182,
    51.89655484660314,
    49.599753445497264,
    50.66758320824458,
    52.48615800451349,
    54.13822694950633,
    58.7672309262885,
    58.767558720376755,
    57.71837207994291,
    54.50641719517963,
    58.10623376763293,
    51.94039894383529,
    52.90031969547272,
    49.062761597095,
    51.76617247313261,
    49.6447838490208,
    57.241744586106,
    48.59972333860013,
    50.732706721623735,
    50.389904634157816,
    46.000896445205136,
    41.70957932741411,
    46.497182349860665,
    50.73369606147553,
    42.65496990324989,
    44.51450169182593,
    43.16096570249647,
    49.87299828579028,
    49.277666965799945,
    44.71000379179755,
    40.278873055242,
    40.01908811590364,
    39.845558918081224,
    24.18072090801355,
    34.06603728760691,
    36.578915790174946,
    34.53758001941092,
    26.141509110314978,
    25.777317518989246,
    23.35962105159824,
    34.95550627129919,
    34.27422165998391,
    27.38089122048446,
    29.114421012997628,
    28.94388274475932,
    21.191166213076364,
    22.71013370156288,
    21.394564980590665,
    29.279962428127018,
    28.185061200625366,
    27.514084632481847,
    23.045159627859658,
    29.046954406159266,
    20.00652904104855,
    24.29455252649153,
    20.350757161645515,
    26.24030628386471,
    27.91898763860975,
    20.97632947564125,
    20.79080078327978,
    15.96605240318336,
    14.452923180965277,
    14.460655076763569,
    33.87402206930247,
    39.89810416486956,
    29.03794010509463
  ],