{
  "algorithm": "ppo",
  "seed": 2,
  "epochs": 150,
  "epoch_returns": [
    -179.19720993936062,
    -180.04670798182488,
    -180.65202256143093,
    -182.9640126734972,
    -175.62547501027584,
    -177.94606408178805,
    -179.31869673430919,
    -179.90935133993625,
    -180.2870200574398,
    -176.89050548970698,
    -179.10743126273155,
    -177.66695993244647,
    -174.0469491392374,
    -174.6199613124132,
    -176.09099339544773,
    -174.96813428997993,
    -171.58251071870328,
    -173.24919808208944,
    -179.57425478100777,
    -172.28104741573333,
    -170.70561919510365,
    -171.26744179725648,
    -172.41571761071683,
    -170.19481749236584,
    -169.95153435766696,
    -169.29047074615954,
    -170.22348505556585,
    -165.59842510819436,
    -166.67379694283008,
    -165.03959347009658,
    -166.82993285357952,
    -166.01640742719172,
    -165.14104671776295,
    -160.73094970583915,
    -162.87346948683262,
    -161.00992848277093,
    -162.72316626310348,
    -161.7658029049635,
    -165.41558474302292,
    -165.02111338078976,
    -163.97015029489995,
    -163.11328713297843,
    -162.6286134749651,
    -164.21693383455278,
    -164.14848197698592,
    -164.55391404926777,
    -162.3923648685217,
    -163.8667315632105,
    -161.49467137157916,
    -161.03846369385718,
    -163.06447575986385,
    -160.9651631683111,
    -160.5002519965172,
    -161.07027179002762,
    -160.23898670077324,
    -163.02632473409176,
    -161.6229828298092,
    -161.92604874372483,
    -161.04162197113038,
    -160.76883313059807,
    -159.46009395122528,
    -160.24273529052735,
    -159.45752543509008,
    -160.88333241045476,
    -160.91478656828403,
    -160.9834892272949,
    -159.69795508682728,
    -160.397877317667,
    -159.87894447147846,
    -161.54674678444863,
    -161.89377355277537,
    -161.00108614265918,
    -159.58739936947822,
    -159.2344267040491,
    -161.3886762857437,
    -157.17601075172425,
    -160.447444242239,
    -157.49581113755704,
    -161.77649722397328,
    -158.87965576052665,
    -159.52344318330287,
    -161.38813379704953,
    -159.20102614164352,
    -158.76207102239132,
    -160.31833111941813,
    -160.74360495507716,
    -160.97030101716518,
    -159.0799350321293,
    -160.9800428390503,
    -160.2225205540657,
    -161.69392215013505,
    -158.93682930469512,
    -158.791422316432,
    -159.98722266852855,
    -158.82484549582006,
    -159.04095237255098,
    -159.85212821662427,
    -160.53133995234967,
    -158.56719929873944,
    -162.7165998607874,
    -159.39150014221667,
    -161.61055569648744,
    -160.335807582736,
    -160.03172050118445,
    -161.7087480902672,
    -159.68152332305908,
    -161.45429171323775,
    -158.01480071544648,
    -160.76524176597596,
    -157.59022515714167,
    -160.51991035044193,
    -160.02992237508298,
    -160.50903922915458,
    -158.96197075545788,
    -162.45070319473743,
    -159.55115718841552,
    -159.82504253387452,
    -161.39886181354524,
    -160.37781851887704,
    -160.20142968595027,
    -161.6429971963167,
    -160.4229090720415,
    -161.35957856476307,
    -160.08027672171593,
    -161.98413724303245,
    -159.75913857519626,
    -160.37432472109793,
    -160.46479951441287,
    -161.945126247406,
    -159.0268102169037,
    -159.57094067633153,
    -160.3410705924034,
    -160.86561390459536,
    -162.3474353402853,
    -157.84579833447933,
    -161.6508197516203,
    -160.91034623086452,
    -161.75202170610427,
    -161.29072305858136,
    -162.30759624838828,
    -159.35255534946918,
    -160.76968597471713,
    -160.68606330752374,
    -160.6178864300251,
    -161.1551621377468,
    -159.15414162874222,
    -160.33647649884225,
    -159.07050357759,
    -158.97263943552971,
    -160.3765065819025
  ],
  "epoch_costs": [
    0.0,
    0.0,
    0.0,
    0.0,
    0.0,
    0.0,
    0.0,
    0.0,
    0.0,
    0.0,
    0.0,
    0.0,
    0.0,
    0.0,
    0.0,
    0.0,
    0.0,
    0.0,
    0.0,
    0.0,
    0.0,
    0.0,
    0.0,
    0.0,
    0.0,
    0.0,
    0.0,
    0.0,
    0.0,
    0.0,
    0.0,
    0.0,
    0.0,
    0.0,
    0.0,
    0.0,
    0.0,
    0.0,
    0.0,
    0.0,
    0.0,
    0.0,
    0.0,
    0.0,
    0.0,
    0.0,
    0.0,
    0.0,
    0.0,
    0.0,
    0.0,
    0.0,
    0.0,
    0.0,
    0.0,
    0.0,
    0.0,
    0.0,
    0.0,
    0.0,
    0.0,
    0.0,
    0.0,
    0.0,
    0.0,
    0.0,
    0.0,
    0.0,
    0.0,
    0.0,
    0.0,
    0.0,
    0.0,
    0.0,
    0.0,
    0.0,
    0.0,
    0.0,
    0.0,
    0.0,
    0.0,
    0.0,
    0.0,
    0.0,
    0.0,
    0.0,
    0.0,
    0.0,
    0.0,
    0.0,
    0.0,
    0.0,
    0.0,
    0.0,
    0.0,
    0.0,
    0.0,
    0.0,
    0.0,
    0.0,
    0.0,
    0.0,
    0.0,
    0.0,
    0.0,
    0.0,
    0.0,
    0.0,
    0.0,
    0.0,
    0.0,
    0.0,
    0.0,
    0.0,
    0.0,
    0.0,
    0.0,
    0.0,
    0.0,
    0.0,
    0.0,
    0.0,
    0.0,
    0.0,
    0.0,
    0.0,
    0.0,
    0.0,
    0.0,
    0.0,
    0.0,
    0.0,
    0.0,
    0.0,
    0.0,
    0.0,
    0.0,
    0.0,
    0.0,
    0.0,
    0.0,
    0.0,
    0.0,
    0.0,
    0.0,
    0.0,
    0.0,
    0.0,
    0.0,
    0.0
  ],
  "epoch_solved_rates": [
    0.0,
    0.0,
    0.0,
    0.0,
    0.0,
    0.0,
    0.0,
    0.0,
    0.0,
    0.0,
    0.0,
    0.0,
    0.0,
    0.0,
    0.0,
    0.0,
    0.0,
    0.0,
    0.0,
    0.0,
    0.0,
    0.0,
    0.0,
    0.0,
    0.0,
    0.0,
    0.0,
    0.0,
    0.0,
    0.0,
    0.0,
    0.0,
    0.0,
    0.0,
    0.0,
    0.0,
    0.0,
    0.0,
    0.0,
    0.0,
    0.0,
    0.0,
    0.0,
    0.0,
    0.0,
    0.0,
    0.0,
    0.0,
    0.0,
    0.0,
    0.0,
    0.0,
    0.0,
    0.0,
    0.0,
    0.0,
    0.0,
    0.0,
    0.0,
    0.0,
    0.0,
    0.0,
    0.0,
    0.0,
    0.0,
    0.0,
    0.0,
    0.0,
    0.0,
    0.0,
    0.0,
    0.0,
    0.0,
    0.0,
    0.0,
    0.0,
    0.0,
    0.0,
    0.0,
    0.0,
    0.0,
    0.0,
    0.0,
    0.0,
    0.0,
    0.0,
    0.0,
    0.0,
    0.0,
    0.0,
    0.0,
    0.0,
    0.0,
    0.0,
    0.0,
    0.0,
    0.0,
    0.0,
    0.0,
    0.0,
    0.0,
    0.0,
    0.0,
    0.0,
    0.0,
    0.0,
    0.0,
    0.0,
    0.0,
    0.0,
    0.0,
    0.0,
    0.0,
    0.0,
    0.0,
    0.0,
    0.0,
    0.0,
    0.0,
    0.0,
    0.0,
    0.0,
    0.0,
    0.0,
    0.0,
    0.0,
    0.0,
    0.0,
    0.0,
    0.0,
    0.0,
    0.0,
    0.0,
    0.0,
    0.0,
    0.0,
    0.0,
    0.0,
    0.0,
    0.0,
    0.0,
    0.0,
    0.0,
    0.0,
    0.0,
    0.0,
    0.0,
    0.0,
    0.0,
    0.0
  ],
  "wall_time_sec": 247.60654258728027,
  "config": {
    "epochs": 150,
    "steps_per_epoch": 4000,
    "max_ep_len": 200,
    "clip_ratio": 0.2,
    "pi_lr": 0.0003,
    "vf_lr": 0.001,
    "train_pi_iters": 80,
    "train_v_iters": 80,
    "gamma": 0.99,
    "lam": 0.95,
    "ent_coef": 0.0,
    "hidden_size": 64,
    "max_speed": 0.04,
    "log_every": 5,
    "record_every": 10
  }
}