{
  "algorithm": "safe_ppo",
  "seed": 0,
  "epochs": 150,
  "epoch_returns": [
    -178.75869366526604,
    -179.44596580862998,
    -182.18146968483924,
    -180.46447175741196,
    -175.72168676257132,
    -175.62250612676144,
    -173.5661800056696,
    -174.69993035793306,
    -176.48675939142703,
    -174.29050022065638,
    -169.39211119115353,
    -174.37626865804197,
    -174.21569142639638,
    -177.1588758945465,
    -177.0896978676319,
    -177.02273301780224,
    -173.87574377655983,
    -175.53353244364263,
    -176.38810562491417,
    -175.15757104754448,
    -166.3177624017,
    -166.484122723341,
    -161.53171450793744,
    -169.88029200732709,
    -171.77513268887998,
    -161.36265869438648,
    -160.16932115256787,
    -158.49419537782668,
    -160.34600715339184,
    -154.39280862510205,
    -157.4304074972868,
    -160.08020910322665,
    -156.584238705039,
    -156.09205560684205,
    -148.02606739997864,
    -153.4693892866373,
    -155.7470601975918,
    -154.24770927727224,
    -153.94867169559,
    -152.77348549962045,
    -142.03383678793907,
    -149.63492939472198,
    -139.19814033210278,
    -134.38848342895508,
    -130.75923441052436,
    -108.82282676398754,
    -97.24621637165546,
    -132.3309831291437,
    -127.56998795568943,
    -105.14952706694604,
    -70.5269074354853,
    -106.55390288829804,
    -137.14282271265984,
    -144.44746290147305,
    -124.62554099559785,
    -140.72399632334708,
    -135.52213844656944,
    -137.22332607507707,
    -110.37086466550826,
    -115.99255174994468,
    -126.40920673012734,
    -102.09119400978088,
    -131.02627831101418,
    -132.8350323498249,
    -110.62895918190479,
    -106.63547914922238,
    -92.19985308647156,
    -113.9363312035799,
    -103.6598282724619,
    -114.2325092613697,
    -92.4505710721016,
    -66.47882902906055,
    -63.53207531869411,
    -73.86501307785511,
    -42.368471348285674,
    -47.23609293401241,
    -55.76044112145901,
    -60.38168779015541,
    -24.876492477598646,
    1.6275371960971667,
    -19.122285563837398,
    -21.333451371301305,
    -9.097810319878839,
    -26.079274626005265,
    -44.227769672870636,
    -24.11090801249851,
    5.2707156638304395,
    2.350969428817431,
    20.43436989417443,
    21.89065886868371,
    16.93889608860016,
    17.660438349613777,
    1.373409680698229,
    -35.57781451127746,
    -17.212570387384165,
    -4.3445961475372314,
    -3.0042619332671165,
    -0.33310937384764355,
    0.7621001625061035,
    6.65919813972253,
    3.640448272228241,
    -5.610600451628367,
    14.810158459039835,
    26.505845140133584,
    24.30791367803301,
    11.337678098252841,
    14.632896015277275,
    11.564539402723312,
    3.4937598371505736,
    13.193006804356209,
    4.006400520984943,
    1.121114785854633,
    27.114711870040214,
    13.983107520983769,
    -23.062536713869676,
    5.901280847879557,
    27.31112314298235,
    22.456869466551417,
    25.442150290523255,
    23.078666937762293,
    29.441764948623522,
    12.55710429591792,
    21.22969481561865,
    26.541289604943373,
    26.62250699668095,
    28.98801273504893,
    17.600416697837687,
    22.99970187812016,
    24.17531768039421,
    32.635104197263715,
    39.591186955571175,
    25.296402164867946,
    28.199351125529834,
    29.376282583022938,
    8.71124286784066,
    6.0083651428039255,
    18.770970178975,
    32.63423971335093,
    34.14851224230182,
    46.062289623653186,
    36.73497586324811,
    27.4313785970211,
    11.991949732656833,
    10.71867119382929,
    31.110616339791207,
    20.86663784512452,
    16.2795068776166,
    19.056975110813422,
    5.5485948494502475,
    1.1332837389065669
  ],
  "epoch_costs": [
    0.0,
    0.0,
    0.0,
    0.0,
    0.0,
    0.0,
    0.0,
    0.0,
    0.0,
    0.0,
    0.0,
    0.0,
    0.0,
    0.0,
    0.0,
    0.0,
    0.0,
    0.0,
    0.0,
    0.0,
    0.0,
    0.0,
    0.0,
    0.0,
    0.0,
    0.0,
    0.0,
    0.0,
    0.014918707311153412,
    0.0,
    0.0,
    0.0,
    0.0,
    0.0,
    0.01593794673681259,
    0.0078043341636657715,
    0.0,
    0.1129991017282009,
    0.053952038288116455,
    0.033760275691747665,
    0.1155475340783596,
    0.17673267051577568,
    0.8926427736878395,
    1.7911148481070995,
    2.635400912165642,
    3.9668859213590624,
    2.0157383643090725,
    1.6588427387177944,
    0.8707042686641217,
    1.3705020651221276,
    1.7056325745014917,
    1.134671936184168,
    1.0009389966726303,
    1.095326005667448,
    1.4213760904967785,
    0.5478381954133511,
    0.7062112897634506,
    0.6418697535991669,
    0.827167846262455,
    1.1842641219496728,
    1.5343236356973649,
    0.7824439160525799,
    0.6983177348971367,
    1.3188886806368827,
    0.5252263888716697,
    1.7586465746164321,
    1.3573938772082328,
    1.3770086377859116,
    4.447845887392759,
    4.271535279601812,
    5.405595863610506,
    3.845849245786667,
    9.207569564133882,
    6.776979274302721,
    8.933773519098759,
    7.057957527041435,
    6.678892730921507,
    5.625396192073822,
    10.00396654080777,
    5.41041215930296,
    7.461833829229528,
    5.704598455943844,
    5.423029573803598,
    5.357957464598474,
    5.134127814145315,
    4.062333020296964,
    3.0882045154770217,
    4.181685500467817,
    3.9513781821498504,
    3.182728461093373,
    4.152390318512917,
    3.7219631259257975,
    4.26247273903826,
    2.5168809816241264,
    3.461635559797287,
    3.164618526274959,
    3.940004369864861,
    3.4025074734042087,
    2.413802444934845,
    2.464742475404189,
    4.090631999373436,
    3.010630022113522,
    3.1818448838133078,
    2.998162173799106,
    2.3190266271787032,
    2.6551883252603665,
    1.4743767478145087,
    1.355522986788016,
    0.4003874808549881,
    0.9350766344712331,
    1.1315516944114978,
    0.9136593817518308,
    1.2977541844759668,
    1.6247337724153812,
    0.1934541139913642,
    0.9498717710375786,
    0.8375223227616014,
    1.2048917017106353,
    0.6045336180499622,
    1.3732035761249477,
    1.1392674909106322,
    1.0518788753875665,
    1.5339590476027556,
    1.7200003810997666,
    1.6670116982583343,
    1.660391516983509,
    1.260276089111964,
    1.2095779586454918,
    1.5153934552713677,
    1.5058604637781778,
    1.5845047319307923,
    1.011715109859194,
    1.0719890440148967,
    1.2148531860318676,
    0.597047872013516,
    0.7357879321162517,
    0.2606777548789978,
    0.7224720468123754,
    1.0805323085477274,
    1.1256392317659714,
    1.7232633871026337,
    1.7379029408097266,
    1.8968549403879378,
    1.2071890400515661,
    1.402605135594645,
    1.8819313496351242,
    1.3833732257286708,
    1.472941169584239,
    1.0767842616353716,
    1.1881870140249913
  ],