{
  "algorithm": "ppo",
  "seed": 0,
  "epochs": 150,
  "epoch_returns": [
    -181.16702820658685,
    -179.0182589918375,
    -182.16606357991697,
    -177.976168012619,
    -175.63726612627505,
    -177.05686263144017,
    -175.27353697121143,
    -172.09463878571987,
    -170.7698649585247,
    -175.53585565686225,
    -174.56686586141586,
    -177.85191145837308,
    -174.8235615938902,
    -175.37964738309384,
    -171.19082955420018,
    -169.09689683318138,
    -167.98775712847709,
    -163.86574633717538,
    -168.13595619797707,
    -160.70550613105297,
    -158.5158754169941,
    -161.4676893800497,
    -164.19283123016356,
    -169.76873430013657,
    -162.90498356819154,
    -160.18842674493789,
    -164.99477635622026,
    -166.72825032770635,
    -167.2377042502165,
    -164.23691461682319,
    -163.5039449810982,
    -164.65781218409538,
    -163.60287808477878,
    -163.7788682192564,
    -160.66202952563762,
    -160.0726296275854,
    -163.33829212784767,
    -164.65071931183337,
    -161.78569323122503,
    -159.85144111812116,
    -159.06817277669907,
    -155.89579844474792,
    -154.25703011453152,
    -150.29184796512126,
    -153.49313673377037,
    -156.36646133363246,
    -154.85919454693794,
    -157.33989411890508,
    -156.51444889009,
    -155.0076295852661,
    -156.00209740102292,
    -158.49608844220637,
    -155.169387114048,
    -150.82672871649265,
    -154.62659904658796,
    -155.67927320301533,
    -154.69086415469647,
    -158.68475554585456,
    -157.27478224635124,
    -160.9869089871645,
    -161.20025194883345,
    -159.1310807585716,
    -159.00541148483754,
    -158.98060969412327,
    -163.00610546171666,
    -167.63844853341578,
    -166.79553903341292,
    -162.15518895685673,
    -158.54161289334297,
    -155.26155326366424,
    -158.3877376049757,
    -159.3342061072588,
    -164.68473717570305,
    -161.0078729569912,
    -166.9154852926731,
    -168.6408999979496,
    -169.19203293025492,
    -166.4519787043333,
    -168.55310938358306,
    -161.30309543609619,
    -160.72896353900433,
    -164.4790681242943,
    -157.14338661134244,
    -156.29263591170312,
    -154.01728121638297,
    -153.06808050572872,
    -152.76763198673726,
    -150.1950138270855,
    -150.5364924043417,
    -155.20732148587703,
    -154.19513669312,
    -153.99069725871087,
    -152.98683019280435,
    -150.4222906053066,
    -153.74904769361018,
    -149.58817260563373,
    -147.6317497998476,
    -152.12189053595066,
    -150.5325643658638,
    -148.3661624699831,
    -148.4294322580099,
    -147.7328564941883,
    -148.4963000267744,
    -146.8005339831114,
    -149.01579375863076,
    -147.51774140298366,
    -147.44837220013142,
    -146.34272867143153,
    -147.900283947587,
    -147.53621706068515,
    -148.88123230040074,
    -150.89510981142521,
    -147.04527521431447,
    -148.51682426929474,
    -145.9673454463482,
    -147.9511322826147,
    -147.19944967031478,
    -145.5094793587923,
    -143.91404611170293,
    -146.61554474830626,
    -147.64653842151165,
    -144.69205893576145,
    -144.08028761148452,
    -145.65438345074654,
    -145.89987414181232,
    -146.3160790324211,
    -145.91737957894802,
    -147.33626214563847,
    -146.32361930906774,
    -146.16999290585517,
    -145.88928358852863,
    -144.23595849871634,
    -148.5805829256773,
    -147.53950816094874,
    -150.41923069059848,
    -148.68019729554652,
    -146.54657777547837,
    -149.7056404799223,
    -148.00618742704393,
    -147.84041217267514,
    -145.3707962781191,
    -144.88585713505745,
    -145.47046136558055,
    -146.145146971941,
    -146.53961404263973,
    -144.66817446947098,
    -145.81182223558426,
    -147.8565682053566,
    -146.4135274142027,
    -146.30373591184616
  ],
  "epoch_costs": [
    0.0,
    0.0,
    0.0,
    0.0,
    0.0,
    0.0,
    0.0,
    0.0,
    0.0,
    0.0,
    0.0,
    0.0,
    0.0,
    0.0,
    0.0,
    0.0,
    0.0,
    0.0,
    0.0,
    0.0,
    0.0,
    0.0,
    0.0,
    0.0,
    0.0,
    0.0,
    0.0,
    0.0,
    0.0,
    0.0,
    0.0,
    0.0,
    0.0,
    0.0,
    0.0,
    0.0,
    0.0,
    0.0,
    0.0,
    0.0,
    0.0,
    0.0,
    0.0,
    0.0,
    0.0,
    0.0,
    0.0,
    0.0,
    0.0,
    0.0,
    0.0,
    0.0,
    0.0,
    0.0,
    0.0,
    0.0,
    0.0,
    0.0,
    0.0,
    0.0,
    0.0,
    0.0,
    0.0,
    0.0,
    0.0,
    0.0,
    0.0,
    0.0,
    0.0,
    0.0,
    0.0,
    0.0,
    0.0,
    0.0,
    0.0,
    0.0,
    0.0,
    0.0,
    0.0,
    0.0,
    0.0,
    0.0,
    0.0,
    0.0,
    0.0,
    0.0,
    0.0,
    0.0,
    0.0,
    0.0,
    0.0,
    0.0,
    0.0,
    0.0,
    0.0,
    0.0,
    0.0,
    0.0,
    0.0,
    0.0,
    0.0,
    0.0,
    0.0,
    0.0,
    0.0,
    0.0,
    0.0,
    0.0,
    0.0,
    0.0,
    0.0,
    0.0,
    0.0,
    0.0,
    0.0,
    0.0,
    0.0,
    0.0,
    0.0,
    0.0,
    0.0,
    0.0,
    0.0,
    0.0,
    0.0,
    0.0,
    0.0,
    0.0,
    0.0,
    0.0,
    0.0,
    0.0,
    0.0,
    0.0,
    0.0,
    0.0,
    0.0,
    0.0,
    0.0,
    0.0,
    0.0,
    0.0,
    0.0,
    0.0,
    0.0,
    0.0,
    0.0,
    0.0,
    0.0,
    0.0
  ],
  "epoch_solved_rates": [
    0.0,
    0.0,
    0.0,
    0.0,
    0.0,
    0.0,
    0.0,
    0.0,
    0.0,
    0.0,
    0.0,
    0.0,
    0.0,
    0.0,
    0.0,
    0.0,
    0.0,
    0.0,
    0.0,
    0.0,
    0.0,
    0.0,
    0.0,
    0.0,
    0.0,
    0.0,
    0.0,
    0.0,
    0.0,
    0.0,
    0.0,
    0.0,
    0.0,
    0.0,
    0.0,
    0.0,
    0.0,
    0.0,
    0.0,
    0.0,
    0.0,
    0.0,
    0.0,
    0.0,
    0.0,
    0.0,
    0.0,
    0.0,
    0.0,
    0.0,
    0.0,
    0.0,
    0.0,
    0.0,
    0.0,
    0.0,
    0.0,
    0.0,
    0.0,
    0.0,
    0.0,
    0.0,
    0.0,
    0.0,
    0.0,
    0.0,
    0.0,
    0.0,
    0.0,
    0.0,
    0.0,
    0.0,
    0.0,
    0.0,
    0.0,
    0.0,
    0.0,
    0.0,
    0.0,
    0.0,
    0.0,
    0.0,
    0.0,
    0.0,
    0.0,
    0.0,
    0.0,
    0.0,
    0.0,
    0.0,
    0.0,
    0.0,
    0.0,
    0.0,
    0.0,
    0.0,
    0.0,
    0.0,
    0.0,
    0.0,
    0.0,
    0.0,
    0.0,
    0.0,
    0.0,
    0.0,
    0.0,
    0.0,
    0.0,
    0.0,
    0.0,
    0.0,
    0.0,
    0.0,
    0.0,
    0.0,
    0.0,
    0.0,
    0.0,
    0.0,
    0.0,
    0.0,
    0.0,
    0.0,
    0.0,
    0.0,
    0.0,
    0.0,
    0.0,
    0.0,
    0.0,
    0.0,
    0.0,
    0.0,
    0.0,
    0.0,
    0.0,
    0.0,
    0.0,
    0.0,
    0.0,
    0.0,
    0.0,
    0.0,
    0.0,
    0.0,
    0.0,
    0.0,
    0.0,
    0.0
  ],
  "wall_time_sec": 289.60530710220337,
  "config": {
    "epochs": 150,
    "steps_per_epoch": 4000,
    "max_ep_len": 200,
    "clip_ratio": 0.2,
    "pi_lr": 0.0001,
    "vf_lr": 0.001,
    "train_pi_iters": 80,
    "train_v_iters": 80,
    "gamma": 0.99,
    "lam": 0.95,
    "ent_coef": 0.01,
    "hidden_size": 64,
    "max_speed": 0.04,
    "log_every": 5,
    "record_every": 10
  }
}