{
  "algorithm": "safe_ppo",
  "seed": 2,
  "epochs": 150,
  "epoch_returns": [
    -182.09104309380055,
    -175.3905889004469,
    -177.78103332221508,
    -182.91564144194126,
    -174.66826626360415,
    -173.63671619296073,
    -172.41422798633576,
    -168.21705767214297,
    -163.8852425247431,
    -160.51101704537868,
    -161.28573141992092,
    -162.60949911177158,
    -161.76764937937259,
    -166.44487417638302,
    -162.0841739922762,
    -156.08560016155243,
    -154.83456565737725,
    -152.63176240324975,
    -151.34966887533665,
    -153.74602256119252,
    -155.385299500823,
    -155.8338148266077,
    -154.1036154806614,
    -153.35979329347612,
    -151.02197758853436,
    -153.78304022550583,
    -149.87033478617667,
    -152.6819907516241,
    -147.8114713817835,
    -150.35221188962458,
    -147.501549834013,
    -147.8437544107437,
    -150.25563112795354,
    -152.04720921218396,
    -147.26524497270583,
    -150.46499708592893,
    -148.14980319142342,
    -150.6515150755644,
    -146.93395262360573,
    -147.02006287574767,
    -148.58434627950191,
    -146.6539131462574,
    -148.31986807584764,
    -147.38267669975758,
    -147.40682869255542,
    -146.5374951004982,
    -146.9511218190193,
    -147.50767591297625,
    -146.86373473405837,
    -143.85636574029922,
    -145.2345416665077,
    -143.9590364098549,
    -139.5563696563244,
    -140.21998372972013,
    -132.77984487116336,
    -133.39296130537986,
    -136.1845809727907,
    -133.30396911501884,
    -128.41312271952629,
    -124.69400915205479,
    -130.65612472593784,
    -123.25576760768891,
    -124.90199691653251,
    -114.54946784079075,
    -112.28002994656563,
    -108.19641672372818,
    -104.42018600702286,
    -102.67316797673702,
    -95.59817321896553,
    -90.72075286209584,
    -86.9342727214098,
    -77.00732752680779,
    -52.49860982298851,
    -42.08410870730877,
    -26.189496769791557,
    -1.5317002670331434,
    15.842297906460969,
    6.535725590975388,
    6.461969606254412,
    -10.162583754821258,
    21.856321123739082,
    6.182627812027931,
    -17.761079155880473,
    -0.5042534520228704,
    21.69859927177429,
    20.60684581518173,
    25.432879071235657,
    12.059820614755154,
    23.976753754615785,
    31.7768856883049,
    32.346638321876526,
    18.906949504658026,
    26.478912572775567,
    27.972098524923677,
    35.769323698405564,
    29.47717473462776,
    35.335043580367646,
    32.7711353131703,
    37.13861433596447,
    38.21402015288671,
    40.13020458072424,
    38.73794487317403,
    39.233092796802524,
    39.960161459445956,
    42.74697570602099,
    42.105586080781876,
    35.31331774033606,
    47.31042463490457,
    47.23050134863172,
    49.48122234808074,
    48.30078592730893,
    45.64719483707891,
    43.561644511297345,
    47.61815706226561,
    50.16518325110277,
    48.863150134682655,
    49.21865536507807,
    51.02526573393796,
    51.56284631396595,
    52.10511246081945,
    44.40229168082728,
    42.933637871886745,
    47.078036396039856,
    47.24330122130258,
    47.95202313726013,
    49.99920337294277,
    48.437479872961305,
    49.62971211929579,
    49.66912004351616,
    48.629035812777445,
    47.817195976773895,
    50.415775553600206,
    49.63045950676944,
    50.79620723034206,
    48.67867862050598,
    45.69246919666018,
    48.837701775525744,
    48.6041744351387,
    43.3847495172963,
    47.14742694608867,
    45.6583013497293,
    47.424352439967066,
    49.71191281606169,
    45.382631964342934,
    49.02987726636835,
    48.027355264676245,
    48.78233252073589,
    49.71397766088828,
    52.87668847292662,
    48.247307469447456
  ],
  "epoch_costs": [
    0.0,
    0.0,
    0.0,
    0.0,
    0.0,
    0.0,
    0.0,
    0.0,
    0.0,
    0.0,
    0.0,
    0.0,
    0.0,
    0.0,
    0.0,
    0.0,
    0.0,
    0.0,
    0.0,
    0.0,
    0.0,
    0.0,
    0.0,
    0.0,
    0.0,
    0.0,
    0.0,
    0.0,
    0.0,
    0.0,
    0.0,
    0.0,
    0.0,
    0.0,
    0.0,
    0.0,
    0.0,
    0.0,
    0.0,
    0.0,
    0.0,
    0.0,
    0.0,
    0.0,
    0.0,
    0.0,
    0.0,
    0.0,
    0.0,
    0.015373528003692627,
    0.0,
    0.447874666005373,
    0.3026153162121773,
    0.665607113391161,
    0.8187629297375679,
    1.5339784786105155,
    1.0475917167961597,
    1.0773511305451393,
    1.5607145838439465,
    1.7462019726634026,
    2.2497925609350204,
    2.5856296315789224,
    2.673859254270792,
    6.5923046380281445,
    6.839301557093859,
    10.682623951137066,
    14.553577367961406,
    13.32980939373374,
    18.95450723990798,
    24.227130913734435,
    24.568573129177093,
    27.470657447725536,
    25.368344651162623,
    27.261461415886878,
    37.24967447349003,
    32.79537834768946,
    31.767642789560817,
    36.14054500084856,
    34.53717076778412,
    37.102978304705836,
    39.26653855356077,
    36.15369782038033,
    41.87637820515943,
    40.2054107952863,
    40.406272274255755,
    40.63697721421718,
    42.68790356457234,
    47.24937760643661,
    44.166664381027225,
    36.6300469432716,
    39.4776534853237,
    39.74444378139796,
    38.460255578160286,
    43.18392036579274,
    34.8011154275516,
    46.0234274086025,
    38.19521650158126,
    44.09555695365582,
    39.793155862853446,
    40.447800773382184,
    33.661489313002676,
    39.47046846797069,
    39.62526040871938,
    38.72279277294874,
    37.70830091635386,
    32.9710916597997,
    29.40849472861737,
    27.36723217458436,
    21.877546010272845,
    19.12125830600659,
    21.911111303087736,
    31.73165263145259,
    37.63983259815723,
    26.696830690320994,
    23.954061187803745,
    22.886253358175356,
    18.568932988925983,
    18.063249516728764,
    19.776094080978318,
    20.176244040196007,
    33.79666733696605,
    37.91659091548486,
    26.027960708571804,
    29.738395040375845,
    24.16884187830461,
    17.05068268077938,
    23.54389197278667,
    22.980608548264247,
    22.78638443102439,
    23.235481952493256,
    25.668890190621216,
    20.04192461516406,
    22.140327930853175,
    21.354823505407886,
    22.06378948688507,
    27.289824203082492,
    17.504997795741808,
    18.594635102394466,
    33.03264470985442,
    32.53941497113556,
    36.31836495641619,
    31.402895773902085,
    27.661469393793276,
    22.4523174566882,
    18.37317672412138,
    19.569196321070194,
    18.594324007238214,
    16.156400627432724,
    13.656105740740895,
    22.892024798111784
  ],