{
  "algorithm": "safe_ppo",
  "seed": 0,
  "epochs": 150,
  "epoch_returns": [
    -178.75869366526604,
    -179.2764982521534,
    -181.22974860668182,
    -180.87549093961715,
    -175.1459898173809,
    -175.9538479089737,
    -171.78187082707882,
    -176.3963228404522,
    -176.74990184903146,
    -171.45226787030697,
    -168.25555867552757,
    -173.73148008584977,
    -166.12314661741257,
    -164.34355607032776,
    -162.57971641123294,
    -159.01975795328616,
    -158.1186509460211,
    -156.25192705988883,
    -156.45096399486064,
    -153.68923387527465,
    -148.94932437837124,
    -151.8295369297266,
    -146.7781294286251,
    -152.12450742125512,
    -149.96578563451766,
    -145.1693619161844,
    -147.86039428412914,
    -149.05474018752574,
    -149.23735934495926,
    -148.24863274991512,
    -149.6561338096857,
    -148.58030765354633,
    -146.47174230217934,
    -147.6698441505432,
    -146.23392251729965,
    -145.42570436894894,
    -147.78246117830275,
    -145.71225384175779,
    -147.30453079044818,
    -145.83266135156154,
    -147.47889980971814,
    -144.94316868185996,
    -142.72537207603455,
    -125.65482948720455,
    -123.64560748040677,
    -125.85495999753475,
    -127.0647401213646,
    -124.0919556260109,
    -109.50174617469311,
    -119.16169492900372,
    -112.66798550486564,
    -127.6812284231186,
    -111.08338145911694,
    -84.91356304585933,
    -112.65791003108025,
    -75.89949103295803,
    -56.98202197253704,
    -78.23419616818428,
    -56.134713208675386,
    -63.85557633638382,
    -31.832386155923206,
    -14.508732830936259,
    -1.1566889740171886,
    -12.948067273412432,
    -27.411909292573515,
    -16.163469656654026,
    1.4799685892851457,
    6.862564208714859,
    13.422660357952118,
    28.877579342041695,
    34.640305046682,
    31.482759753863018,
    30.14205418692695,
    35.81654613799062,
    28.32994419336319,
    30.66516594754325,
    35.28343734570912,
    40.21500737436356,
    26.83318271719176,
    38.638101325881095,
    39.19766381286806,
    37.76633839771665,
    41.442828311074166,
    41.72936845594837,
    39.45915734966596,
    48.2668454016958,
    41.423289036378264,
    41.56230237628474,
    44.471992401515735,
    36.44421935273755,
    43.23879699815404,
    40.85386052727699,
    43.76833311536095,
    46.76866606133325,
    44.4092986038753,
    47.11854553553793,
    45.770014722006664,
    48.04999962449074,
    49.985885221224564,
    45.8069644008364,
    47.08088994877679,
    48.36892269473327,
    46.82663065678364,
    47.746417310677074,
    49.15196071927612,
    50.291969675284165,
    45.0496688650714,
    46.00457056860129,
    47.84677610526214,
    44.59652102324698,
    49.3910392039531,
    49.81138032216292,
    51.465620058774945,
    48.304376983964765,
    48.00198887053289,
    47.50641770739304,
    48.97279361055957,
    45.835577858460915,
    48.96413464882435,
    45.97356975078583,
    40.59585917718483,
    42.31363080354298,
    44.554443679537094,
    44.50733071095065,
    45.52552548835152,
    44.91917807491202,
    45.693425260092084,
    51.652627741418236,
    40.65133762359619,
    46.88427489211685,
    49.40377574700575,
    49.149478692274826,
    44.19032720829311,
    47.911795743000816,
    49.67077124271638,
    49.528864035239586,
    45.61813434958458,
    43.298969745635986,
    46.08045902928791,
    47.410123729392105,
    49.40007099360228,
    49.107686123251916,
    48.13188131004572,
    48.57744194331922,
    51.888760722600495,
    49.21876577797689,
    50.769348625953384,
    52.61816777139902,
    51.21948034465313,
    48.05729760778578
  ],
  "epoch_costs": [
    0.0,
    0.0,
    0.0,
    0.0,
    0.0,
    0.0,
    0.0,
    0.0,
    0.0,
    0.0,
    0.0,
    0.0,
    0.0,
    0.0,
    0.0,
    0.0,
    0.0,
    0.0,
    0.0,
    0.0,
    0.0,
    0.0,
    0.0,
    0.0,
    0.0,
    0.0,
    0.0,
    0.0,
    0.0,
    0.0,
    0.0,
    0.0,
    0.0,
    0.0,
    0.0,
    0.0,
    0.0,
    0.0,
    0.0,
    0.0,
    0.0,
    0.0,
    0.0,
    0.01726211979985237,
    0.3536164008080959,
    0.13690223917365074,
    0.290872323513031,
    0.7390700109302998,
    2.343473769724369,
    1.8810742549598216,
    3.282826265692711,
    1.274448649585247,
    3.5116833314299583,
    5.6269606605172156,
    5.699410580098629,
    9.923278534412384,
    11.873794883489609,
    11.223547119647264,
    14.836653392016888,
    14.998978753387927,
    12.091001736975851,
    14.640602571720427,
    15.575430354192143,
    20.914457137386005,
    13.831494801718256,
    22.71050083183724,
    29.752568235215932,
    33.039418110381,
    25.35332614004612,
    23.461587522711074,
    30.396418846867704,
    29.6247838139534,
    25.652874377038742,
    23.552964742841393,
    22.10161563698892,
    30.185994659309035,
    24.957487942917005,
    22.002684661938297,
    26.323583629110765,
    19.470296229085616,
    23.81297952128995,
    29.19016114288363,
    27.571618176275685,
    28.47399268996331,
    35.43482018262148,
    19.984804330979074,
    28.473074736539274,
    25.134090091242935,
    23.789921685615006,
    30.80147994141425,
    31.304918190295044,
    32.23560155183077,
    34.108465709017985,
    25.05306106337479,
    27.12914843048368,
    24.979004529615242,
    23.4305939661605,
    20.660326189508563,
    18.35648741362951,
    28.312325616819518,
    26.61587337085179,
    21.183115276066882,
    20.54049868438695,
    15.274232453421542,
    15.288306958369306,
    13.66406921392832,
    18.81345848035481,
    22.127874766786892,
    14.78551359676026,
    19.645824550340574,
    15.55635114336336,
    12.056208291879067,
    9.084417017921805,
    17.922814125144804,
    15.364008650183678,
    15.776721476332137,
    17.251432965199154,
    17.20000209437834,
    12.636028192746334,
    11.189286001418767,
    34.11951460486109,
    30.99664200360284,
    27.019525222693172,
    17.482559722897253,
    19.18004916922042,
    19.66279950855594,
    16.946353804516164,
    11.91054662480587,
    21.505770007915356,
    15.347516386524626,
    10.31304446512308,
    12.654476173795187,
    13.167296640574932,
    12.056007533119274,
    9.483304244203445,
    9.53507437958167,
    23.12806889633922,
    18.905150824950802,
    15.88001311228082,
    10.359488312743212,
    8.669056286662817,
    8.848691404983402,
    8.629483773931861,
    9.823623501548642,
    9.339340436917086,
    12.97330296823853,
    11.254144169199161,
    8.170459554716945,
    8.480374980717897,
    13.158416076710349
  ],