{
  "algorithm": "safe_ppo",
  "seed": 1,
  "epochs": 150,
  "epoch_returns": [
    -181.15941573381423,
    -179.08958947956563,
    -176.07554175257684,
    -171.79032461941242,
    -174.680575761199,
    -172.5119097739458,
    -176.47134007811547,
    -174.46624250113965,
    -167.67461239397525,
    -168.67700069844722,
    -164.5822430729866,
    -169.73594981133937,
    -168.910389778018,
    -167.30902959406376,
    -164.1980138838291,
    -170.07380654215814,
    -168.1942977309227,
    -170.4785948932171,
    -169.43584203422068,
    -164.23128151893616,
    -167.41221302747726,
    -169.31429068744183,
    -164.93895110487938,
    -158.6790575057268,
    -158.95236144959927,
    -161.8492505699396,
    -155.25255471169947,
    -159.95145353376864,
    -163.34867042303085,
    -158.63754540085793,
    -161.34531518816948,
    -165.45988161861897,
    -161.786947748065,
    -156.6526140511036,
    -160.60229421257972,
    -161.3898232281208,
    -161.06248072385787,
    -156.9450528562069,
    -155.98857278227806,
    -156.6791940897703,
    -158.3363457083702,
    -156.4405965089798,
    -163.83519757688046,
    -158.89762252867223,
    -158.75979073047637,
    -160.7404667109251,
    -155.42631619274616,
    -159.95290912389754,
    -159.31089427471161,
    -158.32102955579757,
    -153.79673187434673,
    -151.41771444678307,
    -147.30996783077717,
    -156.12843143045902,
    -148.40578258633613,
    -153.81186645030976,
    -148.25037240982056,
    -145.6226921916008,
    -137.33752605021,
    -133.64012954831122,
    -142.00193975269795,
    -127.87439757287503,
    -111.56654957532882,
    -111.52236858010292,
    -51.391541343927386,
    -60.02648991048336,
    -74.00709425807,
    -75.307507994771,
    -84.04623658061027,
    -26.98746554340635,
    -18.953379809856415,
    -27.33325791075116,
    -16.73025792837143,
    -3.504454788954362,
    3.3896093472190527,
    -7.8546988160713855,
    2.8744996215986167,
    16.728406315264493,
    5.032736174762249,
    23.565630552860405,
    25.130255905481484,
    25.315185215738083,
    34.04490617981979,
    37.94647224607139,
    38.29289264925595,
    41.007724311202765,
    33.59609084924062,
    42.15754131540175,
    42.31094463355839,
    43.196345476433635,
    39.33339940570295,
    39.914394401734874,
    44.01391496965962,
    40.125358047023894,
    45.7221677320845,
    42.82370745949447,
    43.5096824277531,
    48.01298758813313,
    47.8542439116014,
    46.973946378912245,
    42.13749503530562,
    37.3705881507166,
    38.18050337414588,
    43.61999646822611,
    45.7556747351374,
    39.88006128633724,
    47.104218888613914,
    49.515438420650284,
    48.99875224264044,
    30.73453794632639,
    38.529060617569954,
    38.48385457646462,
    34.6004435578982,
    39.459838572889566,
    44.70823850731055,
    46.011453781809124,
    46.4091271923648,
    47.33627258368901,
    49.112580826407985,
    49.30719010799359,
    48.048244529479256,
    49.13137846862948,
    45.93831155035231,
    44.17811221850885,
    43.23711756274507,
    48.95265738475017,
    46.6522264668816,
    49.67998338204164,
    47.37279670055096,
    44.954517260619575,
    41.20856902635459,
    50.16104642497866,
    48.507448217935035,
    51.77871130979978,
    47.52643780331863,
    46.65515571151461,
    18.17485651731491,
    24.66727696473782,
    28.64683077165059,
    31.12156431017251,
    27.197318432659937,
    35.224074231855795,
    36.40690337307751,
    41.26723487938152,
    38.060896362319134,
    44.13748777740531,
    42.43866579873221,
    42.101171281602646,
    44.080757573246956,
    42.36735884080062
  ],
  "epoch_costs": [
    0.0,
    0.0,
    0.0,
    0.0,
    0.0,
    0.0,
    0.0,
    0.0,
    0.0,
    0.0,
    0.0,
    0.0,
    0.0,
    0.0,
    0.0,
    0.0,
    0.0,
    0.0,
    0.0,
    0.0,
    0.0,
    0.0,
    0.0,
    0.0,
    0.0,
    0.0,
    0.0,
    0.0,
    0.0,
    0.0,
    0.0,
    0.0,
    0.0,
    0.0,
    0.0,
    0.0,
    0.0,
    0.0,
    0.0,
    0.0,
    0.0,
    0.0,
    0.0,
    0.0,
    0.0,
    0.0,
    0.0,
    0.0,
    0.0,
    0.0,
    0.0,
    0.0,
    0.05065491423010826,
    0.0017630867660045624,
    0.0,
    0.0,
    0.0,
    0.16863363161683081,
    0.14325983747839927,
    0.15947230011224747,
    0.2352056086063385,
    1.1038430519402027,
    1.5942355409264564,
    2.8822252534329893,
    8.06976006552577,
    10.359712582826614,
    6.980794706940651,
    8.839014342427253,
    8.425599505007266,
    21.20983353541011,
    21.898258889714878,
    18.685552031511353,
    22.621144035742397,
    24.63581452032794,
    24.64274966975917,
    27.118873176367387,
    30.77283263919146,
    38.70469611300074,
    33.56381831628581,
    28.07862970347588,
    34.126696615838085,
    26.29710112898438,
    28.69827236873763,
    20.922451462725114,
    24.699005195806766,
    15.733133360743523,
    23.219286348919074,
    18.440910995487243,
    17.005285817198455,
    16.4044948797673,
    18.66072784969583,
    22.63336407032705,
    20.721274428790615,
    21.79327882057236,
    16.4419357802938,
    20.905945261009037,
    18.61615328490734,
    16.048315541659083,
    13.181758480297553,
    13.602972611359187,
    20.473511778749526,
    22.943417634214125,
    23.133310867413396,
    17.08474835572821,
    15.33241045517581,
    17.95508647578604,
    14.797067949755323,
    9.247978003361286,
    9.635839288956241,
    33.05353892594576,
    27.92050087836481,
    28.327442675828934,
    30.95436224192381,
    27.83053828822449,
    18.314590694589747,
    17.019393791045463,
    15.808517434116867,
    14.683294197916984,
    9.51009199572237,
    13.103583550606018,
    15.098152199709737,
    14.99421420451757,
    13.667282712542349,
    11.929880834511808,
    12.8591464057162,
    7.6114231795072556,
    9.588610266384325,
    7.509988514658732,
    9.159934606307592,
    13.221353746312005,
    17.328128027193475,
    6.978142816377313,
    9.85520331809918,
    5.76160567960678,
    6.69265347483911,
    11.26394596355302,
    48.127057599425314,
    45.46327718347311,
    33.8620029161019,
    33.91346755880734,
    27.049589025049375,
    23.0487683577971,
    26.705644317902625,
    19.75652515756733,
    22.60530666645729,
    18.040457038001882,
    17.2474858637367,
    12.392508126795292,
    13.53974572610524,
    12.26268996177493
  ],