{
  "algorithm": "ppo",
  "seed": 1,
  "epochs": 150,
  "epoch_returns": [
    -181.69765654802322,
    -178.13968287408352,
    -177.12552342414855,
    -172.76753416657448,
    -173.9434334307909,
    -167.014334410429,
    -174.01096226572992,
    -168.21260239481927,
    -168.86525061428546,
    -165.4036891579628,
    -165.85449153482915,
    -162.60829030573368,
    -163.5338629961014,
    -158.97720688283442,
    -159.8939030766487,
    -158.94093663096427,
    -155.74480831921102,
    -157.5162312746048,
    -154.66545092761515,
    -152.7530297189951,
    -150.9706788867712,
    -152.2589639544487,
    -150.88013569116592,
    -146.8092721313238,
    -149.5806771337986,
    -150.50384673178195,
    -145.47170492112636,
    -148.21998756229877,
    -149.3511215209961,
    -146.5459814399481,
    -145.72459851503373,
    -150.6788186311722,
    -147.433326202631,
    -146.41930342018605,
    -147.00166669785978,
    -149.94557774066925,
    -149.0228467464447,
    -142.69653929471968,
    -145.53162449002266,
    -143.39766406714915,
    -145.49395159184934,
    -143.33802376687527,
    -144.72755326926708,
    -143.04058086574076,
    -131.1062639296055,
    -137.3915452092886,
    -126.80774494409562,
    -126.9250274002552,
    -124.66050220727921,
    -127.51335469484329,
    -122.44775907993316,
    -114.28817406594753,
    -102.87127506434918,
    -82.12524827420711,
    -45.85917710363865,
    -50.740243130922316,
    -26.158167684078215,
    -14.881849759817124,
    -14.177774977116357,
    -3.74661322073503,
    5.61751226497733,
    -0.7841494300148704,
    -22.969348595900968,
    9.722895637802456,
    8.98920536559561,
    12.305500385553941,
    12.341899528503419,
    22.406288080215454,
    29.067793706288704,
    25.156127207809025,
    28.442957565188408,
    34.57714108968603,
    24.500415830700486,
    33.28827937101496,
    33.0286342310054,
    39.89071587208779,
    42.48516323104982,
    36.235673602285054,
    39.315429416395006,
    42.145042683929205,
    41.92379360621975,
    45.35946801655433,
    42.27649940922856,
    39.43843869432326,
    44.01771843614,
    48.78036747210555,
    44.36488324744361,
    43.643606778347134,
    45.133413227966855,
    46.4279000384467,
    46.66647325125005,
    46.759286175455365,
    50.10563999736631,
    49.089085768712195,
    48.351966780585215,
    47.07514203561319,
    47.47616919955692,
    46.24880689879259,
    48.549812679489456,
    44.2767487929927,
    47.52058066387434,
    48.14984660535245,
    49.22454326874331,
    46.62673115573431,
    45.75236376353673,
    45.37744181354841,
    45.12649152789797,
    49.36070889548252,
    46.54854268332323,
    47.29412291823207,
    48.84473244501994,
    45.93553994042533,
    49.105326881534175,
    52.94968122839928,
    50.808675571894035,
    50.8444347014794,
    47.952217241651134,
    44.58311855470812,
    49.17110424920132,
    48.006871993604456,
    49.18646341562271,
    45.5377959819401,
    45.1830521788862,
    49.07042476293203,
    48.10198127752856,
    48.87563698261212,
    51.79322015941143,
    47.41130224183986,
    49.785747338563965,
    46.742535857777845,
    46.074101309518554,
    49.77338401782207,
    47.44229157567024,
    48.43500133250889,
    44.76174443297916,
    45.62897478406494,
    48.75542098283768,
    48.94086041105421,
    46.70913199583689,
    45.4923284023236,
    47.53340158337041,
    51.96661666631699,
    51.20804185122252,
    46.61911730860409,
    50.56843316860688,
    47.67035570499059,
    47.10518015806492,
    47.72470261041935,
    48.82014579474926,
    50.28781177495655
  ],
  "epoch_costs": [
    0.0,
    0.0,
    0.0,
    0.0,
    0.0,
    0.0,
    0.0,
    0.0,
    0.0,
    0.0,
    0.0,
    0.0,
    0.0,
    0.0,
    0.0,
    0.0,
    0.0,
    0.0,
    0.0,
    0.0,
    0.0,
    0.0,
    0.0,
    0.0,
    0.0,
    0.0,
    0.0,
    0.0,
    0.0,
    0.0,
    0.0,
    0.0,
    0.0,
    0.0,
    0.0,
    0.0,
    0.0,
    0.02249524071812628,
    0.08035869896411893,
    0.0,
    0.0,
    0.10331987664103504,
    0.024304046481847735,
    0.02574069574475285,
    0.3772533431649207,
    0.14570126160979266,
    0.29940033257007587,
    0.20636539235711085,
    1.0446373179554937,
    0.963409987837076,
    1.7940352171659466,
    2.615605886280536,
    4.158983246982098,
    4.908786725252867,
    11.086204200983047,
    11.404911635816097,
    16.258171658962965,
    21.069705231487752,
    28.97274789497966,
    27.96113811771978,
    32.147851231305495,
    37.36842352016406,
    31.80112208222801,
    41.312252207294755,
    42.184029969832174,
    46.09114132497621,
    35.565114505290985,
    42.72666420400142,
    39.504311017118965,
    35.33250036394155,
    36.39031911428486,
    33.3067185791402,
    39.83327849540446,
    33.64097374317975,
    37.60838570711868,
    26.648212797699436,
    28.374567322192654,
    42.945220033670296,
    28.58882036276402,
    27.01534285536036,
    31.39030357666554,
    26.90505944674506,
    28.651107323355973,
    35.351853400468826,
    26.24366122664827,
    21.47168341734343,
    28.1295635585274,
    29.502222602566082,
    26.074616013680185,
    25.933293896487783,
    22.89056543964479,
    28.016695020880018,
    19.594293278616828,
    20.58333381618324,
    21.78621500770788,
    19.988973566406482,
    21.180990187702953,
    26.66702964405219,
    27.51581128107177,
    25.93251048400998,
    24.613902194274438,
    23.073168707055014,
    19.491720607014077,
    19.881565211634886,
    27.228770278181347,
    25.105229717575842,
    23.04360736182758,
    21.912107056693028,
    20.91279473900795,
    20.64354724457135,
    16.492051433294247,
    27.44047604714121,
    19.174859536713676,
    16.91393002048135,
    17.593315667830982,
    14.748417353782898,
    18.821801089534635,
    20.863876814777786,
    17.567367339996917,
    18.28802394710089,
    13.308831905573607,
    30.09710993793081,
    24.159460112866427,
    22.25854341605225,
    16.52108371257782,
    13.224052069660944,
    10.755493707582355,
    17.73189931323654,
    15.114050374581264,
    15.043826298494087,
    21.084446528473414,
    12.787524415514408,
    10.475714100524783,
    17.25143099184099,
    24.319901157170534,
    17.807623906715495,
    13.761072678001304,
    13.670274692930674,
    11.382080130470104,
    10.628620881682787,
    11.779590365133787,
    8.156482667848469,
    8.773362701013685,
    12.839205675611371,
    13.26639689046603,
    15.702631542408788,
    10.212958176930746,
    9.701447516679764,
    8.02147258669138,
    12.08723600130332
  ],