{
  "algorithm": "safe_ppo",
  "seed": 1,
  "epochs": 150,
  "epoch_returns": [
    -181.15941573381423,
    -179.08958947956563,
    -176.07554175257684,
    -171.79032461941242,
    -174.680575761199,
    -172.5119097739458,
    -176.47134007811547,
    -174.46624250113965,
    -167.67461239397525,
    -168.67700069844722,
    -164.5822430729866,
    -169.73594981133937,
    -168.910389778018,
    -167.30902959406376,
    -164.1980138838291,
    -170.07380654215814,
    -168.1942977309227,
    -170.4785948932171,
    -169.43584203422068,
    -164.23128151893616,
    -167.41221302747726,
    -169.31429068744183,
    -164.93895110487938,
    -158.6790575057268,
    -158.95236144959927,
    -161.8492505699396,
    -155.25255471169947,
    -159.95145353376864,
    -163.34867042303085,
    -158.63754540085793,
    -161.34531518816948,
    -165.45988161861897,
    -161.786947748065,
    -156.6526140511036,
    -160.60229421257972,
    -161.3898232281208,
    -161.06248072385787,
    -156.9450528562069,
    -155.98857278227806,
    -156.6791940897703,
    -158.3363457083702,
    -156.4405965089798,
    -163.83519757688046,
    -158.89762252867223,
    -158.75979073047637,
    -160.7404667109251,
    -155.42631619274616,
    -159.95290912389754,
    -159.31089427471161,
    -158.32102955579757,
    -153.79673187434673,
    -151.41771444678307,
    -147.30996783077717,
    -155.69159196317196,
    -147.07785909473895,
    -152.67078089118004,
    -143.84296061694621,
    -146.40780014395713,
    -131.33250178098677,
    -126.39353635311127,
    -137.04541618227958,
    -121.68276277780532,
    -110.64969246089458,
    -91.81041745841503,
    -63.40402719676494,
    -54.09319541156292,
    -37.66428739116306,
    -17.36476333303885,
    -54.40788982595716,
    11.285307218199192,
    -10.567585294896906,
    11.380237877368927,
    13.178899223605791,
    9.996501810848713,
    6.186046990255515,
    7.983217166817707,
    18.895070721705753,
    8.62039422740539,
    13.670583739280701,
    9.708260440826416,
    22.968042657375335,
    26.843941035094083,
    25.62826555967331,
    28.915033056185795,
    28.45244185447693,
    38.565264706100734,
    30.929688688119253,
    34.350920332329615,
    39.88441977649927,
    37.03686036734745,
    40.69352021140437,
    43.71730686461224,
    42.97593908057068,
    37.10159388857503,
    44.458425386863595,
    43.25098628331633,
    45.22485595260348,
    47.75783983535237,
    49.89515194055196,
    47.03018919197289,
    46.020994756902965,
    46.82361602783203,
    47.88253931866752,
    51.33724993467331,
    46.25612671375275,
    49.21458611617217,
    49.85388685597314,
    51.61417201945656,
    44.69151362952064,
    48.02441823979219,
    50.07473841806253,
    45.896143979886,
    48.40331959213529,
    46.890296955366395,
    47.82449179243397,
    48.88425469881779,
    46.55462969177299,
    48.58847524774702,
    49.0734013484584,
    49.27016120817926,
    48.13419643706746,
    46.16571396267092,
    44.4542009395522,
    41.9099464569773,
    44.92203052462758,
    48.2275776282335,
    48.39602476816911,
    49.15677558917265,
    49.34246482451757,
    46.51836036145687,
    50.4574149556649,
    52.62120941728354,
    49.04336377736684,
    52.61767179715006,
    45.36665506826507,
    42.75961320911135,
    46.758064551933394,
    45.61887092226081,
    47.81891265587929,
    50.104249474329826,
    44.80909588932991,
    39.775284835520914,
    42.873791377885,
    42.76250635044915,
    41.25975903442928,
    43.592457338741845,
    43.86309052672651,
    45.171436135967575,
    46.8429136392143,
    44.997406150165354
  ],
  "epoch_costs": [
    0.0,
    0.0,
    0.0,
    0.0,
    0.0,
    0.0,
    0.0,
    0.0,
    0.0,
    0.0,
    0.0,
    0.0,
    0.0,
    0.0,
    0.0,
    0.0,
    0.0,
    0.0,
    0.0,
    0.0,
    0.0,
    0.0,
    0.0,
    0.0,
    0.0,
    0.0,
    0.0,
    0.0,
    0.0,
    0.0,
    0.0,
    0.0,
    0.0,
    0.0,
    0.0,
    0.0,
    0.0,
    0.0,
    0.0,
    0.0,
    0.0,
    0.0,
    0.0,
    0.0,
    0.0,
    0.0,
    0.0,
    0.0,
    0.0,
    0.0,
    0.0,
    0.0,
    0.05065491423010826,
    0.020775552839040756,
    0.07915101945400238,
    0.0,
    0.5259081117808819,
    1.244567445665598,
    1.9113980948925018,
    2.2869438625872136,
    1.9024987086653709,
    3.976740711927414,
    6.729326212406159,
    9.263714231550694,
    12.8407713457942,
    20.724229227751493,
    26.82850854737418,
    22.49911700256846,
    18.063985961533728,
    32.96963336804639,
    36.93497323922136,
    38.2886586992637,
    48.1368699160715,
    47.84905044734478,
    50.48825300360719,
    50.3201076446668,
    54.79370751604438,
    52.76146283186972,
    50.03698240458965,
    52.72038448154926,
    50.79161196231842,
    40.408255869039785,
    56.17383061349392,
    54.09548051082171,
    56.12266363680363,
    48.318563035556245,
    38.553416794041794,
    49.41758109948465,
    35.49368723295629,
    49.70051218877579,
    41.88279315540868,
    28.584778290022822,
    31.051123787056316,
    43.839044842027846,
    30.964531558401443,
    31.829409314429057,
    28.611407292314937,
    22.216032762908274,
    22.39954732318182,
    21.5507870276232,
    25.29539233957018,
    25.330193529940313,
    23.53238014711274,
    21.517815085278976,
    25.62616477055209,
    23.507288891721416,
    23.209359729041655,
    18.76078570712554,
    33.93677605469437,
    29.64019103762176,
    21.58798901653952,
    28.862221247133085,
    27.80558010808059,
    23.852247485035175,
    22.07063773677156,
    22.652925973808443,
    20.786553585280974,
    19.353161497335684,
    28.215952049112982,
    27.204437452471918,
    27.662997632390923,
    19.586872020685995,
    21.887409596024334,
    29.16808390021324,
    21.86809856867468,
    17.264474464914738,
    13.308046134618612,
    14.289075565261719,
    14.737595707178116,
    18.59171595507198,
    14.74134631989858,
    10.21715506091714,
    17.496923534854037,
    13.18287650927117,
    23.467028725892305,
    28.46400233932904,
    21.785140500278086,
    20.730101570073103,
    14.237660510035662,
    13.504279973415228,
    26.222759165283705,
    28.888605876880533,
    28.224432201896395,
    25.82476265302726,
    24.85454324228423,
    24.73892705483096,
    19.040953936676186,
    21.714347639017635,
    18.866280573109787,
    17.992381360185774
  ],