{
  "algorithm": "safe_ppo",
  "seed": 0,
  "epochs": 150,
  "epoch_returns": [
    -178.75869366526604,
    -179.44596580862998,
    -182.18146968483924,
    -180.46447175741196,
    -175.72168676257132,
    -175.62250612676144,
    -173.5661800056696,
    -174.69993035793306,
    -176.48675939142703,
    -174.29050022065638,
    -169.39211119115353,
    -174.37626865804197,
    -174.21569142639638,
    -177.1588758945465,
    -177.0896978676319,
    -177.02273301780224,
    -173.87574377655983,
    -175.53353244364263,
    -176.38810562491417,
    -175.15757104754448,
    -166.3177624017,
    -166.484122723341,
    -161.53171450793744,
    -169.88029200732709,
    -171.77513268887998,
    -161.36265869438648,
    -160.16932115256787,
    -158.49419537782668,
    -160.34600715339184,
    -155.8107897669077,
    -155.12499597072602,
    -159.65160306096078,
    -158.35948294699193,
    -165.81910058557986,
    -150.73991821706295,
    -144.35116930902004,
    -141.57191902697087,
    -127.41904146671295,
    -130.17001678049564,
    -133.90464268922807,
    -124.61115347146988,
    -136.74845336079596,
    -114.96951321363449,
    -137.61299260854722,
    -139.6172689139843,
    -127.22467671632766,
    -128.6298712939024,
    -131.61788429915904,
    -130.63509796261786,
    -124.3833778500557,
    -124.31827166974544,
    -140.29836053848265,
    -135.5701845794916,
    -130.4523522913456,
    -100.73087610900402,
    -146.91273469030858,
    -122.94881090819835,
    -134.0465953975916,
    -103.89648562371731,
    -109.23831221461296,
    -116.41758942306042,
    -68.90613659790584,
    -135.5046455234289,
    -115.18751711249351,
    -111.88010391891002,
    -66.42579129764012,
    -93.15307148993016,
    -79.88458974304653,
    -96.62248761355877,
    -80.61200476884842,
    -76.3126498579979,
    -47.94233301423845,
    -56.3951806028684,
    -51.886534072103956,
    -52.879125282877965,
    -20.40145483483439,
    -32.95887363227931,
    -14.864175596962804,
    -6.733725506326427,
    12.73759554002596,
    23.336865526658517,
    16.898349452477234,
    23.253162808418274,
    29.843328510011947,
    28.842800206862965,
    28.35369535287221,
    35.56636846661568,
    31.132802869876226,
    34.92738638770196,
    41.11798474288756,
    37.26390925049782,
    41.10209666779547,
    41.603606248274446,
    41.54648555727566,
    40.71633496790221,
    40.83638608275038,
    41.90596542989506,
    43.088127348352884,
    35.488499929507576,
    40.529701115507066,
    43.56321074745872,
    46.04909051623609,
    49.23134724874245,
    47.65703340801033,
    50.20831439064609,
    49.33500356266373,
    46.41188426869256,
    45.952111027306984,
    48.567959339995134,
    48.88617048495345,
    47.103277574266706,
    42.058652862029916,
    46.5311103786741,
    47.45175644920932,
    47.09868091815397,
    50.63273864179044,
    50.59201103746891,
    49.15613624988458,
    38.44741249853565,
    39.20767665281892,
    42.55037983726053,
    42.61003429398817,
    41.88539371946279,
    43.02099530015673,
    45.48724656199154,
    46.79911693616917,
    47.63965133367441,
    48.42357722001198,
    50.487531764385025,
    49.69861447811127,
    50.41393078267574,
    47.88624481243246,
    47.24392119130573,
    43.877355241113236,
    43.517813578248024,
    43.41469539867507,
    46.5897821896785,
    42.03461162464039,
    46.108521993222986,
    48.363272118262756,
    49.15033737665568,
    50.89441657960415,
    49.12963891029358,
    43.399348568916324,
    42.39788616895676,
    46.95945078761954,
    47.37449041849528,
    47.32984119339993,
    47.567900643536916,
    48.45416926879149
  ],
  "epoch_costs": [
    0.0,
    0.0,
    0.0,
    0.0,
    0.0,
    0.0,
    0.0,
    0.0,
    0.0,
    0.0,
    0.0,
    0.0,
    0.0,
    0.0,
    0.0,
    0.0,
    0.0,
    0.0,
    0.0,
    0.0,
    0.0,
    0.0,
    0.0,
    0.0,
    0.0,
    0.0,
    0.0,
    0.0,
    0.014918707311153412,
    0.0,
    0.0,
    0.0,
    0.0,
    0.0,
    0.0,
    0.05075410008430481,
    0.5265056006610394,
    2.995022435486317,
    1.9359879598021508,
    1.285097239166498,
    1.2236904181540011,
    2.0075008615851404,
    1.8499279111623763,
    1.6053737908601762,
    1.6050739534199239,
    1.8336294703185558,
    0.9605700716376304,
    0.5878677003085613,
    0.19818540662527084,
    1.930402685701847,
    1.1963755056262015,
    0.2631216883659363,
    0.6020835667848587,
    1.3344480216503143,
    2.2519259922206403,
    0.6064498223364353,
    2.0299262210726736,
    4.794199413061142,
    4.172220106422901,
    3.3237519823014736,
    3.9458646178245544,
    3.2381307688497363,
    1.9294049695134163,
    2.4692490220069887,
    1.2474746502935887,
    4.162104363242785,
    4.731005907058716,
    6.971130371803329,
    7.715089730918407,
    13.140592680871487,
    9.314729857444764,
    11.115704266088349,
    10.322482776074182,
    11.968529726777758,
    11.395604659404073,
    12.687143161892891,
    10.620566913350062,
    14.217456790416136,
    19.60054264638735,
    20.34382048184457,
    20.21658176128511,
    25.470058649205246,
    33.46125699400902,
    27.172169092510426,
    39.29095216496633,
    35.07784143697332,
    31.12944281001886,
    29.25610093275706,
    27.14956228723449,
    30.15583034052003,
    34.21200759907563,
    29.222424490433752,
    27.745213054586202,
    24.562609185190762,
    32.30936076966199,
    27.670039329564933,
    28.743795040775748,
    24.51086084062562,
    34.52236944039662,
    28.81863451636199,
    27.857002024397705,
    20.556839140752952,
    14.719942628160902,
    17.332945807962805,
    17.395457935829956,
    16.41599813848734,
    25.85808745452336,
    20.509197798040177,
    15.241802116757945,
    18.95739560201764,
    20.640227945787565,
    24.91543607238461,
    22.54077017520155,
    18.856027646611135,
    13.102332608480202,
    13.232898095169583,
    8.569992592558265,
    11.622031305844967,
    37.25144261217886,
    35.84051293740049,
    27.64648632266942,
    27.479898696436603,
    30.68452850027996,
    27.538485350353376,
    16.49639285787156,
    14.08645945120799,
    12.117673118145039,
    11.450014459781158,
    12.335387274240835,
    12.840980331867168,
    10.369869665056466,
    25.087745463146884,
    21.375501461931176,
    21.655795430971516,
    22.50026382340325,
    18.96245832161771,
    16.5432041013563,
    15.77331890286626,
    14.304975934326649,
    8.885969551327902,
    9.363588782839287,
    8.188952174410224,
    11.162086149438833,
    23.277232600961412,
    24.901028648018837,
    16.94999908930377,
    11.659836007616459,
    13.80353890712324,
    13.436727452827128,
    10.998402553491104
  ],