{
  "algorithm": "safe_ppo",
  "seed": 1,
  "epochs": 150,
  "epoch_returns": [
    -181.15941573381423,
    -177.8768933057785,
    -176.14828402400016,
    -170.49494977593423,
    -173.0246464252472,
    -168.74291935563087,
    -174.510206463933,
    -172.24835712313651,
    -165.70842125117778,
    -168.2063690751791,
    -164.44605781435968,
    -169.78515205979346,
    -167.7339858263731,
    -167.8313504129648,
    -164.43614293932916,
    -167.56833366155624,
    -171.13951558172704,
    -171.436211758852,
    -172.06537057459354,
    -166.97842442691325,
    -165.3195325553417,
    -167.679806175828,
    -163.73619923889638,
    -156.32545432150363,
    -158.24237242043017,
    -160.69481143653394,
    -153.6364449262619,
    -157.08002748787402,
    -158.2900613874197,
    -156.52810207903386,
    -161.6821619927883,
    -165.74124305844308,
    -161.57936422228812,
    -156.02078442573549,
    -159.34918235838413,
    -159.89401654303074,
    -159.06709077954292,
    -154.44996384680272,
    -154.83712641000747,
    -154.86527550816535,
    -154.95771222412586,
    -154.34671601355075,
    -156.36587990224362,
    -156.56796817779542,
    -157.74141106903554,
    -161.55077165961265,
    -158.71000935137272,
    -163.00514650940895,
    -161.37336325645447,
    -158.7154576778412,
    -156.04036030471326,
    -154.94684201180934,
    -154.39566761255264,
    -158.13922668099403,
    -151.50225560963153,
    -152.58705629706384,
    -154.04624405503273,
    -155.92096990644933,
    -151.8380240470171,
    -149.89136623442172,
    -154.11624958217143,
    -153.80938129127026,
    -152.20747630000113,
    -157.5248720228672,
    -152.38014410734178,
    -156.6821637183428,
    -154.48014318048953,
    -152.68522202372552,
    -151.80469931066037,
    -152.10398710668088,
    -149.57176751792431,
    -152.03334863185881,
    -152.75579723715782,
    -150.1270759880543,
    -148.74041271209717,
    -153.1853623062372,
    -151.33947264254093,
    -152.19425586164,
    -148.3105782866478,
    -149.52748043239117,
    -149.6078084409237,
    -147.5735470175743,
    -146.21037751436234,
    -148.25055774152278,
    -150.37790514230727,
    -148.16867339015008,
    -147.78918032050132,
    -148.39896373450756,
    -150.12844396531582,
    -147.41078734099864,
    -146.3847742676735,
    -149.91517381370068,
    -149.64125402271748,
    -148.40601374506952,
    -147.15190441310406,
    -146.28625588715076,
    -148.06632224023343,
    -149.08890573084355,
    -148.3267915725708,
    -147.46511728167533,
    -147.1954172760248,
    -147.1582026809454,
    -145.76589039564132,
    -148.55793278515338,
    -147.9784607797861,
    -148.57422205209733,
    -144.33967963457107,
    -147.83154047131538,
    -147.20082792043686,
    -143.56916849017142,
    -145.82503887116908,
    -148.26067937612532,
    -142.98312197625637,
    -144.89891124665738,
    -146.49471011161805,
    -147.13769652843476,
    -145.58608646690845,
    -144.13456572890283,
    -148.07028585374354,
    -135.02957128286363,
    -137.19794851839544,
    -131.42733528614045,
    -128.30413754880428,
    -132.41468444764615,
    -110.70650469064712,
    -79.50410917401314,
    -69.04184263944626,
    -77.1690331786871,
    -64.82695118486882,
    -53.83260998129845,
    -40.31207267045975,
    -29.14877326786518,
    -36.03957066237926,
    -4.290167411168416,
    -13.96640817956491,
    -14.017217549681664,
    -2.4781054939542497,
    -7.0008067840879615,
    -18.357938581988925,
    2.4919113625179636,
    7.507417063821446,
    7.153088556094603,
    22.696648955345154,
    13.079972694749417,
    24.708775259554386,
    14.591600579520067,
    29.898561128254595,
    37.58372790854553,
    42.77514710541694,
    38.20634905839788
  ],
  "epoch_costs": [
    0.0,
    0.0,
    0.0,
    0.0,
    0.0,
    0.0,
    0.0,
    0.0,
    0.0,
    0.0,
    0.0,
    0.0,
    0.0,
    0.0,
    0.0,
    0.0,
    0.0,
    0.0,
    0.0,
    0.0,
    0.0,
    0.0,
    0.0,
    0.0,
    0.0,
    0.0,
    0.0,
    0.0,
    0.0,
    0.0,
    0.0,
    0.0,
    0.0,
    0.0,
    0.0,
    0.0,
    0.0,
    0.0,
    0.0,
    0.0,
    0.0,
    0.0,
    0.0,
    0.0,
    0.0,
    0.0,
    0.0,
    0.0,
    0.0,
    0.0,
    0.0,
    0.0,
    0.0,
    0.0,
    0.0,
    0.0,
    0.0,
    0.0,
    0.0,
    0.0,
    0.0,
    0.0,
    0.0,
    0.0,
    0.0,
    0.0,
    0.0,
    0.0,
    0.0,
    0.0,
    0.0,
    0.0,
    0.0,
    0.0,
    0.0,
    0.0,
    0.0,
    0.0,
    0.0,
    0.0,
    0.0,
    0.0,
    0.0,
    0.0,
    0.0,
    0.0,
    0.0,
    0.0,
    0.0,
    0.0,
    0.0,
    0.0,
    0.0,
    0.0,
    0.0,
    0.0,
    0.0,
    0.0,
    0.0,
    0.0,
    0.0,
    0.0,
    0.0,
    0.0,
    0.0,
    0.0,
    0.0,
    0.0,
    0.0,
    0.0,
    0.0,
    0.0,
    0.0,
    0.0,
    0.0,
    0.0,
    0.0,
    0.13968417644500733,
    0.0,
    0.0,
    0.01576228067278862,
    0.3286185458302498,
    0.5386390008032322,
    0.5133711352944375,
    2.342411683499813,
    5.892420117557049,
    8.008400570601225,
    7.892765702307225,
    11.455710823833943,
    14.294581375271083,
    14.332356827706098,
    16.64498004242778,
    20.67704243436456,
    24.562742623544874,
    22.258178368210793,
    28.14359908849001,
    23.736982316488312,
    23.94774876196276,
    31.301563436786335,
    32.54993311586705,
    33.14912788840857,
    38.85127045349641,
    35.4568919663628,
    43.016630966378294,
    42.76266032581528,
    43.67319716513157,
    23.90469601133774,
    29.106152884405233,
    19.520427124634868,
    30.49251669234243
  ],