{
  "algorithm": "safe_ppo",
  "seed": 2,
  "epochs": 150,
  "epoch_returns": [
    -182.09104309380055,
    -175.3905889004469,
    -177.78103332221508,
    -182.91564144194126,
    -174.66826626360415,
    -173.63671619296073,
    -172.41422798633576,
    -168.21705767214297,
    -163.8852425247431,
    -160.51101704537868,
    -161.28573141992092,
    -162.60949911177158,
    -161.76764937937259,
    -166.44487417638302,
    -162.0841739922762,
    -156.08560016155243,
    -154.83456565737725,
    -152.63176240324975,
    -151.34966887533665,
    -153.74602256119252,
    -155.385299500823,
    -155.8338148266077,
    -154.1036154806614,
    -153.35979329347612,
    -151.02197758853436,
    -153.78304022550583,
    -149.87033478617667,
    -152.6819907516241,
    -147.8114713817835,
    -150.35221188962458,
    -147.501549834013,
    -147.8437544107437,
    -150.25563112795354,
    -152.04720921218396,
    -147.26524497270583,
    -150.46499708592893,
    -148.14980319142342,
    -150.6515150755644,
    -146.93395262360573,
    -147.02006287574767,
    -148.58434627950191,
    -146.6539131462574,
    -148.31986807584764,
    -147.38267669975758,
    -147.40682869255542,
    -146.5374951004982,
    -146.9511218190193,
    -147.50767591297625,
    -146.86373473405837,
    -143.85636574029922,
    -145.32928128242492,
    -142.9466908842325,
    -136.73011675179004,
    -133.12418994009494,
    -130.3937261492014,
    -132.12172989845277,
    -132.05021893382073,
    -130.60609916448593,
    -127.67493951022625,
    -122.32223842740059,
    -126.23198374211788,
    -116.95392926633357,
    -115.26539593338967,
    -107.93402421474457,
    -105.30095072686672,
    -104.50046033263206,
    -100.10939998626709,
    -96.93492919504642,
    -93.71516477167606,
    -80.83907711207867,
    -70.40748856961727,
    -69.83088904619217,
    -39.75582420825958,
    -17.61957560550599,
    11.383535387841137,
    12.720919782700745,
    -5.560860224745491,
    -8.48179715094359,
    -19.64190037684007,
    11.51503785699606,
    14.426132999360561,
    12.968365214765072,
    16.200169444084167,
    25.78053915262222,
    24.82401581287384,
    22.52379691362381,
    28.263328941968773,
    28.610491858078884,
    26.596383094787598,
    18.54708476479237,
    23.368783856813724,
    23.156319293710922,
    34.775987090887845,
    32.852459691188955,
    32.12134014413907,
    32.23918629354901,
    40.1782455543677,
    41.76417105236361,
    45.94040287805326,
    47.468184278291815,
    48.35814310172025,
    47.24050829580852,
    45.65632169896906,
    48.394236865881325,
    49.56056271824572,
    48.148673474788666,
    48.32613433985149,
    46.316984810147964,
    48.60480967495177,
    50.693220003231154,
    48.813247422377266,
    46.91410222053528,
    51.806366773028124,
    49.87081387075218,
    49.5638816025522,
    46.74360831578573,
    47.22525020667485,
    50.52881442125027,
    49.978286195445705,
    46.80245868901949,
    46.60075380872278,
    51.81098190734261,
    50.77236268004856,
    48.9766935722248,
    47.04385700566428,
    49.758912147660006,
    51.25206003739284,
    48.18307035839236,
    48.64797514354861,
    49.689060237846874,
    47.113517781098686,
    49.53356030583382,
    49.422064561592904,
    49.518538421875725,
    48.40356346302562,
    49.760541522825086,
    47.37975752981085,
    47.242397810022034,
    48.269308836836565,
    50.595147400330276,
    49.51415322328869,
    51.23448198720028,
    45.742367400934825,
    49.642621520318485,
    47.51435298668711,
    50.59725437256006,
    50.485752249375366,
    49.062045994477394,
    49.48781711804239,
    49.636809390324814
  ],
  "epoch_costs": [
    0.0,
    0.0,
    0.0,
    0.0,
    0.0,
    0.0,
    0.0,
    0.0,
    0.0,
    0.0,
    0.0,
    0.0,
    0.0,
    0.0,
    0.0,
    0.0,
    0.0,
    0.0,
    0.0,
    0.0,
    0.0,
    0.0,
    0.0,
    0.0,
    0.0,
    0.0,
    0.0,
    0.0,
    0.0,
    0.0,
    0.0,
    0.0,
    0.0,
    0.0,
    0.0,
    0.0,
    0.0,
    0.0,
    0.0,
    0.0,
    0.0,
    0.0,
    0.0,
    0.0,
    0.0,
    0.0,
    0.0,
    0.0,
    0.0,
    0.015373528003692627,
    0.0,
    0.8674909122288227,
    0.8349192112684249,
    2.753196154534817,
    2.2263541221618652,
    2.0868686698377132,
    2.358430104702711,
    2.882723171263933,
    3.5930612564086912,
    5.025131046772003,
    4.508290710300207,
    6.470877749472857,
    6.145509660989046,
    13.952898190170526,
    16.670902456343175,
    18.052660746872427,
    23.11890991181135,
    23.57448270469904,
    21.99804080352187,
    28.12035897374153,
    31.949775929749013,
    31.336137614399195,
    33.25443145260215,
    31.21355003260431,
    34.841113303872675,
    35.40391629480797,
    38.24217709966681,
    38.12976670589136,
    40.7868998775428,
    35.36630815640092,
    41.651798313483596,
    36.593783769135676,
    37.635586334466936,
    42.73046303093433,
    39.17269670069218,
    42.251453241705896,
    40.73953797324346,
    43.002076746179505,
    39.27805365163546,
    43.29718842357397,
    42.85247357246968,
    36.00711116636241,
    40.83280864082001,
    38.05104821313311,
    43.32745488675741,
    38.913280297208715,
    29.100921686490377,
    31.088249956407854,
    23.613009067195833,
    24.366327486494008,
    23.450051256400698,
    21.769781242949623,
    26.989897114760947,
    20.555271160360927,
    20.491184583554666,
    23.955991325633867,
    25.68297305878471,
    23.8750337349517,
    21.43888991533054,
    19.34334605368408,
    21.744770331515205,
    27.47778129024165,
    18.904587136679574,
    21.42334789883446,
    27.87187124416232,
    35.07302483058337,
    29.13978150316647,
    19.942848398135258,
    21.482523770348447,
    19.52208691875677,
    26.057379990377846,
    18.159095844940136,
    18.258649108377664,
    18.39641679460938,
    28.320301797134537,
    19.745142384971444,
    14.932664789450474,
    19.115858550410014,
    19.882518529489232,
    17.65939417912772,
    25.034824404865503,
    21.797328871331718,
    17.477434192048875,
    19.280166080271876,
    19.80323608674937,
    17.78727380689737,
    19.620035817748622,
    19.460775618751843,
    14.571039789993511,
    14.15411112170953,
    15.64727982878685,
    15.064826996310762,
    17.443727041545667,
    18.92863688029741,
    17.387678661236638,
    15.575773524550291,
    12.9109291717028,
    12.859214404072517,
    12.422693569409219,
    13.548835321496695
  ],