{
  "algorithm": "ppo",
  "seed": 0,
  "epochs": 150,
  "epoch_returns": [
    -181.16702820658685,
    -179.38617671132087,
    -181.6269592255354,
    -177.8332140982151,
    -175.9630962908268,
    -177.649291318655,
    -174.03212650120258,
    -170.8858002513647,
    -168.16000800132753,
    -170.2350257575512,
    -168.41833274066448,
    -170.10994310081006,
    -168.709645190835,
    -174.45756190121173,
    -169.28998345434667,
    -167.5240332454443,
    -164.84454354643822,
    -160.75241098999976,
    -160.565981733799,
    -153.83624058067798,
    -156.45797049999237,
    -155.5012328118086,
    -154.47949000000955,
    -156.47319793701172,
    -151.91333841085435,
    -150.32085861563684,
    -153.21128382086755,
    -153.35518099367619,
    -153.6909682661295,
    -151.41260221004487,
    -151.84929087162018,
    -149.90072259306908,
    -147.9905578315258,
    -151.46894987225534,
    -150.12938314676285,
    -147.3633297264576,
    -148.78948407769204,
    -146.7781570583582,
    -148.32257820665836,
    -147.62935258746148,
    -148.61364676356317,
    -147.63005577027798,
    -148.14903527498245,
    -144.84309581816197,
    -144.66867598593234,
    -147.577048137784,
    -147.50310290157796,
    -146.74216462373732,
    -144.18067290186883,
    -146.72345033586026,
    -147.06456031501293,
    -148.16868262887002,
    -146.787422734499,
    -144.75680310726165,
    -146.7188863992691,
    -146.96368106603623,
    -144.80520383417607,
    -147.50797621011733,
    -145.68838288784028,
    -147.04476249217987,
    -147.3451331824064,
    -146.9892113596201,
    -145.96493921875953,
    -146.41972886621951,
    -144.37242102622986,
    -147.9139447838068,
    -147.73427325487137,
    -147.34794082641602,
    -150.36490656733514,
    -147.01407395005225,
    -147.2096015095711,
    -148.09296832084655,
    -149.83396439254284,
    -145.61027727127075,
    -146.3521998077631,
    -145.95842324197292,
    -145.8032733142376,
    -145.01844351291658,
    -146.26930637061596,
    -144.42097438573836,
    -145.25175293684006,
    -147.5480592161417,
    -144.176763266325,
    -145.16779108345509,
    -146.11651846468448,
    -145.03609457015992,
    -145.1997019559145,
    -146.08033097982405,
    -144.8782504916191,
    -147.82512980401515,
    -148.1313110768795,
    -147.99954164326192,
    -147.01311120688916,
    -146.52924544811248,
    -147.85736160576343,
    -144.8611759543419,
    -143.91700091958046,
    -148.4756571829319,
    -145.08256139159204,
    -144.33483643233777,
    -145.31649979650973,
    -143.06274110078812,
    -143.93346899449824,
    -143.87949926257133,
    -144.5458279043436,
    -140.13887605965138,
    -137.9977963745594,
    -136.47955284714698,
    -135.0692622512579,
    -135.32150654196738,
    -131.41640131473542,
    -137.24523542523383,
    -126.15079012215138,
    -126.19577856659889,
    -109.38393438756466,
    -117.23852621912957,
    -108.3497209072113,
    -107.22251446247101,
    -99.89276437759399,
    -101.03135148584843,
    -81.53434293270111,
    -79.19532018005847,
    -57.959046518802644,
    -7.3309936580203825,
    -31.131507685780527,
    12.165877856991507,
    12.304699213608451,
    -6.815016838637265,
    2.830710771291152,
    18.625914492390372,
    15.633440388285596,
    18.813322191653043,
    11.067916085720062,
    -0.698354534804821,
    20.781225035190584,
    19.71780040401679,
    22.021773785352707,
    18.040818691253662,
    22.490556128025055,
    31.462154408295948,
    26.18492851807521,
    19.005713215241066,
    32.07038259293352,
    30.155980857355253,
    18.803456810968264,
    29.27642515727452,
    26.250489107200078,
    35.49081548849742,
    28.537130741136416,
    35.84312957723935
  ],
  "epoch_costs": [
    0.0,
    0.0,
    0.0,
    0.0,
    0.0,
    0.0,
    0.0,
    0.0,
    0.0,
    0.0,
    0.0,
    0.0,
    0.0,
    0.0,
    0.0,
    0.0,
    0.0,
    0.0,
    0.0,
    0.0,
    0.0,
    0.0,
    0.0,
    0.0,
    0.0,
    0.0,
    0.0,
    0.0,
    0.0,
    0.0,
    0.0,
    0.0,
    0.0,
    0.0,
    0.0,
    0.0,
    0.0,
    0.0,
    0.0,
    0.0,
    0.0,
    0.0,
    0.0,
    0.0,
    0.0,
    0.0,
    0.0,
    0.0,
    0.0,
    0.0,
    0.0,
    0.0,
    0.0,
    0.0,
    0.0,
    0.0,
    0.0,
    0.0,
    0.0,
    0.0,
    0.0,
    0.0,
    0.0,
    0.0,
    0.0,
    0.0,
    0.0,
    0.0,
    0.0,
    0.0,
    0.0,
    0.0,
    0.0,
    0.0,
    0.0,
    0.0,
    0.0,
    0.0,
    0.0,
    0.0,
    0.0,
    0.0,
    0.0,
    0.0,
    0.0,
    0.0,
    0.0,
    0.0,
    0.0,
    0.0,
    0.0,
    0.0,
    0.0,
    0.0,
    0.0,
    0.0,
    0.0,
    0.0,
    0.0,
    0.0,
    0.0,
    0.0,
    0.0,
    0.0,
    0.0,
    0.0,
    0.0,
    0.0,
    0.09559279084205623,
    0.0,
    0.055649874359369224,
    0.0741526179015636,
    0.8119799636304377,
    0.8631749838590619,
    3.903427400439977,
    3.853019706904887,
    7.280647553503513,
    9.930598850548268,
    13.39568538442254,
    13.316176819801331,
    18.03136684447527,
    20.50442856326699,
    24.178213252127172,
    24.54010488518647,
    26.154654659330845,
    31.53815802457658,
    30.37241817233355,
    34.033890865065835,
    30.757655831134837,
    37.44811842929233,
    40.23738026424594,
    39.30347770322924,
    34.27769560694694,
    37.28985370695591,
    37.705421979427335,
    35.24351829806199,
    38.84820345044136,
    44.368670835494996,
    42.48895072221756,
    39.98026977589837,
    43.925365591851566,
    46.175920437161736,
    36.96100715973547,
    41.72262396982738,
    37.99993298202753,
    40.41225882566401,
    37.64524507575801,
    34.87009288022916,
    39.63629949837923,
    36.76213755210241
  ],
  "epoch_solved_rates": [
    0.0,
    0.0,
    0.0,
    0.0,
    0.0,
    0.0,
    0.0,
    0.0,
    0.0,
    0.0,
    0.0,
    0.0,
    0.0,
    0.0,
    0.0,
    0.0,
    0.0,
    0.0,
    0.0,
    0.0,
    0.0,
    0.0,
    0.0,
    0.0,
    0.0,
    0.0,
    0.0,
    0.0,
    0.0,
    0.0,
    0.0,
    0.0,
    0.0,
    0.0,
    0.0,
    0.0,
    0.0,
    0.0,
    0.0,
    0.0,
    0.0,
    0.0,
    0.0,
    0.0,
    0.0,
    0.0,
    0.0,
    0.0,
    0.0,
    0.0,
    0.0,
    0.0,
    0.0,
    0.0,
    0.0,
    0.0,
    0.0,
    0.0,
    0.0,
    0.0,
    0.0,
    0.0,
    0.0,
    0.0,
    0.0,
    0.0,
    0.0,
    0.0,
    0.0,
    0.0,
    0.0,
    0.0,
    0.0,
    0.0,
    0.0,
    0.0,
    0.0,
    0.0,
    0.0,
    0.0,
    0.0,
    0.0,
    0.0,
    0.0,
    0.0,
    0.0,
    0.0,
    0.0,
    0.0,
    0.0,
    0.0,
    0.0,
    0.0,
    0.0,
    0.0,
    0.0,
    0.0,
    0.0,
    0.0,
    0.0,
    0.0,
    0.0,
    0.0,
    0.0,
    0.0,
    0.0,
    0.0,
    0.0,
    0.0,
    0.0,
    0.0,
    0.0,
    0.0,
    0.0,
    0.0,
    0.0,
    0.0,
    0.0,
    0.0,
    0.0,
    0.1,
    0.1,
    0.25,
    0.7619047619047619,
    0.55,
    0.9545454545454546,
    0.9130434782608695,
    0.7727272727272727,
    0.8260869565217391,
    1.0,
    0.9565217391304348,
    1.0,
    0.88,
    0.75,
    0.96,
    0.9230769230769231,
    0.9615384615384616,
    0.92,
    0.96,
    1.0,
    0.9615384615384616,
    0.8846153846153846,
    1.0,
    0.9642857142857143,
    0.8571428571428571,
    0.9642857142857143,
    0.9285714285714286,
    1.0,
    0.9285714285714286,
    1.0
  ],
  "wall_time_sec": 305.2158167362213,
  "config": {
    "epochs": 150,
    "steps_per_epoch": 4000,
    "max_ep_len": 200,
    "clip_ratio": 0.2,
    "pi_lr": 0.0003,
    "vf_lr": 0.001,
    "train_pi_iters": 80,
    "train_v_iters": 80,
    "gamma": 0.99,
    "lam": 0.95,
    "ent_coef": 0.0,
    "hidden_size": 64,
    "max_speed": 0.04,
    "log_every": 5,
    "record_every": 10
  }
}