{
  "algorithm": "safe_ppo",
  "seed": 0,
  "epochs": 150,
  "epoch_returns": [
    -178.75869366526604,
    -179.44596580862998,
    -182.18146968483924,
    -180.46447175741196,
    -175.72168676257132,
    -175.62250612676144,
    -173.5661800056696,
    -174.69993035793306,
    -176.48675939142703,
    -174.29050022065638,
    -169.39211119115353,
    -174.37626865804197,
    -174.21569142639638,
    -177.1588758945465,
    -177.0896978676319,
    -177.02273301780224,
    -173.87574377655983,
    -175.53353244364263,
    -176.38810562491417,
    -175.15757104754448,
    -166.3177624017,
    -166.484122723341,
    -161.53171450793744,
    -169.88029200732709,
    -171.77513268887998,
    -161.36265869438648,
    -160.16932115256787,
    -158.49419537782668,
    -160.34600715339184,
    -155.38429233431816,
    -156.68787380456925,
    -160.75750800073146,
    -158.09062425494193,
    -167.98914447128772,
    -151.6452901482582,
    -151.1087075829506,
    -147.52529285550116,
    -138.24800677895547,
    -141.1825804412365,
    -149.10239147245883,
    -143.14062864780425,
    -140.90926896631717,
    -138.94094852805136,
    -132.3193743377924,
    -131.31916532814503,
    -141.51328997612,
    -144.1851712077856,
    -147.48436501324176,
    -139.31140986979008,
    -128.91353975236416,
    -138.93756047785283,
    -122.49904178380966,
    -121.72338812053204,
    -109.2814509421587,
    -119.8995025217533,
    -116.72405682504177,
    -89.39198558926583,
    -85.32041192650794,
    -59.42036333978176,
    -75.17381255924701,
    -73.0430005311966,
    -65.04781852662563,
    -32.0094025958152,
    -30.52818981238774,
    -47.732718107104304,
    -48.56322704553604,
    -44.33518383900324,
    -8.752033119851893,
    -9.197114280291967,
    -11.662526005790347,
    5.8984973306457205,
    18.59209926366806,
    -2.278750435165737,
    17.143013153076172,
    29.379023973430908,
    14.050732681044826,
    23.437133539606023,
    22.607280058520182,
    27.671669963995615,
    36.54013338312507,
    39.888672940433025,
    39.66191746150294,
    38.16186638609056,
    40.35956792347133,
    41.59818065708334,
    34.77105871587992,
    47.322848330525794,
    42.0509304865714,
    43.37485078428731,
    46.07303387607847,
    41.22503469568311,
    44.66271298943144,
    42.474480186447956,
    47.48595539563232,
    49.08073058062129,
    42.7139594912529,
    44.070962125764176,
    43.88748874559122,
    45.8419460091326,
    49.271386657890524,
    46.367288635458266,
    49.371639335477674,
    48.315327054745445,
    47.32086882397935,
    43.36158023391451,
    47.07180460079296,
    48.4101141562333,
    43.74267425431925,
    40.94764741729288,
    44.85170012878047,
    45.21711297995515,
    46.8921085447073,
    46.01141911583978,
    47.55223477200458,
    47.95639742796238,
    46.05267271480045,
    44.485854928692184,
    44.2784656782945,
    46.146055750156705,
    49.2846215168635,
    49.357945899705626,
    42.90214833872659,
    44.20014896161027,
    45.35618990816568,
    45.08125279239706,
    47.52221328804367,
    46.890719818763245,
    49.93967326879501,
    53.00861276359093,
    47.52217377016419,
    46.51818955415174,
    43.37592971149613,
    41.66991762604032,
    44.227883780996,
    46.46838606658735,
    48.44951219935166,
    50.534001886844635,
    51.67272803875116,
    49.38192770669335,
    49.36803617385718,
    47.90755001024196,
    46.26441689070902,
    47.1295544230021,
    45.96510482304975,
    45.96079939290097,
    47.258419291393174,
    45.299583836181746,
    47.46196029637311,
    50.84620275646448,
    42.10634226401647
  ],
  "epoch_costs": [
    0.0,
    0.0,
    0.0,
    0.0,
    0.0,
    0.0,
    0.0,
    0.0,
    0.0,
    0.0,
    0.0,
    0.0,
    0.0,
    0.0,
    0.0,
    0.0,
    0.0,
    0.0,
    0.0,
    0.0,
    0.0,
    0.0,
    0.0,
    0.0,
    0.0,
    0.0,
    0.0,
    0.0,
    0.014918707311153412,
    0.0,
    0.0,
    0.0,
    0.0,
    0.0,
    0.0,
    0.0,
    0.4479348108172417,
    0.6652795277535916,
    0.2518449954688549,
    0.0,
    0.21472349762916565,
    0.7987316675484181,
    0.21784652173519134,
    0.773572738468647,
    1.0145310848951339,
    0.5097732275724411,
    0.004446767270565033,
    0.047488436102867126,
    0.35798452645540235,
    0.9387846119701863,
    1.3295493803918361,
    2.813278578966856,
    2.918240051716566,
    5.427999431639909,
    3.822388107329607,
    5.9756328038871285,
    9.071814156323672,
    8.07471654638648,
    13.101745127141475,
    9.908012314885855,
    14.365982213616372,
    11.528373603522777,
    17.05299333873249,
    17.93747648171016,
    14.714057697355747,
    14.68769597262144,
    11.697588118059295,
    19.23029889505018,
    30.706682309508324,
    27.331270156871703,
    26.111342209701736,
    21.675915165543557,
    28.016786818918973,
    23.032968723773955,
    21.280838195234537,
    24.71466737323337,
    24.990507766604424,
    26.5731212039079,
    22.372612318893275,
    17.076656353659928,
    14.515364667866379,
    26.0140345072554,
    28.881142499466097,
    28.5181488590315,
    24.61876122337399,
    27.462657783646137,
    20.367975372163688,
    31.52732035229283,
    27.356699391747966,
    19.93643090937819,
    25.29623597499096,
    24.297256531137407,
    22.544065367543336,
    19.11877955744664,
    17.463675021711325,
    20.293912264704705,
    26.102308917133247,
    22.526328795534724,
    20.880485620763565,
    15.504508691398721,
    20.941686305829457,
    17.721242561533643,
    15.170445990723533,
    15.606326017025355,
    23.745538842252323,
    15.004567346057376,
    17.15539843971665,
    24.14261881437372,
    25.458779055406065,
    18.94255528681808,
    17.802672485096586,
    20.44792290073302,
    15.663562629673931,
    14.85884779417201,
    13.71256332940016,
    17.127449913202106,
    21.028176205853622,
    22.204577319737936,
    13.727031485030526,
    9.998454855802732,
    16.68478696249627,
    23.025132438966207,
    21.644969841672314,
    17.364227489421243,
    19.995380503905785,
    18.410863181870234,
    14.629297620210892,
    11.11206141076982,
    9.182466891480654,
    13.958059626582422,
    17.292426545761135,
    25.593821556690862,
    24.45281410557883,
    17.686193937642706,
    12.940771002910639,
    12.728603412446223,
    10.50364924585208,
    10.304438275404465,
    13.770017152161975,
    13.039591265412477,
    14.204272063547059,
    16.841046165870992,
    12.355377887304012,
    14.517150416578117,
    13.280421541709648,
    17.237794396442336,
    18.269301803933608,
    13.961680817845705,
    11.019422956556081,
    37.43735717386007
  ],