{
  "algorithm": "safe_ppo",
  "seed": 1,
  "epochs": 150,
  "epoch_returns": [
    -181.15941573381423,
    -178.79595949947833,
    -175.92271605432035,
    -172.35316261947156,
    -175.45194408893585,
    -173.38775244355202,
    -177.84729968607425,
    -175.90750780999662,
    -169.39330858588218,
    -169.54325636029245,
    -163.62050944566727,
    -169.45960501134397,
    -165.65378558039666,
    -164.02270756065846,
    -160.34395051300527,
    -162.94942011833191,
    -164.2699021846056,
    -167.21758529245852,
    -164.6366765588522,
    -160.5881479293108,
    -162.8624556452036,
    -164.91974729299545,
    -161.7759923994541,
    -155.56181406974792,
    -155.5648710012436,
    -159.18852864801883,
    -154.48821407854558,
    -158.31558424830436,
    -160.88320960104465,
    -159.6401082366705,
    -163.45132350325585,
    -162.04599658548833,
    -159.04856697618962,
    -156.38495710492134,
    -153.8624229043722,
    -154.70178357958793,
    -153.41493994891644,
    -150.37084543704987,
    -148.9044382363558,
    -148.619996291399,
    -150.1792607665062,
    -149.59650553464888,
    -151.09604345858097,
    -150.37442483305932,
    -150.43900673389436,
    -151.8510518670082,
    -158.67968295514584,
    -157.89956229925156,
    -160.78910750448705,
    -157.835541716218,
    -155.44422689080238,
    -153.2947172522545,
    -151.17401742637156,
    -154.98727371096612,
    -149.5508064776659,
    -150.07819220721723,
    -149.78717034459115,
    -151.69879594147204,
    -147.00437801480294,
    -143.19069273769855,
    -147.6799147516489,
    -143.26280761361122,
    -141.00633069574832,
    -152.35538856089116,
    -140.95801463127137,
    -141.36940603256227,
    -143.01870476305484,
    -138.6236341238022,
    -146.5286058396101,
    -139.56183142066,
    -136.90813827812673,
    -140.21321053504943,
    -131.45618467628955,
    -127.37539084553718,
    -106.76370266079903,
    -107.01843677163124,
    -47.70534676015377,
    -58.42673449516296,
    -79.34862969219685,
    -89.18321377933026,
    -73.90111014842986,
    -11.678623485565186,
    -41.229520657658576,
    -4.473744957219987,
    -21.21556303203106,
    -9.814983580793653,
    -34.64445036351681,
    -25.056321343779565,
    -7.492484600771041,
    -40.04015262126923,
    -9.720315030642919,
    -47.69648911654949,
    -59.97197797298431,
    -32.316234189271924,
    -53.45656110346317,
    -63.085245829820636,
    -23.056240770220757,
    -31.75701659350168,
    -8.353467342399416,
    6.827823292125355,
    -15.251992983477455,
    6.180390423252469,
    0.24889749830419367,
    22.266816668510437,
    1.8162605599923567,
    11.915595184201779,
    12.782653905451298,
    6.2862478365068855,
    -2.9229308859161707,
    25.682739184452938,
    15.720052281151647,
    -4.479231986132535,
    4.6491765244440595,
    19.33727733726087,
    -16.959891920739953,
    -10.417007965346178,
    4.1813132762908936,
    -24.150380704713903,
    -37.65071288834918,
    -14.86891038964192,
    -35.94417182777239,
    -23.93069918047298,
    -13.741273934841155,
    -12.63408046712478,
    -67.46681899916042,
    -99.11603271365166,
    -90.06275650560856,
    -84.25940008759498,
    -86.26569750308991,
    -70.27793778408142,
    -42.14695547114719,
    -57.21600482951511,
    -48.29737968065522,
    -50.10848970846696,
    -62.27971291542053,
    -39.59157707639363,
    -15.794943491617838,
    -16.127130789061386,
    -17.008259659012158,
    -29.257952362298965,
    -97.87539314329624,
    -103.47154144644738,
    -99.95017643868923,
    -77.32680924534797,
    -69.3284220071066,
    -66.36688055594762,
    -44.112663196480796,
    -55.44162356853485,
    -61.79484418744133,
    -29.043320422371227
  ],
  "epoch_costs": [
    0.0,
    0.0,
    0.0,
    0.0,
    0.0,
    0.0,
    0.0,
    0.0,
    0.0,
    0.0,
    0.0,
    0.0,
    0.0,
    0.0,
    0.0,
    0.0,
    0.0,
    0.0,
    0.0,
    0.0,
    0.0,
    0.0,
    0.0,
    0.0,
    0.0,
    0.0,
    0.0,
    0.0,
    0.0,
    0.0,
    0.0,
    0.0,
    0.0,
    0.0,
    0.0,
    0.0,
    0.0,
    0.0,
    0.0,
    0.0,
    0.0,
    0.0,
    0.0,
    0.0,
    0.0,
    0.0,
    0.0,
    0.0,
    0.0,
    0.0,
    0.0,
    0.0,
    0.0,
    0.0,
    0.0,
    0.0,
    0.0,
    0.0,
    0.0,
    0.0,
    0.0,
    0.03037877380847931,
    0.0,
    0.0,
    0.2835480123758316,
    0.17009420394897462,
    0.0,
    0.01176055520772934,
    0.0,
    0.0,
    0.31276568695902823,
    0.15285748839378357,
    1.7621278442442416,
    2.3972514152526854,
    4.927899589389563,
    5.892679630219936,
    11.507012280821801,
    10.610807298868895,
    8.802646254003047,
    9.147362000495196,
    9.784176602214576,
    15.796370223909616,
    16.87232051193714,
    14.173482487599054,
    18.468856523931027,
    16.83807819159258,
    17.900685312598945,
    15.701946031302214,
    19.593661481425876,
    18.226577001810075,
    14.721415370702744,
    12.18286751806736,
    12.32535287514329,
    14.485087775439023,
    10.843299043178558,
    10.636150766164064,
    12.413626871258021,
    13.347013418163572,
    13.00705972313881,
    14.873303340917284,
    16.204144851082848,
    14.40650300610633,
    13.854769620028408,
    8.249560894966125,
    12.179386140947992,
    10.681004284516625,
    8.925137170900902,
    9.142168112423109,
    7.72453161879726,
    6.75576249567362,
    7.479258128482362,
    7.779105625369332,
    6.631826108152216,
    6.289835275515266,
    6.048339878970927,
    4.697746646900971,
    3.463199065923691,
    3.865211361128351,
    3.614020243964412,
    2.3633443973958492,
    2.7981548257496045,
    2.0263540534810587,
    1.0437820941209792,
    1.3772759263714154,
    1.1697860394011845,
    0.5683793321251869,
    0.6460065945982933,
    0.9389649741351604,
    1.128222219645977,
    0.820970533149583,
    0.5934247069738128,
    0.3691592169078914,
    0.24884998459707608,
    0.20858777517622168,
    0.27962843222277506,
    0.33510638319927716,
    0.4042931975175937,
    0.2921324533720811,
    0.30568034077684086,
    0.285578736414512,
    0.0,
    0.0,
    0.0,
    0.008841603994369507,
    0.05497221081029801,
    0.11725051417237237,
    0.07676945432372716,
    0.24238015372644772,
    0.14684547980626425,
    0.06532279464105765
  ],