{
  "algorithm": "ppo",
  "seed": 0,
  "epochs": 150,
  "epoch_returns": [
    -181.16702820658685,
    -179.0954785823822,
    -180.73368895947934,
    -178.02335723638535,
    -175.0128768771887,
    -176.83549644351007,
    -173.8058252096176,
    -169.73740701973438,
    -167.67703668177128,
    -168.6797833263874,
    -166.17400142252444,
    -168.84152629971504,
    -165.19255425333978,
    -172.67947503626345,
    -165.28107700645924,
    -167.74568413197994,
    -164.67049709558486,
    -160.38993705809116,
    -161.64143718779087,
    -154.53805956542493,
    -154.44653128385545,
    -155.30560107827188,
    -153.29021227955818,
    -154.51094438433648,
    -152.13352621495724,
    -150.99191196858882,
    -152.5526236206293,
    -151.9596485197544,
    -151.93313499093057,
    -148.0513168156147,
    -148.9301903575659,
    -139.88470923006534,
    -135.54304959774018,
    -146.92650569081306,
    -137.42695030868055,
    -135.99460770785808,
    -136.57457554042338,
    -135.89954670369625,
    -133.3190512806177,
    -132.50888274013997,
    -125.35455680787564,
    -105.59383323192597,
    -83.40676644742489,
    -62.95994786322117,
    -64.5128215700388,
    -69.44729112386703,
    -115.16205167472363,
    -85.24974818527699,
    -38.75888988673687,
    -71.13412469057809,
    -65.83072118461132,
    -63.54275170110521,
    -40.8829382956028,
    -25.946143649873278,
    -37.518578905950896,
    -8.294720395044846,
    -29.632532397905987,
    10.496667593717575,
    3.144609860398553,
    -5.946916512821032,
    10.655630383802498,
    -0.21538146941558176,
    11.60796383023262,
    3.794145397517992,
    2.8239472856124244,
    6.2179015800356865,
    0.5887451845666637,
    21.631544204858635,
    22.50577544953142,
    22.21166056394577,
    12.15127969533205,
    28.22683213375233,
    32.19902577144759,
    25.63226505782869,
    23.607468660061176,
    27.22621943332531,
    35.33702999552091,
    32.77660262584686,
    35.82600701677388,
    29.539619377681188,
    33.72064020715911,
    30.439260144318855,
    33.68998737207481,
    35.44774241319725,
    33.81514621419566,
    36.46162179907163,
    40.3623562057813,
    38.578120631831034,
    39.3662536298075,
    38.20530543450651,
    38.29474802940123,
    39.73100065191587,
    44.54095794500843,
    44.53617648035288,
    42.76131349429488,
    42.97152327373624,
    44.12781445868313,
    42.452638046307996,
    48.35379426346885,
    47.65421024627156,
    47.97130751098905,
    51.808031448951134,
    50.03434119031236,
    44.04625248005896,
    44.86564175649123,
    44.42029484835538,
    46.234317181791575,
    42.02398954244221,
    42.1042538635871,
    45.090358638763426,
    47.46818459033966,
    50.72110771649593,
    51.1015248199304,
    50.57749786816145,
    49.00239600039817,
    48.24547801580694,
    47.43564827243487,
    49.12103204594718,
    47.44500275882515,
    49.19670346065571,
    50.47320362141258,
    48.03792841294233,
    48.98030100039073,
    49.36332326961888,
    47.851818481007136,
    51.7406863632955,
    50.175552881681,
    50.207558090870194,
    51.93109580247026,
    51.74987239104051,
    48.89492223552755,
    51.003599549594675,
    47.40016081526473,
    46.495451522840035,
    42.78281909928602,
    46.42262531008039,
    38.70860665014812,
    37.30098788878497,
    42.72518985304568,
    43.67442161650271,
    45.77362486800632,
    45.83616625478393,
    47.75533329982024,
    47.18100152871548,
    48.374204435409645,
    48.83306089984743,
    50.875552776532295,
    49.05840988126066,
    49.81807232730918,
    53.46963360982063
  ],
  "epoch_costs": [
    0.0,
    0.0,
    0.0,
    0.0,
    0.0,
    0.0,
    0.0,
    0.0,
    0.0,
    0.0,
    0.0,
    0.0,
    0.0,
    0.0,
    0.0,
    0.0,
    0.0,
    0.0,
    0.0,
    0.0,
    0.0,
    0.0,
    0.0,
    0.0,
    0.0,
    0.0,
    0.0,
    0.0,
    0.0,
    0.0,
    0.0,
    0.36747872829437245,
    0.5853700213134287,
    0.12403041422367089,
    0.7606952771544455,
    0.5796977311372755,
    0.5004616133868693,
    1.7075247198343277,
    1.5820774935185908,
    1.6589693851768967,
    1.8631269238889214,
    3.688688562810421,
    4.729625476151704,
    7.13685871064663,
    7.441654424369335,
    12.384987208247185,
    5.728148506581784,
    11.486576127260923,
    13.264227724075317,
    9.058353627721468,
    12.343166130036115,
    11.902662004743304,
    21.116971446573736,
    20.184628493729093,
    15.813014350154184,
    28.856391269374978,
    31.26462324886095,
    37.518359039994806,
    37.87193594195626,
    34.98723820758902,
    34.10214694297832,
    40.94893092824065,
    35.117615984752774,
    35.35974700036256,
    34.70929446506003,
    39.4699779531608,
    39.05016860560231,
    40.207416381400364,
    24.3920314657901,
    30.77180016384675,
    43.06412462207178,
    40.66064671785743,
    29.565877686653817,
    31.26580172114902,
    39.686366991354866,
    36.615620784737445,
    32.47464218040307,
    43.192847847386645,
    33.40268523014825,
    42.05933548190764,
    36.66433662330282,
    41.137093607868465,
    37.1664983097996,
    43.82431899969067,
    39.70486915643726,
    30.32338927735885,
    34.08560450474421,
    43.17077123480184,
    30.87078666014056,
    40.396014464312586,
    36.58360075854486,
    40.407469461361565,
    40.515428605098876,
    35.3890792154707,
    35.477241451852024,
    34.68076451867819,
    32.88542327005416,
    31.17003710251866,
    24.209872754911583,
    26.249572290314568,
    25.986201241612434,
    14.846744033006521,
    22.006690334226633,
    36.10850536145947,
    34.152607289679125,
    33.248643106583394,
    28.35283116527966,
    31.409275112783206,
    29.304206703515614,
    30.52979477090495,
    23.853004695226748,
    20.770222843901532,
    19.36734437156055,
    17.25409378974061,
    22.844277466873866,
    27.8046543656124,
    27.78385774170359,
    26.435542561941677,
    23.443314778643686,
    21.10203866739022,
    21.1784775951191,
    27.465088359135038,
    27.735673817566465,
    26.915891508675283,
    24.38612021465559,
    17.509718927897904,
    20.602974709792015,
    18.96954416923034,
    20.005179198948962,
    17.265712381937565,
    22.35205755201546,
    19.763978306792286,
    25.74551777984645,
    25.308236396795994,
    34.88481291865601,
    33.33394595044,
    26.25482360805784,
    29.745954306248358,
    22.34571524005797,
    21.771703950456672,
    22.043451659180022,
    16.020332165062428,
    19.441728804738094,
    17.711581497620312,
    16.49186662068734,
    17.857238338181848,
    15.350986834519949,
    23.580549326621824,
    25.577472033600014,
    14.967259185054363
  ],